#Time		#Wave		#Intensity
0.000000	2681.806152	-396.473419
0.000000	2680.073730	-80.685822
0.000000	2678.340332	-15.297282
0.000000	2676.606934	-11.121513
0.000000	2674.872559	2.779433
0.000000	2673.138184	8.335461
0.000000	2671.402832	-2.777541
0.000000	2669.666504	5.553191
0.000000	2667.930176	191.519836
0.000000	2666.192871	209.490158
0.000000	2664.455566	212.192505
0.000000	2662.717285	209.347336
0.000000	2660.978027	235.608673
0.000000	2659.238770	217.517288
0.000000	2657.498535	218.828018
0.000000	2655.758301	254.750687
0.000000	2654.017090	233.903030
0.000000	2652.274902	253.193069
0.000000	2650.532715	225.444611
0.000000	2648.789551	246.106857
0.000000	2647.045410	241.876221
0.000000	2645.301270	245.938492
0.000000	2643.556152	241.710693
0.000000	2641.811035	240.247192
0.000000	2640.064941	245.685913
0.000000	2638.318848	233.183670
0.000000	2636.570801	263.448608
0.000000	2634.823730	248.191025
0.000000	2633.074707	239.835693
0.000000	2631.325684	250.776535
0.000000	2629.575684	256.200134
0.000000	2627.825684	256.112152
0.000000	2626.074707	265.659485
0.000000	2624.323730	253.184189
0.000000	2622.571777	270.979034
0.000000	2620.818848	250.260010
0.000000	2619.065918	240.551849
0.000000	2617.312012	248.713730
0.000000	2615.557129	270.606293
0.000000	2613.802246	240.303513
0.000000	2612.046387	236.102676
0.000000	2610.290527	277.187805
0.000000	2608.533691	272.977051
0.000000	2606.775879	282.481812
0.000000	2605.018066	274.159576
0.000000	2603.259277	271.324310
0.000000	2601.499512	284.929169
0.000000	2599.739746	295.785828
0.000000	2597.979004	284.732422
0.000000	2596.218262	268.212830
0.000000	2594.456543	280.431763
0.000000	2592.693848	298.112122
0.000000	2590.931152	280.237823
0.000000	2589.167480	256.909668
0.000000	2587.403809	273.213562
0.000000	2585.638184	327.742737
0.000000	2583.873535	279.849976
0.000000	2582.106934	267.471161
0.000000	2580.340332	275.563507
0.000000	2578.572754	293.196106
0.000000	2576.805176	286.278259
0.000000	2575.036621	305.257538
0.000000	2573.268066	276.543640
0.000000	2571.498535	296.874786
0.000000	2569.728027	270.906250
0.000000	2567.956543	299.390320
0.000000	2566.185059	291.123901
0.000000	2564.413574	312.781403
0.000000	2562.640137	290.921478
0.000000	2560.866699	296.256165
0.000000	2559.093262	313.813568
0.000000	2557.317871	289.259827
0.000000	2555.543457	317.667755
0.000000	2553.767090	310.771698
0.000000	2551.990723	312.019989
0.000000	2550.213379	306.486694
0.000000	2548.436035	287.400543
0.000000	2546.657715	318.469666
0.000000	2544.878418	326.486847
0.000000	2543.099121	318.247406
0.000000	2541.318848	300.537262
0.000000	2539.537598	320.731781
0.000000	2537.756348	328.736664
0.000000	2535.974121	335.383545
0.000000	2534.191895	335.266296
0.000000	2532.408691	327.040588
0.000000	2530.624512	321.522430
0.000000	2528.839355	333.564056
0.000000	2527.054199	345.597198
0.000000	2525.269043	346.825684
0.000000	2523.481934	341.308014
0.000000	2521.694824	312.868408
0.000000	2519.907715	328.935913
0.000000	2518.119629	318.039581
0.000000	2516.330566	350.259674
0.000000	2514.540527	335.323303
0.000000	2512.750488	363.475952
0.000000	2510.959473	322.976288
0.000000	2509.168457	351.113373
0.000000	2507.376465	357.713959
0.000000	2505.583496	314.570099
0.000000	2503.789551	331.929474
0.000000	2501.995605	349.276581
0.000000	2500.201660	342.439209
0.000000	2498.405762	363.797516
0.000000	2496.609863	351.591888
0.000000	2494.813965	334.028809
0.000000	2493.016113	337.934174
0.000000	2491.219238	369.987976
0.000000	2489.420410	372.537689
0.000000	2487.621582	363.029205
0.000000	2485.821777	370.935883
0.000000	2484.020996	377.498230
0.000000	2482.220215	378.703186
0.000000	2480.418457	363.854767
0.000000	2478.616699	382.447479
0.000000	2476.813965	413.057770
0.000000	2475.010254	400.885254
0.000000	2473.205566	380.706390
0.000000	2471.400879	417.961273
0.000000	2469.596191	387.111481
0.000000	2467.789551	374.964966
0.000000	2465.982910	393.507172
0.000000	2464.175293	385.367157
0.000000	2462.367676	389.229614
0.000000	2460.559082	391.756714
0.000000	2458.749512	394.281952
0.000000	2456.939941	410.120941
0.000000	2455.129395	415.299866
0.000000	2453.317871	397.854523
0.000000	2451.506348	392.392792
0.000000	2449.693848	369.649078
0.000000	2447.880371	405.406250
0.000000	2446.066895	423.864471
0.000000	2444.252441	403.790039
0.000000	2442.437012	406.302094
0.000000	2440.621582	411.466919
0.000000	2438.805176	425.915833
0.000000	2436.988770	446.986237
0.000000	2435.170410	415.005676
0.000000	2433.352051	397.627441
0.000000	2431.533691	414.710266
0.000000	2429.714355	425.158417
0.000000	2427.894043	411.766846
0.000000	2426.072754	447.355621
0.000000	2424.251465	406.181122
0.000000	2422.429199	420.584808
0.000000	2420.605957	416.468414
0.000000	2418.782715	469.185822
0.000000	2416.958496	426.740662
0.000000	2415.134277	438.474670
0.000000	2413.308105	458.121582
0.000000	2411.482910	481.713654
0.000000	2409.655762	430.089142
0.000000	2407.828613	439.167145
0.000000	2406.000488	435.055054
0.000000	2404.171387	471.800018
0.000000	2402.342285	426.839417
0.000000	2400.512207	451.708405
0.000000	2398.681152	444.964355
0.000000	2396.850098	480.336792
0.000000	2395.018066	488.057831
0.000000	2393.186035	465.527130
0.000000	2391.352051	457.472809
0.000000	2389.518066	495.417847
0.000000	2387.684082	484.731079
0.000000	2385.848145	501.628296
0.000000	2384.012207	433.188293
0.000000	2382.176270	480.272736
0.000000	2380.338379	489.282501
0.000000	2378.500488	466.815033
0.000000	2376.662598	457.471649
0.000000	2374.822754	476.962280
0.000000	2372.982910	510.847260
0.000000	2371.143066	476.619324
0.000000	2369.301270	473.830017
0.000000	2367.459473	455.341187
0.000000	2365.616699	481.336914
0.000000	2363.773926	513.851318
0.000000	2361.930176	478.376221
0.000000	2360.085449	501.722107
0.000000	2358.240723	515.908325
0.000000	2356.394043	477.859222
0.000000	2354.548340	480.297211
0.000000	2352.700684	498.389557
0.000000	2350.853027	506.035004
0.000000	2349.004395	501.941162
0.000000	2347.154785	506.973022
0.000000	2345.305176	500.275940
0.000000	2343.454590	480.560272
0.000000	2341.604004	499.914520
0.000000	2339.751465	504.939392
0.000000	2337.898926	511.261444
0.000000	2336.046387	477.264862
0.000000	2334.191895	561.590820
0.000000	2332.337402	525.001343
0.000000	2330.481934	526.110352
0.000000	2328.626465	528.517029
0.000000	2326.770020	493.276947
0.000000	2324.912598	519.050781
0.000000	2323.054199	514.971191
0.000000	2321.195801	523.861328
0.000000	2319.336426	540.522217
0.000000	2317.477051	528.664429
0.000000	2315.616699	501.271820
0.000000	2313.755371	547.702942
0.000000	2311.893066	555.270081
0.000000	2310.030762	530.485046
0.000000	2308.167480	578.147949
0.000000	2306.303223	558.544006
0.000000	2304.437988	551.878723
0.000000	2302.572754	549.094116
0.000000	2300.707520	539.853821
0.000000	2298.840332	542.239563
0.000000	2296.973145	570.434937
0.000000	2295.104980	557.326233
0.000000	2293.235840	549.385498
0.000000	2291.366699	573.679626
0.000000	2289.496582	528.366211
0.000000	2287.625488	591.296875
0.000000	2285.754395	553.736389
0.000000	2283.882324	575.418396
0.000000	2282.009277	594.510864
0.000000	2280.136230	567.280579
0.000000	2278.261230	577.360657
0.000000	2276.387207	601.572754
0.000000	2274.511230	592.358521
0.000000	2272.635254	587.004272
0.000000	2270.758301	606.049866
0.000000	2268.880371	604.544922
0.000000	2267.002441	594.059387
0.000000	2265.123535	596.407410
0.000000	2263.243652	606.446289
0.000000	2261.362793	606.224426
0.000000	2259.481934	580.378784
0.000000	2257.600098	613.465088
0.000000	2255.718262	601.718201
0.000000	2253.834473	616.855225
0.000000	2251.950684	660.125916
0.000000	2250.065918	586.989868
0.000000	2248.181152	627.682739
0.000000	2246.295410	607.006104
0.000000	2244.408691	627.222473
0.000000	2242.520996	612.945679
0.000000	2240.633301	640.803833
0.000000	2238.744629	630.360352
0.000000	2236.854980	610.995422
0.000000	2234.965332	619.696716
0.000000	2233.074707	619.469055
0.000000	2231.183105	630.708862
0.000000	2229.290527	643.213928
0.000000	2227.397949	589.502075
0.000000	2225.504395	608.376587
0.000000	2223.610840	641.232239
0.000000	2221.715332	649.898987
0.000000	2219.819824	639.489014
0.000000	2217.923340	659.587646
0.000000	2216.026855	640.288513
0.000000	2214.128418	659.101868
0.000000	2212.229980	667.745361
0.000000	2210.331543	664.961182
0.000000	2208.431152	663.447510
0.000000	2206.530762	663.202820
0.000000	2204.629395	656.620178
0.000000	2202.728027	643.706482
0.000000	2200.824707	654.868958
0.000000	2198.921387	657.159607
0.000000	2197.018066	674.637207
0.000000	2195.112793	669.326904
0.000000	2193.207520	651.372437
0.000000	2191.301270	675.153992
0.000000	2189.395020	690.070801
0.000000	2187.486816	684.762024
0.000000	2185.578613	693.349243
0.000000	2183.669434	674.155762
0.000000	2181.760254	675.168274
0.000000	2179.850098	719.071899
0.000000	2177.938965	673.407349
0.000000	2176.026855	692.066895
0.000000	2174.114746	696.851013
0.000000	2172.201660	699.112061
0.000000	2170.287598	698.852905
0.000000	2168.372559	704.887451
0.000000	2166.457520	695.818176
0.000000	2164.541504	690.528870
0.000000	2162.624512	707.875244
0.000000	2160.706543	710.126221
0.000000	2158.788574	745.041565
0.000000	2156.869629	690.760010
0.000000	2154.950684	744.488220
0.000000	2153.029785	727.896667
0.000000	2151.108887	737.662354
0.000000	2149.187012	746.166504
0.000000	2147.265137	744.635437
0.000000	2145.341309	744.358459
0.000000	2143.417480	742.828857
0.000000	2141.492676	743.804565
0.000000	2139.567871	712.234436
0.000000	2137.642090	762.019775
0.000000	2135.714355	737.970825
0.000000	2133.787598	716.440247
0.000000	2131.858887	753.669250
0.000000	2129.930176	737.146118
0.000000	2128.000488	776.837158
0.000000	2126.069824	731.602539
0.000000	2124.139160	765.025696
0.000000	2122.207520	762.245178
0.000000	2120.274902	816.831787
0.000000	2118.341309	777.882080
0.000000	2116.407715	785.068420
0.000000	2114.473145	752.387634
0.000000	2112.537598	823.083435
0.000000	2110.601074	822.775818
0.000000	2108.664551	795.094116
0.000000	2106.727051	793.552979
0.000000	2104.788574	777.092651
0.000000	2102.849121	825.274353
0.000000	2100.909668	817.511047
0.000000	2098.969238	814.721130
0.000000	2097.027832	824.348022
0.000000	2095.086426	816.593140
0.000000	2093.143066	818.768372
0.000000	2091.199707	807.300720
0.000000	2089.256348	808.237793
0.000000	2087.311035	814.130554
0.000000	2085.365723	844.792786
0.000000	2083.419434	835.808289
0.000000	2081.472168	873.865540
0.000000	2079.523926	845.079590
0.000000	2077.575684	838.578125
0.000000	2075.626465	824.663147
0.000000	2073.676270	825.589355
0.000000	2071.726074	888.287048
0.000000	2069.773926	858.313660
0.000000	2067.821777	865.398132
0.000000	2065.869629	812.008423
0.000000	2063.915527	854.878784
0.000000	2061.961426	866.888489
0.000000	2060.006348	859.166382
0.000000	2058.050293	895.809021
0.000000	2056.093262	860.983215
0.000000	2054.136230	877.896790
0.000000	2052.178223	866.488892
0.000000	2050.219238	868.623169
0.000000	2048.260254	865.836121
0.000000	2046.299438	881.492188
0.000000	2044.338501	884.846741
0.000000	2042.376587	927.510254
0.000000	2040.414673	903.827881
0.000000	2038.451782	901.031738
0.000000	2036.486938	893.329102
0.000000	2034.523071	901.578369
0.000000	2032.557251	908.594971
0.000000	2030.591431	895.994751
0.000000	2028.623657	926.287476
0.000000	2026.655884	903.891296
0.000000	2024.688110	932.933411
0.000000	2022.718384	916.670593
0.000000	2020.748657	911.430359
0.000000	2018.777954	889.072815
0.000000	2016.806274	938.857788
0.000000	2014.834595	938.502502
0.000000	2012.861938	946.698059
0.000000	2010.888306	919.475769
0.000000	2008.913696	927.671936
0.000000	2006.938110	921.219727
0.000000	2004.962524	958.681274
0.000000	2002.985962	952.221802
0.000000	2001.008423	937.235535
0.000000	1999.029907	968.556213
0.000000	1997.051392	984.020935
0.000000	1995.071899	992.169312
0.000000	1993.091431	985.708191
0.000000	1991.109985	968.303650
0.000000	1989.128540	989.824036
0.000000	1987.145142	995.525818
0.000000	1985.161743	990.287415
0.000000	1983.178345	1020.276550
0.000000	1981.192993	1002.890686
0.000000	1979.207642	1029.210693
0.000000	1977.221313	1054.297241
0.000000	1975.234009	1001.747192
0.000000	1973.245728	1034.098511
0.000000	1971.257446	993.714050
0.000000	1969.268188	1016.352234
0.000000	1967.277954	1074.089722
0.000000	1965.286743	1033.735474
0.000000	1963.294556	1035.761719
0.000000	1961.302368	1055.929321
0.000000	1959.309204	1033.763550
0.000000	1957.315063	1045.455811
0.000000	1955.319946	1051.098022
0.000000	1953.324829	1039.827881
0.000000	1951.328735	1081.684692
0.000000	1949.331665	1035.414429
0.000000	1947.333618	1037.432007
0.000000	1945.334595	1055.123901
0.000000	1943.335571	1063.158813
0.000000	1941.335571	1072.392334
0.000000	1939.334595	1037.052979
0.000000	1937.332642	1071.573120
0.000000	1935.330688	1098.845459
0.000000	1933.327759	1144.142944
0.000000	1931.323853	1120.855469
0.000000	1929.318970	1107.202881
0.000000	1927.313110	1121.199951
0.000000	1925.307251	1108.758423
0.000000	1923.300415	1086.719849
0.000000	1921.292603	1119.913208
0.000000	1919.283813	1107.485718
0.000000	1917.274048	1074.677368
0.000000	1915.264282	1092.250000
0.000000	1913.253540	1138.572998
0.000000	1911.241821	1115.373901
0.000000	1909.229126	1142.490601
0.000000	1907.216431	1146.841064
0.000000	1905.202759	1117.681396
0.000000	1903.188110	1166.296875
0.000000	1901.172485	1128.781372
0.000000	1899.155884	1117.590576
0.000000	1897.139282	1174.513184
0.000000	1895.120728	1144.203003
0.000000	1893.102173	1168.835693
0.000000	1891.083618	1218.511475
0.000000	1889.063110	1224.008301
0.000000	1887.042603	1190.146973
0.000000	1885.020142	1175.384521
0.000000	1882.997681	1211.872681
0.000000	1880.975220	1249.523560
0.000000	1878.950806	1246.661499
0.000000	1876.926392	1267.606079
0.000000	1874.900024	1265.928467
0.000000	1872.873657	1286.848999
0.000000	1870.847290	1230.476685
0.000000	1868.818970	1254.959351
0.000000	1866.790649	1290.114502
0.000000	1864.760376	1274.179932
0.000000	1862.730103	1264.192505
0.000000	1860.699829	1255.399170
0.000000	1858.667603	1272.706909
0.000000	1856.635376	1285.258301
0.000000	1854.601196	1250.391479
0.000000	1852.567017	1318.624390
0.000000	1850.532837	1296.798218
0.000000	1848.496704	1314.055176
0.000000	1846.460571	1354.965942
0.000000	1844.422485	1342.613403
0.000000	1842.384399	1320.810425
0.000000	1840.345337	1313.208008
0.000000	1838.306274	1323.334351
0.000000	1836.265259	1300.382080
0.000000	1834.224243	1364.814209
0.000000	1832.182251	1340.682739
0.000000	1830.139282	1334.265503
0.000000	1828.095337	1320.777344
0.000000	1826.051392	1380.385376
0.000000	1824.006470	1386.921143
0.000000	1821.959595	1387.562012
0.000000	1819.913696	1384.669800
0.000000	1817.865845	1346.469849
0.000000	1815.817017	1382.420532
0.000000	1813.768188	1405.406128
0.000000	1811.718384	1339.026855
0.000000	1809.667603	1350.259277
0.000000	1807.615845	1365.006714
0.000000	1805.563110	1443.151978
0.000000	1803.510376	1346.340942
0.000000	1801.455688	1382.191895
0.000000	1799.401001	1394.557007
0.000000	1797.346313	1446.774780
0.000000	1795.289673	1398.162109
0.000000	1793.232056	1382.389282
0.000000	1791.174438	1393.562744
0.000000	1789.115845	1445.698486
0.000000	1787.056274	1484.921631
0.000000	1784.995728	1418.841309
0.000000	1782.934204	1463.890015
0.000000	1780.872681	1504.228027
0.000000	1778.810181	1465.087891
0.000000	1776.745728	1438.824463
0.000000	1774.682251	1458.110596
0.000000	1772.616821	1477.381348
0.000000	1770.550415	1497.803223
0.000000	1768.484009	1497.219849
0.000000	1766.416626	1503.630127
0.000000	1764.348267	1511.200317
0.000000	1762.278931	1496.634888
0.000000	1760.208618	1513.515137
0.000000	1758.137329	1507.105957
0.000000	1756.066040	1508.844849
0.000000	1753.993774	1516.396362
0.000000	1751.920532	1535.565918
0.000000	1749.846313	1504.755249
0.000000	1747.771118	1503.006348
0.000000	1745.695923	1497.775146
0.000000	1743.619751	1513.438843
0.000000	1741.541626	1491.964722
0.000000	1739.463501	1514.575928
0.000000	1737.385376	1532.531982
0.000000	1735.305298	1540.044556
0.000000	1733.225220	1557.975952
0.000000	1731.143188	1560.840332
0.000000	1729.061157	1498.885376
0.000000	1726.978149	1522.595703
0.000000	1724.894165	1579.826660
0.000000	1722.810181	1542.213623
0.000000	1720.724243	1602.858154
0.000000	1718.638306	1560.644165
0.000000	1716.551392	1616.614380
0.000000	1714.463501	1584.815674
0.000000	1712.374634	1520.734497
0.000000	1710.284790	1570.886719
0.000000	1708.194946	1638.292847
0.000000	1706.103149	1622.668457
0.000000	1704.011353	1594.383667
0.000000	1701.918579	1622.547241
0.000000	1699.824829	1702.488159
0.000000	1697.730103	1636.232544
0.000000	1695.635376	1647.092285
0.000000	1693.538696	1677.488892
0.000000	1691.442017	1634.306030
0.000000	1689.344360	1673.873779
0.000000	1687.245728	1639.912598
0.000000	1685.146118	1694.369507
0.000000	1683.046509	1730.423462
0.000000	1680.944946	1711.390381
0.000000	1678.843384	1662.560425
0.000000	1676.740845	1721.505981
0.000000	1674.637329	1662.398438
0.000000	1672.532837	1738.475342
0.000000	1670.427368	1713.750610
0.000000	1668.321899	1723.375000
0.000000	1666.214478	1726.128052
0.000000	1664.107056	1799.771729
0.000000	1661.998657	1767.059082
0.000000	1659.889282	1759.507568
0.000000	1657.778931	1769.093018
0.000000	1655.667603	1756.979248
0.000000	1653.556274	1775.686646
0.000000	1651.442993	1756.734619
0.000000	1649.329712	1787.969727
0.000000	1647.215454	1798.662720
0.000000	1645.100220	1854.922363
0.000000	1642.984009	1829.133545
0.000000	1640.867798	1790.841309
0.000000	1638.749634	1819.723267
0.000000	1636.631470	1756.437134
0.000000	1634.512329	1772.800293
0.000000	1632.392212	1777.783325
0.000000	1630.271118	1739.584839
0.000000	1628.149048	1796.822510
0.000000	1626.026001	1788.164673
0.000000	1623.902954	1772.703979
0.000000	1621.777954	1762.927124
0.000000	1619.652954	1821.197510
0.000000	1617.526978	1800.072998
0.000000	1615.400024	1763.101318
0.000000	1613.272095	1794.117554
0.000000	1611.143188	1809.257935
0.000000	1609.014282	1826.649414
0.000000	1606.884399	1787.461426
0.000000	1604.752563	1812.762939
0.000000	1602.620728	1788.305908
0.000000	1600.487915	1801.156616
0.000000	1598.354126	1803.830933
0.000000	1596.219360	1838.116577
0.000000	1594.084595	1826.101318
0.000000	1591.947876	1782.506470
0.000000	1589.811157	1794.204102
0.000000	1587.673462	1827.310181
0.000000	1585.534790	1855.882202
0.000000	1583.395142	1810.090210
0.000000	1581.254517	1880.304932
0.000000	1579.112915	1840.166016
0.000000	1576.971313	1842.810059
0.000000	1574.827759	1897.182495
0.000000	1572.684204	1912.166382
0.000000	1570.539673	1905.787720
0.000000	1568.394165	1841.004639
0.000000	1566.247681	1863.851318
0.000000	1564.100220	1868.721558
0.000000	1561.951782	1887.050415
0.000000	1559.803345	1882.934937
0.000000	1557.652954	1882.185425
0.000000	1555.502563	1900.485718
0.000000	1553.351196	1893.008057
0.000000	1551.198853	1894.493408
0.000000	1549.045532	1951.938599
0.000000	1546.891235	1857.182739
0.000000	1544.735962	1952.619629
0.000000	1542.580688	1950.723389
0.000000	1540.423462	1965.589722
0.000000	1538.266235	1917.891724
0.000000	1536.108032	1939.457764
0.000000	1533.948853	1944.264404
0.000000	1531.788696	1961.339111
0.000000	1529.627563	2029.699829
0.000000	1527.465454	2007.708740
0.000000	1525.302368	1974.591431
0.000000	1523.139282	1979.372192
0.000000	1520.974243	2044.274292
0.000000	1518.809204	1978.903809
0.000000	1516.643188	2058.216553
0.000000	1514.476196	2074.075195
0.000000	1512.308228	2057.682617
0.000000	1510.139282	2079.083984
0.000000	1507.969360	2078.252441
0.000000	1505.799438	2100.737793
0.000000	1503.627563	2041.073364
0.000000	1501.455688	2077.977295
0.000000	1499.281860	2076.036377
0.000000	1497.108032	2053.034180
0.000000	1494.933228	2055.536133
0.000000	1492.757446	2064.681885
0.000000	1490.580688	2066.068848
0.000000	1488.403931	2057.493652
0.000000	1486.225220	2010.202881
0.000000	1484.045532	2014.926392
0.000000	1481.865845	2057.230713
0.000000	1479.685181	2107.235596
0.000000	1477.502563	2069.939941
0.000000	1475.319946	2083.462891
0.000000	1473.136353	2113.529297
0.000000	1470.951782	2069.655029
0.000000	1468.766235	2077.646484
0.000000	1466.580688	2029.411377
0.000000	1464.393188	2080.385498
0.000000	1462.205688	2085.056885
0.000000	1460.016235	2088.623291
0.000000	1457.826782	2108.694580
0.000000	1455.636353	2146.351318
0.000000	1453.444946	2077.307861
0.000000	1451.251587	2088.564209
0.000000	1449.059204	2134.972412
0.000000	1446.864868	2145.097168
0.000000	1444.669556	2157.408936
0.000000	1442.473267	2077.522217
0.000000	1440.276978	2151.284180
0.000000	1438.078735	2139.452148
0.000000	1435.880493	2118.859619
0.000000	1433.681274	2102.666260
0.000000	1431.480103	2116.057617
0.000000	1429.278931	2115.204834
0.000000	1427.076782	2123.107422
0.000000	1424.873657	2152.881836
0.000000	1422.670532	2131.237061
0.000000	1420.465454	2157.704102
0.000000	1418.259399	2164.482178
0.000000	1416.053345	2178.899170
0.000000	1413.845337	2214.047363
0.000000	1411.637329	2261.170654
0.000000	1409.428345	2259.166992
0.000000	1407.217407	2237.536865
0.000000	1405.006470	2230.093262
0.000000	1402.794556	2182.342285
0.000000	1400.581665	2183.638672
0.000000	1398.367798	2237.188965
0.000000	1396.153931	2156.844727
0.000000	1393.938110	2139.656250
0.000000	1391.721313	2155.101074
0.000000	1389.504517	2187.923096
0.000000	1387.285767	2126.196289
0.000000	1385.067017	2159.002686
0.000000	1382.847290	2154.872070
0.000000	1380.625610	2193.064697
0.000000	1378.403931	2185.668701
0.000000	1376.181274	2153.340088
0.000000	1373.957642	2208.826416
0.000000	1371.733032	2228.515869
0.000000	1369.507446	2198.373535
0.000000	1367.281860	2220.215088
0.000000	1365.054321	2185.770996
0.000000	1362.825806	2244.374268
0.000000	1360.597290	2195.891846
0.000000	1358.366821	2220.939209
0.000000	1356.136353	2222.198730
0.000000	1353.904907	2246.134033
0.000000	1351.672485	2259.255127
0.000000	1349.438110	2268.048828
0.000000	1347.203735	2222.907227
0.000000	1344.968384	2234.941895
0.000000	1342.732056	2227.567871
0.000000	1340.494751	2261.134766
0.000000	1338.257446	2247.294434
0.000000	1336.018188	2288.359375
0.000000	1333.777954	2290.656982
0.000000	1331.537720	2335.971680
0.000000	1329.295532	2303.845215
0.000000	1327.053345	2338.370361
0.000000	1324.809204	2381.460449
0.000000	1322.565063	2365.458984
0.000000	1320.318970	2355.909912
0.000000	1318.072876	2344.222168
0.000000	1315.825806	2372.223389
0.000000	1313.577759	2350.889404
0.000000	1311.328735	2372.434570
0.000000	1309.078735	2386.463623
0.000000	1306.827759	2376.925781
0.000000	1304.575806	2339.568359
0.000000	1302.322876	2352.522217
0.000000	1300.069946	2359.048828
0.000000	1297.815063	2404.051270
0.000000	1295.559204	2434.057129
0.000000	1293.303345	2332.665527
0.000000	1291.045532	2337.052002
0.000000	1288.787720	2393.726807
0.000000	1286.528931	2344.745361
0.000000	1284.268188	2403.502197
0.000000	1282.007446	2397.191162
0.000000	1279.745728	2363.182861
0.000000	1277.483032	2361.152344
0.000000	1275.218384	2333.572998
0.000000	1272.953735	2360.287109
0.000000	1270.688110	2354.003662
0.000000	1268.421509	2408.331787
0.000000	1266.153931	2317.004883
0.000000	1263.886353	2319.244385
0.000000	1261.616821	2300.241943
0.000000	1259.346313	2282.316162
0.000000	1257.074829	2355.659668
0.000000	1254.803345	2408.789551
0.000000	1252.529907	2354.791504
0.000000	1250.255493	2381.382080
0.000000	1247.981079	2349.684814
0.000000	1245.704712	2329.661377
0.000000	1243.428345	2317.063232
0.000000	1241.151001	2312.939453
0.000000	1238.871704	2303.530273
0.000000	1236.592407	2251.840088
0.000000	1234.312134	2344.968994
0.000000	1232.029907	2339.781738
0.000000	1229.747681	2347.269043
0.000000	1227.464478	2336.806641
0.000000	1225.180298	2255.665039
0.000000	1222.895142	2300.086914
0.000000	1220.609009	2314.955078
0.000000	1218.321899	2341.401611
0.000000	1216.033813	2316.213867
0.000000	1213.744751	2325.791260
0.000000	1211.454712	2313.258789
0.000000	1209.163696	2310.203857
0.000000	1206.871704	2312.409180
0.000000	1204.579712	2316.714111
0.000000	1202.285767	2306.304932
0.000000	1199.990845	2286.451416
0.000000	1197.695923	2322.255371
0.000000	1195.399048	2296.114014
0.000000	1193.101196	2283.630127
0.000000	1190.803345	2307.855469
0.000000	1188.503540	2367.696045
0.000000	1186.203735	2277.667725
0.000000	1183.901978	2319.667236
0.000000	1181.600220	2399.316895
0.000000	1179.296509	2348.101562
0.000000	1176.992798	2337.720215
0.000000	1174.687134	2289.707764
0.000000	1172.381470	2299.214844
0.000000	1170.074829	2323.338867
0.000000	1167.767212	2365.194336
0.000000	1165.457642	2319.334961
0.000000	1163.148071	2356.982910
0.000000	1160.837524	2378.954834
0.000000	1158.526001	2431.141113
0.000000	1156.212524	2394.706787
0.000000	1153.899048	2334.343750
0.000000	1151.584595	2429.172119
0.000000	1149.269165	2450.025391
0.000000	1146.952759	2350.178711
0.000000	1144.635376	2372.085938
0.000000	1142.317017	2370.066162
0.000000	1139.997681	2430.391602
0.000000	1137.677368	2429.386719
0.000000	1135.356079	2415.923340
0.000000	1133.033813	2452.284424
0.000000	1130.710571	2464.755371
0.000000	1128.386353	2462.698486
0.000000	1126.061157	2486.555176
0.000000	1123.734985	2488.634033
0.000000	1121.407837	2467.926514
0.000000	1119.079712	2432.742432
0.000000	1116.750610	2504.169434
0.000000	1114.420532	2535.197021
0.000000	1112.089478	2492.789551
0.000000	1109.758423	2540.330811
0.000000	1107.425415	2522.748535
0.000000	1105.091431	2518.604736
0.000000	1102.756470	2486.593994
0.000000	1100.420532	2507.229980
0.000000	1098.083618	2556.726318
0.000000	1095.746704	2543.294434
0.000000	1093.407837	2565.940186
0.000000	1091.067993	2552.514404
0.000000	1088.727173	2572.047363
0.000000	1086.385376	2554.511963
0.000000	1084.043579	2589.458496
0.000000	1081.699829	2584.269531
0.000000	1079.355103	2611.977783
0.000000	1077.009399	2673.570068
0.000000	1074.663696	2689.919189
0.000000	1072.316040	2965.996826
0.000000	1069.967407	3680.042236
0.000000	1067.617798	5269.524414
0.000000	1065.267212	7435.993164
0.000000	1062.916626	9053.336914
0.000000	1060.564087	9023.956055
0.000000	1058.210571	7758.519043
0.000000	1055.856079	5884.028809
0.000000	1053.500610	4269.977051
0.000000	1051.145142	3429.492188
0.000000	1048.787720	3172.467041
0.000000	1046.429321	3049.531738
0.000000	1044.069946	2886.858643
0.000000	1041.709595	2739.636719
0.000000	1039.349243	2729.308350
0.000000	1036.986938	2730.210938
0.000000	1034.623657	2713.774902
0.000000	1032.259399	2646.381592
0.000000	1029.894165	2656.486328
0.000000	1027.527954	2549.447998
0.000000	1025.160767	2632.888916
0.000000	1022.793579	2545.284668
0.000000	1020.424438	2585.930664
0.000000	1018.054321	2575.698975
0.000000	1015.683228	2528.883789
0.000000	1013.311157	2530.875244
0.000000	1010.938110	2559.269775
0.000000	1008.564087	2499.321045
0.000000	1006.189087	2572.351807
0.000000	1003.813110	2567.219238
0.000000	1001.436157	2581.354004
0.000000	999.058228	2586.355225
0.000000	996.679321	2605.533936
0.000000	994.299438	2616.595215
0.000000	991.917603	2572.988281
0.000000	989.535767	2659.935059
0.000000	987.152954	2632.526611
0.000000	984.769165	2613.227783
0.000000	982.384399	2627.290771
0.000000	979.997681	2630.230469
0.000000	977.610962	2718.987305
0.000000	975.223267	2604.814697
0.000000	972.834595	2595.652344
0.000000	970.443970	2621.790527
0.000000	968.053345	2632.786865
0.000000	965.661743	2687.097168
0.000000	963.268188	2602.379639
0.000000	960.874634	2605.314697
0.000000	958.479126	2633.403320
0.000000	956.083618	2627.268799
0.000000	953.686157	2660.350342
0.000000	951.288696	2681.343506
0.000000	948.889282	2687.249512
0.000000	946.488892	2698.170654
0.000000	944.088501	2708.078369
0.000000	941.686157	2721.990234
0.000000	939.282837	2688.753662
0.000000	936.879517	2689.628418
0.000000	934.474243	2769.663574
0.000000	932.067993	2796.544678
0.000000	929.660767	2750.314209
0.000000	927.252563	2742.151611
0.000000	924.843384	2719.990234
0.000000	922.433228	2739.844482
0.000000	920.022095	2704.707520
0.000000	917.609985	2753.523926
0.000000	915.196899	2749.368408
0.000000	912.782837	2773.167236
0.000000	910.367798	2811.912598
0.000000	907.951782	2806.738281
0.000000	905.533813	2780.630615
0.000000	903.115845	2819.321777
0.000000	900.696899	2823.114014
0.000000	898.276001	2778.111328
0.000000	895.855103	2782.911621
0.000000	893.432251	2717.069336
0.000000	891.009399	2766.641602
0.000000	888.584595	2728.693848
0.000000	886.159790	2742.446777
0.000000	883.733032	2765.126465
0.000000	881.305298	2725.239746
0.000000	878.876587	2732.028076
0.000000	876.447876	2817.175049
0.000000	874.017212	2817.968018
0.000000	871.585571	2702.797852
0.000000	869.152954	2756.144531
0.000000	866.719360	2676.746826
0.000000	864.284790	2730.058105
0.000000	861.848267	2731.872070
0.000000	859.411743	2733.683594
0.000000	856.974243	2708.800537
0.000000	854.535767	2708.642578
0.000000	852.095337	2685.765381
0.000000	849.654907	2712.274658
0.000000	847.212524	2713.100342
0.000000	844.770142	2794.819580
0.000000	842.325806	2697.983643
0.000000	839.880493	2638.685303
0.000000	837.435181	2643.479004
0.000000	834.987915	2680.768066
0.000000	832.539673	2679.631836
0.000000	830.090454	2655.863525
0.000000	827.640259	2658.671875
0.000000	825.189087	2627.065918
0.000000	822.736938	2614.158447
0.000000	820.283813	2634.661133
0.000000	817.829712	2713.079590
0.000000	815.373657	2639.296143
0.000000	812.917603	2672.514160
0.000000	810.459595	2702.761475
0.000000	808.001587	2687.889893
0.000000	805.541626	2694.587158
0.000000	803.081665	2665.038818
0.000000	800.619751	2700.130371
0.000000	798.156860	2729.319336
0.000000	795.692993	2769.243164
0.000000	793.228149	2673.222168
0.000000	790.762329	2666.221436
0.000000	788.295532	2669.972168
0.000000	785.827759	2657.118164
0.000000	783.359009	2690.151367
0.000000	780.888306	2665.590088
0.000000	778.417603	2751.255127
0.000000	775.945923	2753.983398
0.000000	773.472290	2728.449707
0.000000	770.997681	2724.365479
0.000000	768.523071	2714.442627
0.000000	766.046509	2723.991455
0.000000	763.568970	2771.469971
0.000000	761.090454	2798.487549
0.000000	758.610962	2838.116943
0.000000	756.130493	2816.504395
0.000000	753.649048	2857.062012
0.000000	751.165649	2895.642578
0.000000	748.682251	2874.031006
0.000000	746.197876	2930.028076
0.000000	743.711548	2837.647217
0.000000	741.224243	2855.817139
0.000000	738.736938	2865.252930
0.000000	736.247681	2797.221436
0.000000	733.757446	2774.734863
0.000000	731.266235	2810.310791
0.000000	728.774048	2812.978027
0.000000	726.280884	2804.043457
0.000000	723.785767	2886.901123
0.000000	721.290649	2834.482178
0.000000	718.794556	2907.601318
0.000000	716.296509	2872.585449
0.000000	713.797485	2804.805176
0.000000	711.298462	2882.661377
0.000000	708.797485	2916.120605
0.000000	706.295532	2924.505371
0.000000	703.792603	2919.401855
0.000000	701.288696	2974.936523
0.000000	698.783813	2876.496582
0.000000	696.276978	3029.124756
0.000000	693.770142	3060.508545
0.000000	691.261353	3151.434082
0.000000	688.752563	3195.221924
0.000000	686.241821	3221.691650
0.000000	683.730103	3218.391113
0.000000	681.217407	3126.850342
0.000000	678.703735	2995.119873
0.000000	676.189087	2931.543213
0.000000	673.673462	2914.000732
0.000000	671.155884	2888.812500
0.000000	668.638306	2876.087158
0.000000	666.118774	2961.911133
0.000000	663.599243	2919.519287
0.000000	661.077759	2959.367676
0.000000	658.555298	2928.477295
0.000000	656.031860	2864.186035
0.000000	653.507446	2863.909668
0.000000	650.982056	2899.893555
0.000000	648.454712	2959.691162
0.000000	645.927368	2990.834473
0.000000	643.398071	3021.949951
0.000000	640.868774	2983.499268
0.000000	638.337524	2884.141357
0.000000	635.805298	2865.768555
0.000000	633.272095	2810.307861
0.000000	630.737915	2769.158203
0.000000	628.202759	2755.608887
0.000000	625.665649	2692.663818
0.000000	623.128540	2876.699219
0.000000	620.589478	2827.045166
0.000000	618.049438	2807.797852
0.000000	615.509399	2768.647949
0.000000	612.967407	2813.910645
0.000000	610.424438	2811.749756
0.000000	607.879517	2804.853516
0.000000	605.334595	2811.218750
0.000000	602.787720	2792.023438
0.000000	600.240845	2787.980469
0.000000	597.692017	2856.754150
0.000000	595.142212	2809.205078
0.000000	592.591431	2797.599121
0.000000	590.039673	2867.221680
0.000000	587.486938	2764.031250
0.000000	584.933228	2846.816895
0.000000	582.377563	2863.507568
0.000000	579.820923	2891.496094
0.000000	577.264282	2912.863037
0.000000	574.705688	2960.585938
0.000000	572.146118	2938.591553
0.000000	569.585571	2951.437744
0.000000	567.023071	2922.879639
0.000000	564.460571	2990.259277
0.000000	561.896118	2975.806396
0.000000	559.331665	2999.885254
0.000000	556.765259	2928.153076
0.000000	554.197876	2966.311035
0.000000	551.629517	2993.175293
0.000000	549.059204	2991.878662
0.000000	546.488892	2973.707764
0.000000	543.916626	2972.419189
0.000000	541.344360	2995.484375
0.000000	538.770142	2984.823242
0.000000	536.194946	3038.744873
0.000000	533.618774	3007.492432
0.000000	531.041626	3021.148682
0.000000	528.462524	3013.295410
0.000000	525.883423	3004.514160
0.000000	523.302368	3001.342285
0.000000	520.720337	3069.113281
0.000000	518.137329	3084.575195
0.000000	515.553345	3015.154541
0.000000	512.968384	3032.489014
0.000000	510.381439	3001.353760
0.000000	507.794525	3013.089355
0.000000	505.205658	3028.537842
0.000000	502.615814	2939.745605
0.000000	500.024994	3019.393799
0.000000	497.433197	273.356689
0.000000	494.839447	30.669548
0.000000	492.245697	15.792590
0.000000	489.649994	15.785719
0.000000	487.053314	0.928168
0.000000	484.455658	6.494345
0.000000	481.857025	12.055676
0.000000	479.257416	5.561735
11.000000	2681.806152	-382.562073
11.000000	2680.073730	-86.250359
11.000000	2678.340332	-34.766552
11.000000	2676.606934	-8.341135
11.000000	2674.872559	-1.389716
11.000000	2673.138184	-13.892435
11.000000	2671.402832	-11.110166
11.000000	2669.666504	6.941489
11.000000	2667.930176	190.132019
11.000000	2666.192871	212.264862
11.000000	2664.455566	205.258118
11.000000	2662.717285	234.302658
11.000000	2660.978027	227.293060
11.000000	2659.238770	232.757355
11.000000	2657.498535	235.447876
11.000000	2655.758301	238.136505
11.000000	2654.017090	232.518997
11.000000	2652.274902	214.453156
11.000000	2650.532715	229.593903
11.000000	2648.789551	233.663254
11.000000	2647.045410	241.876221
11.000000	2645.301270	237.648422
11.000000	2643.556152	232.042252
11.000000	2641.811035	236.104996
11.000000	2640.064941	262.249023
11.000000	2638.318848	235.943237
11.000000	2636.570801	253.793411
11.000000	2634.823730	239.917984
11.000000	2633.074707	250.862610
11.000000	2631.325684	220.462891
11.000000	2629.575684	256.200134
11.000000	2627.825684	249.227417
11.000000	2626.074707	253.271225
11.000000	2624.323730	243.552185
11.000000	2622.571777	250.346100
11.000000	2620.818848	246.134842
11.000000	2619.065918	263.919739
11.000000	2617.312012	244.591400
11.000000	2615.557129	265.111755
11.000000	2613.802246	263.647278
11.000000	2612.046387	269.047241
11.000000	2610.290527	260.721222
11.000000	2608.533691	255.144363
11.000000	2606.775879	276.996735
11.000000	2605.018066	279.642761
11.000000	2603.259277	268.583679
11.000000	2601.499512	254.792450
11.000000	2599.739746	273.875763
11.000000	2597.979004	281.994598
11.000000	2596.218262	276.423431
11.000000	2594.456543	254.440521
11.000000	2592.693848	266.659912
11.000000	2590.931152	262.466644
11.000000	2589.167480	271.941620
11.000000	2587.403809	284.142090
11.000000	2585.638184	278.581329
11.000000	2583.873535	273.024353
11.000000	2582.106934	256.553986
11.000000	2580.340332	268.742645
11.000000	2578.572754	293.196106
11.000000	2576.805176	282.188568
11.000000	2575.036621	291.629974
11.000000	2573.268066	280.630493
11.000000	2571.498535	298.236603
11.000000	2569.728027	257.292877
11.000000	2567.956543	285.781647
11.000000	2566.185059	297.925873
11.000000	2564.413574	316.861145
11.000000	2562.640137	275.967590
11.000000	2560.866699	301.692078
11.000000	2559.093262	286.643585
11.000000	2557.317871	279.753662
11.000000	2555.543457	339.388611
11.000000	2553.767090	318.914185
11.000000	2551.990723	326.942688
11.000000	2550.213379	320.048065
11.000000	2548.436035	307.735474
11.000000	2546.657715	303.562561
11.000000	2544.878418	287.200043
11.000000	2543.099121	311.476196
11.000000	2541.318848	327.612701
11.000000	2539.537598	327.498260
11.000000	2537.756348	285.446259
11.000000	2535.974121	298.869995
11.000000	2534.191895	316.339966
11.000000	2532.408691	293.255402
11.000000	2530.624512	310.714966
11.000000	2528.839355	332.213593
11.000000	2527.054199	319.947388
11.000000	2525.269043	333.330505
11.000000	2523.481934	339.958954
11.000000	2521.694824	327.702698
11.000000	2519.907715	310.062561
11.000000	2518.119629	353.077850
11.000000	2516.330566	324.663788
11.000000	2514.540527	336.669983
11.000000	2512.750488	344.629059
11.000000	2510.959473	335.087921
11.000000	2509.168457	357.839661
11.000000	2507.376465	314.680695
11.000000	2505.583496	353.555298
11.000000	2503.789551	335.960999
11.000000	2501.995605	326.439270
11.000000	2500.201660	353.182404
11.000000	2498.405762	345.003571
11.000000	2496.609863	351.591888
11.000000	2494.813965	338.053253
11.000000	2493.016113	356.708313
11.000000	2491.219238	364.625824
11.000000	2489.420410	357.796997
11.000000	2487.621582	350.972870
11.000000	2485.821777	338.797028
11.000000	2484.020996	386.868774
11.000000	2482.220215	346.587006
11.000000	2480.418457	377.231781
11.000000	2478.616699	374.424103
11.000000	2476.813965	382.312378
11.000000	2475.010254	355.451599
11.000000	2473.205566	370.019897
11.000000	2471.400879	369.889038
11.000000	2469.596191	337.721405
11.000000	2467.789551	381.636932
11.000000	2465.982910	382.835785
11.000000	2464.175293	378.699890
11.000000	2462.367676	374.566833
11.000000	2460.559082	374.434143
11.000000	2458.749512	392.949921
11.000000	2456.939941	410.120941
11.000000	2455.129395	387.346985
11.000000	2453.317871	369.911560
11.000000	2451.506348	407.024384
11.000000	2449.693848	413.528259
11.000000	2447.880371	424.015045
11.000000	2446.066895	385.331329
11.000000	2444.252441	399.805267
11.000000	2442.437012	427.546661
11.000000	2440.621582	404.830353
11.000000	2438.805176	443.164764
11.000000	2436.988770	395.257874
11.000000	2435.170410	395.117218
11.000000	2433.352051	416.183380
11.000000	2431.533691	408.085480
11.000000	2429.714355	430.456329
11.000000	2427.894043	399.850769
11.000000	2426.072754	406.325958
11.000000	2424.251465	440.580811
11.000000	2422.429199	408.681458
11.000000	2420.605957	405.891449
11.000000	2418.782715	414.998169
11.000000	2416.958496	435.988892
11.000000	2415.134277	442.436768
11.000000	2413.308105	464.722748
11.000000	2411.482910	431.562653
11.000000	2409.655762	492.095856
11.000000	2407.828613	435.210693
11.000000	2406.000488	420.553223
11.000000	2404.171387	397.998901
11.000000	2402.342285	425.522003
11.000000	2400.512207	447.757599
11.000000	2398.681152	442.331451
11.000000	2396.850098	436.909058
11.000000	2395.018066	460.431915
11.000000	2393.186035	449.746552
11.000000	2391.352051	454.843628
11.000000	2389.518066	398.174011
11.000000	2387.684082	412.481171
11.000000	2385.848145	456.980743
11.000000	2384.012207	423.999451
11.000000	2382.176270	469.774963
11.000000	2380.338379	449.930023
11.000000	2378.500488	473.371429
11.000000	2376.662598	444.363586
11.000000	2374.822754	465.169250
11.000000	2372.982910	483.340118
11.000000	2371.143066	464.834778
11.000000	2369.301270	479.065704
11.000000	2367.459473	476.276428
11.000000	2365.616699	500.956604
11.000000	2363.773926	474.626038
11.000000	2361.930176	504.516998
11.000000	2360.085449	482.123566
11.000000	2358.240723	501.541290
11.000000	2356.394043	510.499878
11.000000	2354.548340	494.653931
11.000000	2352.700684	491.866119
11.000000	2350.853027	494.297089
11.000000	2349.004395	494.118683
11.000000	2347.154785	504.366486
11.000000	2345.305176	493.761932
11.000000	2343.454590	463.629944
11.000000	2341.604004	464.764282
11.000000	2339.751465	468.500458
11.000000	2337.898926	532.076172
11.000000	2336.046387	507.175171
11.000000	2334.191895	504.391754
11.000000	2332.337402	517.204285
11.000000	2330.481934	532.605530
11.000000	2328.626465	518.128479
11.000000	2326.770020	525.729370
11.000000	2324.912598	525.538940
11.000000	2323.054199	526.645630
11.000000	2321.195801	518.674622
11.000000	2319.336426	519.782715
11.000000	2317.477051	498.862274
11.000000	2315.616699	523.291504
11.000000	2313.755371	552.882141
11.000000	2311.893066	535.855042
11.000000	2310.030762	544.717529
11.000000	2308.167480	543.226257
11.000000	2306.303223	545.614746
11.000000	2304.437988	533.784363
11.000000	2302.572754	514.210510
11.000000	2300.707520	548.894470
11.000000	2298.840332	549.985840
11.000000	2296.973145	543.332825
11.000000	2295.104980	513.462585
11.000000	2293.235840	550.675171
11.000000	2291.366699	549.185425
11.000000	2289.496582	554.140198
11.000000	2287.625488	538.479553
11.000000	2285.754395	575.628296
11.000000	2283.882324	547.098022
11.000000	2282.009277	573.921753
11.000000	2280.136230	586.575867
11.000000	2278.261230	542.641846
11.000000	2276.387207	543.729187
11.000000	2274.511230	576.939209
11.000000	2272.635254	579.297424
11.000000	2270.758301	593.209839
11.000000	2268.880371	594.276611
11.000000	2267.002441	600.474731
11.000000	2265.123535	613.081116
11.000000	2263.243652	589.778625
11.000000	2261.362793	589.562866
11.000000	2259.481934	597.034241
11.000000	2257.600098	594.254272
11.000000	2255.718262	594.036682
11.000000	2253.834473	630.932861
11.000000	2251.950684	610.232666
11.000000	2250.065918	612.566772
11.000000	2248.181152	620.012451
11.000000	2246.295410	600.616516
11.000000	2244.408691	622.112732
11.000000	2242.520996	625.715393
11.000000	2240.633301	616.550293
11.000000	2238.744629	641.844666
11.000000	2236.854980	662.018005
11.000000	2234.965332	609.495911
11.000000	2233.074707	638.588440
11.000000	2231.183105	638.353821
11.000000	2229.290527	645.761292
11.000000	2227.397949	644.250671
11.000000	2225.504395	644.013733
11.000000	2223.610840	628.509399
11.000000	2221.715332	634.637207
11.000000	2219.819824	615.333374
11.000000	2217.923340	648.149719
11.000000	2216.026855	652.992676
11.000000	2214.128418	641.322632
11.000000	2212.229980	633.469421
11.000000	2210.331543	638.312012
11.000000	2208.431152	630.465393
11.000000	2206.530762	623.892517
11.000000	2204.629395	643.944092
11.000000	2202.728027	674.117798
11.000000	2200.824707	643.468933
11.000000	2198.921387	653.360962
11.000000	2197.018066	682.231628
11.000000	2195.112793	685.775452
11.000000	2193.207520	680.462830
11.000000	2191.301270	689.061707
11.000000	2189.395020	693.862427
11.000000	2187.486816	668.337830
11.000000	2185.578613	687.034607
11.000000	2183.669434	689.305359
11.000000	2181.760254	681.478271
11.000000	2179.850098	686.272095
11.000000	2177.938965	720.066711
11.000000	2176.026855	705.933411
11.000000	2174.114746	714.492798
11.000000	2172.201660	704.150696
11.000000	2170.287598	755.516663
11.000000	2168.372559	722.509644
11.000000	2166.457520	688.268616
11.000000	2164.541504	706.880188
11.000000	2162.624512	715.419189
11.000000	2160.706543	727.722229
11.000000	2158.788574	699.811401
11.000000	2156.869629	752.300415
11.000000	2154.950684	723.145386
11.000000	2153.029785	746.721558
11.000000	2151.108887	711.317261
11.000000	2149.187012	753.690918
11.000000	2147.265137	732.099487
11.000000	2145.341309	709.270874
11.000000	2143.417480	712.764954
11.000000	2141.492676	736.291443
11.000000	2139.567871	756.044983
11.000000	2137.642090	728.235657
11.000000	2135.714355	746.726379
11.000000	2133.787598	765.203186
11.000000	2131.858887	746.170044
11.000000	2129.930176	745.891907
11.000000	2128.000488	736.871277
11.000000	2126.069824	697.893921
11.000000	2124.139160	773.761719
11.000000	2122.207520	778.463135
11.000000	2120.274902	800.619873
11.000000	2118.341309	764.169434
11.000000	2116.407715	777.591553
11.000000	2114.473145	781.038147
11.000000	2112.537598	795.688843
11.000000	2110.601074	812.817871
11.000000	2108.664551	772.697083
11.000000	2106.727051	758.726196
11.000000	2104.788574	764.659180
11.000000	2102.849121	819.059937
11.000000	2100.909668	782.723328
11.000000	2098.969238	796.091858
11.000000	2097.027832	838.004333
11.000000	2095.086426	836.449524
11.000000	2093.143066	793.957214
11.000000	2091.199707	823.421936
11.000000	2089.256348	821.873657
11.000000	2087.311035	789.347290
11.000000	2085.365723	846.031494
11.000000	2083.419434	849.428833
11.000000	2081.472168	842.921326
11.000000	2079.523926	853.740723
11.000000	2077.575684	850.946533
11.000000	2075.626465	862.990845
11.000000	2073.676270	802.106995
11.000000	2071.726074	870.990784
11.000000	2069.773926	855.843689
11.000000	2067.821777	823.424500
11.000000	2065.869629	829.285217
11.000000	2063.915527	859.813110
11.000000	2061.961426	863.189087
11.000000	2060.006348	817.255798
11.000000	2058.050293	850.217651
11.000000	2056.093262	853.592773
11.000000	2054.136230	852.040100
11.000000	2052.178223	915.721252
11.000000	2050.219238	891.999695
11.000000	2048.260254	883.054443
11.000000	2046.299438	871.656860
11.000000	2044.338501	894.678345
11.000000	2042.376587	929.967224
11.000000	2040.414673	885.407471
11.000000	2038.451782	934.175964
11.000000	2036.486938	893.329102
11.000000	2034.523071	872.139038
11.000000	2032.557251	896.333252
11.000000	2030.591431	878.834778
11.000000	2028.623657	898.106750
11.000000	2026.655884	905.116089
11.000000	2024.688110	886.409180
11.000000	2022.718384	949.714783
11.000000	2020.748657	924.887695
11.000000	2018.777954	914.754395
11.000000	2016.806274	907.073486
11.000000	2014.834595	929.948425
11.000000	2012.861938	919.824036
11.000000	2010.888306	974.424561
11.000000	2008.913696	941.098755
11.000000	2006.938110	939.522095
11.000000	2004.962524	991.613098
11.000000	2002.985962	924.179382
11.000000	2001.008423	962.829773
11.000000	1999.029907	924.697083
11.000000	1997.051392	942.614075
11.000000	1995.071899	941.039124
11.000000	1993.091431	954.068176
11.000000	1991.109985	988.983459
11.000000	1989.128540	981.312012
11.000000	1987.145142	995.525818
11.000000	1985.161743	986.642151
11.000000	1983.178345	989.911194
11.000000	1981.192993	983.464233
11.000000	1979.207642	978.235657
11.000000	1977.221313	992.422485
11.000000	1975.234009	973.853516
11.000000	1973.245728	997.729248
11.000000	1971.257446	1045.823486
11.000000	1969.268188	1012.718079
11.000000	1967.277954	1002.645142
11.000000	1965.286743	1015.578491
11.000000	1963.294556	1034.551758
11.000000	1961.302368	1035.367188
11.000000	1959.309204	1063.990601
11.000000	1957.315063	1029.743774
11.000000	1955.319946	1024.518555
11.000000	1953.324829	1100.212891
11.000000	1951.328735	1052.710938
11.000000	1949.331665	1024.553467
11.000000	1947.333618	1015.718323
11.000000	1945.334595	1074.417603
11.000000	1943.335571	1045.077881
11.000000	1941.335571	1044.678833
11.000000	1939.334595	1103.299072
11.000000	1937.332642	1090.837402
11.000000	1935.330688	1071.163696
11.000000	1933.327759	1105.643921
11.000000	1931.323853	1077.560669
11.000000	1929.318970	1097.585571
11.000000	1927.313110	1127.208618
11.000000	1925.307251	1065.513306
11.000000	1923.300415	1095.125366
11.000000	1921.292603	1125.914917
11.000000	1919.283813	1090.687500
11.000000	1917.274048	1117.856323
11.000000	1915.264282	1143.805176
11.000000	1913.253540	1169.733887
11.000000	1911.241821	1105.789551
11.000000	1909.229126	1149.676147
11.000000	1907.216431	1102.547607
11.000000	1905.202759	1183.497681
11.000000	1903.188110	1147.157593
11.000000	1901.172485	1167.045166
11.000000	1899.155884	1173.768921
11.000000	1897.139282	1163.759766
11.000000	1895.120728	1206.310059
11.000000	1893.102173	1242.857910
11.000000	1891.083618	1222.091797
11.000000	1889.063110	1246.675049
11.000000	1887.042603	1206.842407
11.000000	1885.020142	1171.808350
11.000000	1882.997681	1201.148071
11.000000	1880.975220	1204.259644
11.000000	1878.950806	1260.949829
11.000000	1876.926392	1237.850098
11.000000	1874.900024	1254.030640
11.000000	1872.873657	1196.460327
11.000000	1870.847290	1204.321655
11.000000	1868.818970	1253.770996
11.000000	1866.790649	1272.295166
11.000000	1864.760376	1253.992554
11.000000	1862.730103	1249.948120
11.000000	1860.699829	1289.809937
11.000000	1858.667603	1318.965576
11.000000	1856.635376	1256.802368
11.000000	1854.601196	1250.391479
11.000000	1852.567017	1287.821045
11.000000	1850.532837	1275.481079
11.000000	1848.496704	1299.849121
11.000000	1846.460571	1331.298340
11.000000	1844.422485	1309.491699
11.000000	1842.384399	1271.146973
11.000000	1840.345337	1346.304199
11.000000	1838.306274	1326.879028
11.000000	1836.265259	1303.925415
11.000000	1834.224243	1354.188477
11.000000	1832.182251	1322.980103
11.000000	1830.139282	1317.749390
11.000000	1828.095337	1303.088379
11.000000	1826.051392	1290.795898
11.000000	1824.006470	1346.857178
11.000000	1821.959595	1393.451538
11.000000	1819.913696	1341.104492
11.000000	1817.865845	1388.841309
11.000000	1815.817017	1364.772583
11.000000	1813.768188	1352.482910
11.000000	1811.718384	1364.890381
11.000000	1809.667603	1427.819824
11.000000	1807.615845	1366.181519
11.000000	1805.563110	1302.242065
11.000000	1803.510376	1363.947876
11.000000	1801.455688	1399.791992
11.000000	1799.401001	1396.902832
11.000000	1797.346313	1404.567383
11.000000	1795.289673	1388.786255
11.000000	1793.232056	1444.479614
11.000000	1791.174438	1426.352539
11.000000	1789.115845	1402.385986
11.000000	1787.056274	1424.073730
11.000000	1784.995728	1395.447388
11.000000	1782.934204	1418.289551
11.000000	1780.872681	1394.362183
11.000000	1778.810181	1462.751221
11.000000	1776.745728	1461.014038
11.000000	1774.682251	1421.920532
11.000000	1772.616821	1449.374146
11.000000	1770.550415	1455.808716
11.000000	1768.484009	1539.197998
11.000000	1766.416626	1530.439087
11.000000	1764.348267	1528.677612
11.000000	1762.278931	1528.081787
11.000000	1760.208618	1498.379883
11.000000	1758.137329	1524.562744
11.000000	1756.066040	1514.661499
11.000000	1753.993774	1501.278931
11.000000	1751.920532	1514.642212
11.000000	1749.846313	1502.431274
11.000000	1747.771118	1468.160767
11.000000	1745.695923	1497.775146
11.000000	1743.619751	1543.614746
11.000000	1741.541626	1536.050781
11.000000	1739.463501	1477.465332
11.000000	1737.385376	1479.206421
11.000000	1735.305298	1480.945801
11.000000	1733.225220	1459.516479
11.000000	1731.143188	1523.787720
11.000000	1729.061157	1515.089600
11.000000	1726.978149	1544.578491
11.000000	1724.894165	1541.661011
11.000000	1722.810181	1538.745361
11.000000	1720.724243	1552.010498
11.000000	1718.638306	1577.971802
11.000000	1716.551392	1594.674561
11.000000	1714.463501	1597.512695
11.000000	1712.374634	1653.423828
11.000000	1710.284790	1574.346802
11.000000	1708.194946	1588.717529
11.000000	1706.103149	1620.363525
11.000000	1704.011353	1630.096069
11.000000	1701.918579	1619.092529
11.000000	1699.824829	1600.039551
11.000000	1697.730103	1694.916016
11.000000	1695.635376	1652.843384
11.000000	1693.538696	1630.349121
11.000000	1691.442017	1682.576660
11.000000	1689.344360	1678.469116
11.000000	1687.245728	1622.686523
11.000000	1685.146118	1713.884644
11.000000	1683.046509	1706.326050
11.000000	1680.944946	1635.685425
11.000000	1678.843384	1695.811646
11.000000	1676.740845	1711.190674
11.000000	1674.637329	1672.709595
11.000000	1672.532837	1696.101440
11.000000	1670.427368	1712.605713
11.000000	1668.321899	1765.715576
11.000000	1666.214478	1711.257446
11.000000	1664.107056	1693.432007
11.000000	1661.998657	1689.335938
11.000000	1659.889282	1733.229248
11.000000	1657.778931	1750.819580
11.000000	1655.667603	1788.945068
11.000000	1653.556274	1799.651611
11.000000	1651.442993	1736.201416
11.000000	1649.329712	1816.476929
11.000000	1647.215454	1807.781372
11.000000	1645.100220	1780.862183
11.000000	1642.984009	1801.799072
11.000000	1640.867798	1820.442017
11.000000	1638.749634	1829.965576
11.000000	1636.631470	1734.822876
11.000000	1634.512329	1765.977539
11.000000	1632.392212	1809.610596
11.000000	1630.271118	1719.132446
11.000000	1628.149048	1787.736206
11.000000	1626.026001	1797.247437
11.000000	1623.902954	1768.164307
11.000000	1621.777954	1806.036133
11.000000	1619.652954	1765.631714
11.000000	1617.526978	1805.740723
11.000000	1615.400024	1819.756226
11.000000	1613.272095	1802.046143
11.000000	1611.143188	1796.803711
11.000000	1609.014282	1758.744263
11.000000	1606.884399	1855.339722
11.000000	1604.752563	1802.585205
11.000000	1602.620728	1807.522827
11.000000	1600.487915	1772.907593
11.000000	1598.354126	1763.168579
11.000000	1596.219360	1821.180664
11.000000	1594.084595	1793.371460
11.000000	1591.947876	1820.864258
11.000000	1589.811157	1822.397095
11.000000	1587.673462	1828.437378
11.000000	1585.534790	1851.374878
11.000000	1583.395142	1830.364990
11.000000	1581.254517	1853.282593
11.000000	1579.112915	1862.675781
11.000000	1576.971313	1865.310791
11.000000	1574.827759	1880.313721
11.000000	1572.684204	1836.848877
11.000000	1570.539673	1847.355591
11.000000	1568.394165	1862.346436
11.000000	1566.247681	1871.710938
11.000000	1564.100220	1884.434570
11.000000	1561.951782	1811.882568
11.000000	1559.803345	1816.768677
11.000000	1557.652954	1866.491211
11.000000	1555.502563	1888.159424
11.000000	1553.351196	1863.884888
11.000000	1551.198853	1865.381714
11.000000	1549.045532	1869.115479
11.000000	1546.891235	1882.914795
11.000000	1544.735962	1921.306152
11.000000	1542.580688	1906.007568
11.000000	1540.423462	1892.955688
11.000000	1538.266235	1946.933716
11.000000	1536.108032	1916.010132
11.000000	1533.948853	1948.728882
11.000000	1531.788696	2004.850098
11.000000	1529.627563	1986.206299
11.000000	1527.465454	2033.348633
11.000000	1525.302368	2010.250000
11.000000	1523.139282	2011.674805
11.000000	1520.974243	2000.850220
11.000000	1518.809204	1992.259766
11.000000	1516.643188	2024.839966
11.000000	1514.476196	2012.909546
11.000000	1512.308228	2046.566162
11.000000	1510.139282	2037.969116
11.000000	1507.969360	2088.249512
11.000000	1505.799438	2074.090088
11.000000	1503.627563	2085.468750
11.000000	1501.455688	2023.614868
11.000000	1499.281860	2088.235352
11.000000	1497.108032	2068.553955
11.000000	1494.933228	2038.914673
11.000000	1492.757446	2013.729370
11.000000	1490.580688	2048.353516
11.000000	1488.403931	2084.056152
11.000000	1486.225220	2075.476318
11.000000	1484.045532	2056.950195
11.000000	1481.865845	2064.968750
11.000000	1479.685181	2112.760498
11.000000	1477.502563	2101.971924
11.000000	1475.319946	2098.920410
11.000000	1473.136353	2095.870605
11.000000	1470.951782	2081.790527
11.000000	1468.766235	2065.515869
11.000000	1466.580688	2110.984619
11.000000	1464.393188	2077.079834
11.000000	1462.205688	2048.708984
11.000000	1460.016235	2139.269775
11.000000	1457.826782	2085.582520
11.000000	1455.636353	2078.143311
11.000000	1453.444946	2055.314209
11.000000	1451.251587	2022.609497
11.000000	1449.059204	2088.822754
11.000000	1446.864868	2108.851318
11.000000	1444.669556	2077.260986
11.000000	1442.473267	2122.518799
11.000000	1440.276978	2137.022705
11.000000	1438.078735	2114.230469
11.000000	1435.880493	2046.513794
11.000000	1433.681274	2153.068848
11.000000	1431.480103	2094.152344
11.000000	1429.278931	2169.946045
11.000000	1427.076782	2130.768066
11.000000	1424.873657	2134.284668
11.000000	1422.670532	2228.558838
11.000000	1420.465454	2214.543457
11.000000	1418.259399	2191.797607
11.000000	1416.053345	2218.217773
11.000000	1413.845337	2210.772217
11.000000	1411.637329	2251.349121
11.000000	1409.428345	2270.075684
11.000000	1407.217407	2345.488037
11.000000	1405.006470	2267.152344
11.000000	1402.794556	2292.385498
11.000000	1400.581665	2265.320801
11.000000	1398.367798	2270.937256
11.000000	1396.153931	2137.256836
11.000000	1393.938110	2171.201660
11.000000	1391.721313	2156.188232
11.000000	1389.504517	2116.187988
11.000000	1387.285767	2160.962891
11.000000	1385.067017	2148.142334
11.000000	1382.847290	2145.101807
11.000000	1380.625610	2140.978027
11.000000	1378.403931	2130.349121
11.000000	1376.181274	2214.058594
11.000000	1373.957642	2240.257324
11.000000	1371.733032	2162.429688
11.000000	1369.507446	2203.788086
11.000000	1367.281860	2203.977539
11.000000	1365.054321	2170.622070
11.000000	1362.825806	2189.211426
11.000000	1360.597290	2161.293945
11.000000	1358.366821	2174.466797
11.000000	1356.136353	2175.745361
11.000000	1353.904907	2179.181885
11.000000	1351.672485	2209.601074
11.000000	1349.438110	2238.916016
11.000000	1347.203735	2233.692871
11.000000	1344.968384	2270.519775
11.000000	1342.732056	2224.334961
11.000000	1340.494751	2256.825928
11.000000	1338.257446	2232.218994
11.000000	1336.018188	2266.832031
11.000000	1333.777954	2298.188477
11.000000	1331.537720	2301.555908
11.000000	1329.295532	2346.847412
11.000000	1327.053345	2316.877930
11.000000	1324.809204	2348.160889
11.000000	1322.565063	2331.099121
11.000000	1320.318970	2294.731201
11.000000	1318.072876	2341.003418
11.000000	1315.825806	2313.239502
11.000000	1313.577759	2391.625244
11.000000	1311.328735	2371.362793
11.000000	1309.078735	2420.739502
11.000000	1306.827759	2321.250000
11.000000	1304.575806	2388.800049
11.000000	1302.322876	2440.247070
11.000000	1300.069946	2439.252197
11.000000	1297.815063	2358.086670
11.000000	1295.559204	2382.769043
11.000000	1293.303345	2398.885986
11.000000	1291.045532	2402.177490
11.000000	1288.787720	2347.837158
11.000000	1286.528931	2389.549316
11.000000	1284.268188	2418.430908
11.000000	1282.007446	2406.784180
11.000000	1279.745728	2406.866699
11.000000	1277.483032	2334.526855
11.000000	1275.218384	2336.766602
11.000000	1272.953735	2391.147461
11.000000	1270.688110	2360.385986
11.000000	1268.421509	2371.116943
11.000000	1266.153931	2328.696289
11.000000	1263.886353	2334.118164
11.000000	1261.616821	2326.791504
11.000000	1259.346313	2313.100830
11.000000	1257.074829	2311.093018
11.000000	1254.803345	2296.358154
11.000000	1252.529907	2347.369629
11.000000	1250.255493	2343.229004
11.000000	1247.981079	2350.744141
11.000000	1245.704712	2312.718262
11.000000	1243.428345	2247.201904
11.000000	1241.151001	2306.591064
11.000000	1238.871704	2340.547363
11.000000	1236.592407	2340.645020
11.000000	1234.312134	2339.685059
11.000000	1232.029907	2372.528076
11.000000	1229.747681	2337.765869
11.000000	1227.464478	2301.976318
11.000000	1225.180298	2271.490479
11.000000	1222.895142	2303.250732
11.000000	1220.609009	2330.767578
11.000000	1218.321899	2302.413330
11.000000	1216.033813	2318.320557
11.000000	1213.744751	2314.209473
11.000000	1211.454712	2343.779297
11.000000	1209.163696	2299.683838
11.000000	1206.871704	2295.583984
11.000000	1204.579712	2283.077637
11.000000	1202.285767	2244.313232
11.000000	1199.990845	2276.999023
11.000000	1197.695923	2334.853516
11.000000	1195.399048	2268.829346
11.000000	1193.101196	2267.895508
11.000000	1190.803345	2353.991455
11.000000	1188.503540	2349.878174
11.000000	1186.203735	2338.433594
11.000000	1183.901978	2364.698975
11.000000	1181.600220	2348.022461
11.000000	1179.296509	2333.452148
11.000000	1176.992798	2343.995850
11.000000	1174.687134	2303.299805
11.000000	1172.381470	2330.567871
11.000000	1170.074829	2301.400879
11.000000	1167.767212	2280.611084
11.000000	1165.457642	2360.043213
11.000000	1163.148071	2424.802246
11.000000	1160.837524	2388.341553
11.000000	1158.526001	2323.762451
11.000000	1156.212524	2355.107666
11.000000	1153.899048	2377.051514
11.000000	1151.584595	2396.894287
11.000000	1149.269165	2439.617432
11.000000	1146.952759	2439.649902
11.000000	1144.635376	2364.806396
11.000000	1142.317017	2434.515137
11.000000	1139.997681	2443.899414
11.000000	1137.677368	2458.468750
11.000000	1135.356079	2443.955078
11.000000	1133.033813	2490.682373
11.000000	1130.710571	2475.128906
11.000000	1128.386353	2453.366211
11.000000	1126.061157	2430.584473
11.000000	1123.734985	2437.866699
11.000000	1121.407837	2479.318604
11.000000	1119.079712	2513.489014
11.000000	1116.750610	2502.100098
11.000000	1114.420532	2446.242676
11.000000	1112.089478	2481.416504
11.000000	1109.758423	2526.895264
11.000000	1107.425415	2520.682373
11.000000	1105.091431	2539.257568
11.000000	1102.756470	2516.528076
11.000000	1100.420532	2541.278809
11.000000	1098.083618	2574.259277
11.000000	1095.746704	2485.562500
11.000000	1093.407837	2537.086426
11.000000	1091.067993	2562.814941
11.000000	1088.727173	2516.446777
11.000000	1086.385376	2557.599609
11.000000	1084.043579	2513.328369
11.000000	1081.699829	2563.702148
11.000000	1079.355103	2588.335449
11.000000	1077.009399	2597.534668
11.000000	1074.663696	2651.917236
11.000000	1072.316040	2890.024658
11.000000	1069.967407	3625.652344
11.000000	1067.617798	5231.569824
11.000000	1065.267212	7288.339355
11.000000	1062.916626	9097.409180
11.000000	1060.564087	8969.657227
11.000000	1058.210571	7752.374512
11.000000	1055.856079	5973.087891
11.000000	1053.500610	4154.351074
11.000000	1051.145142	3453.016846
11.000000	1048.787720	3108.056641
11.000000	1046.429321	2961.643311
11.000000	1044.069946	2809.221924
11.000000	1041.709595	2755.974365
11.000000	1039.349243	2772.177246
11.000000	1036.986938	2659.813232
11.000000	1034.623657	2606.692627
11.000000	1032.259399	2549.537842
11.000000	1029.894165	2582.100586
11.000000	1027.527954	2668.619141
11.000000	1025.160767	2616.598633
11.000000	1022.793579	2577.851318
11.000000	1020.424438	2548.291260
11.000000	1018.054321	2576.715820
11.000000	1015.683228	2586.820312
11.000000	1013.311157	2611.139893
11.000000	1010.938110	2578.565918
11.000000	1008.564087	2545.003174
11.000000	1006.189087	2555.101562
11.000000	1003.813110	2578.376709
11.000000	1001.436157	2539.784668
11.000000	999.058228	2592.436035
11.000000	996.679321	2561.973389
11.000000	994.299438	2551.787842
11.000000	991.917603	2590.195557
11.000000	989.535767	2572.923096
11.000000	987.152954	2606.231689
11.000000	984.769165	2645.577148
11.000000	982.384399	2554.534912
11.000000	979.997681	2594.877930
11.000000	977.610962	2631.147949
11.000000	975.223267	2643.165283
11.000000	972.834595	2612.802002
11.000000	970.443970	2603.639648
11.000000	968.053345	2642.866455
11.000000	965.661743	2598.434082
11.000000	963.268188	2568.137939
11.000000	960.874634	2591.220947
11.000000	958.479126	2687.741699
11.000000	956.083618	2634.309814
11.000000	953.686157	2696.545654
11.000000	951.288696	2651.193359
11.000000	948.889282	2711.359375
11.000000	946.488892	2677.083496
11.000000	944.088501	2709.082031
11.000000	941.686157	2688.880859
11.000000	939.282837	2704.800049
11.000000	936.879517	2750.779053
11.000000	934.474243	2740.604248
11.000000	932.067993	2788.531494
11.000000	929.660767	2691.242920
11.000000	927.252563	2724.137451
11.000000	924.843384	2790.015869
11.000000	922.433228	2757.843506
11.000000	920.022095	2756.682617
11.000000	917.609985	2774.505127
11.000000	915.196899	2697.437012
11.000000	912.782837	2747.212402
11.000000	910.367798	2737.074707
11.000000	907.951782	2787.787354
11.000000	905.533813	2790.600586
11.000000	903.115845	2750.557861
11.000000	900.696899	2864.952637
11.000000	898.276001	2833.872559
11.000000	895.855103	2797.841309
11.000000	893.432251	2747.911133
11.000000	891.009399	2729.845703
11.000000	888.584595	2771.438477
11.000000	886.159790	2742.446777
11.000000	883.733032	2743.275635
11.000000	881.305298	2776.865479
11.000000	878.876587	2749.890869
11.000000	876.447876	2658.460938
11.000000	874.017212	2756.492188
11.000000	871.585571	2706.762451
11.000000	869.152954	2683.822998
11.000000	866.719360	2738.144775
11.000000	864.284790	2697.392334
11.000000	861.848267	2715.051270
11.000000	859.411743	2699.067627
11.000000	856.974243	2711.766357
11.000000	854.535767	2714.571777
11.000000	852.095337	2695.643066
11.000000	849.654907	2647.108887
11.000000	847.212524	2657.831543
11.000000	844.770142	2685.315430
11.000000	842.325806	2667.414307
11.000000	839.880493	2742.182373
11.000000	837.435181	2675.992920
11.000000	834.987915	2643.343750
11.000000	832.539673	2648.130127
11.000000	830.090454	2613.550781
11.000000	827.640259	2629.164062
11.000000	825.189087	2688.023193
11.000000	822.736938	2695.728027
11.000000	820.283813	2668.060791
11.000000	817.829712	2616.850342
11.000000	815.373657	2605.924561
11.000000	812.917603	2663.684326
11.000000	810.459595	2657.649902
11.000000	808.001587	2719.258545
11.000000	805.541626	2709.284912
11.000000	803.081665	2667.977295
11.000000	800.619751	2618.871826
11.000000	798.156860	2705.833008
11.000000	795.692993	2698.813721
11.000000	793.228149	2667.355469
11.000000	790.762329	2632.991455
11.000000	788.295532	2656.294922
11.000000	785.827759	2644.423340
11.000000	783.359009	2739.932861
11.000000	780.888306	2664.614258
11.000000	778.417603	2677.134033
11.000000	775.945923	2686.718018
11.000000	773.472290	2734.296387
11.000000	770.997681	2713.651123
11.000000	768.523071	2743.651123
11.000000	766.046509	2735.669678
11.000000	763.568970	2786.061768
11.000000	761.090454	2777.095459
11.000000	758.610962	2790.490967
11.000000	756.130493	2837.878418
11.000000	753.649048	2878.426758
11.000000	751.165649	2826.721924
11.000000	748.682251	2866.268555
11.000000	746.197876	2930.028076
11.000000	743.711548	2852.189209
11.000000	741.224243	2825.776367
11.000000	738.736938	2780.012207
11.000000	736.247681	2855.315430
11.000000	733.757446	2791.187744
11.000000	731.266235	2865.452881
11.000000	728.774048	2748.189697
11.000000	726.280884	2797.277344
11.000000	723.785767	2769.029053
11.000000	721.290649	2836.413574
11.000000	718.794556	2834.235596
11.000000	716.296509	2875.480225
11.000000	713.797485	2893.540527
11.000000	711.298462	2858.558838
11.000000	708.797485	2849.626221
11.000000	706.295532	2935.101318
11.000000	703.792603	2975.248047
11.000000	701.288696	2903.715088
11.000000	698.783813	2939.991211
11.000000	696.276978	3032.009766
11.000000	693.770142	3132.599609
11.000000	691.261353	3181.218994
11.000000	688.752563	3194.261475
11.000000	686.241821	3278.330322
11.000000	683.730103	3188.644531
11.000000	681.217407	3112.463135
11.000000	678.703735	3038.263428
11.000000	676.189087	2917.168213
11.000000	673.673462	2892.926514
11.000000	671.155884	2887.854980
11.000000	668.638306	2834.931885
11.000000	666.118774	2849.021729
11.000000	663.599243	2924.300781
11.000000	661.077759	2847.531250
11.000000	658.555298	2863.506104
11.000000	656.031860	2875.646484
11.000000	653.507446	2776.083252
11.000000	650.982056	2877.946533
11.000000	648.454712	2984.490479
11.000000	645.927368	3003.228760
11.000000	643.398071	3020.997070
11.000000	640.868774	2978.736328
11.000000	638.337524	2881.284912
11.000000	635.805298	2817.228516
11.000000	633.272095	2863.583740
11.000000	630.737915	2840.479248
11.000000	628.202759	2758.460449
11.000000	625.665649	2806.679199
11.000000	623.128540	2750.386719
11.000000	620.589478	2752.049561
11.000000	618.049438	2787.870850
11.000000	615.509399	2819.866699
11.000000	612.967407	2792.104736
11.000000	610.424438	2820.278809
11.000000	607.879517	2824.746094
11.000000	605.334595	2830.155762
11.000000	602.787720	2814.738037
11.000000	600.240845	2766.221680
11.000000	597.692017	2814.200684
11.000000	595.142212	2811.095459
11.000000	592.591431	2763.585938
11.000000	590.039673	2830.389893
11.000000	587.486938	2844.271240
11.000000	584.933228	2841.155518
11.000000	582.377563	2867.280273
11.000000	579.820923	2899.038330
11.000000	577.264282	2845.012451
11.000000	574.705688	2916.313721
11.000000	572.146118	2954.597900
11.000000	569.585571	2948.614258
11.000000	567.023071	2982.146240
11.000000	564.460571	2934.779541
11.000000	561.896118	2938.209229
11.000000	559.331665	2931.300293
11.000000	556.765259	2973.230469
11.000000	554.197876	2923.130371
11.000000	551.629517	2951.890137
11.000000	549.059204	2922.474609
11.000000	546.488892	3000.894775
11.000000	543.916626	2992.097900
11.000000	541.344360	3047.001465
11.000000	538.770142	2938.946045
11.000000	536.194946	3027.514404
11.000000	533.618774	3055.200684
11.000000	531.041626	2986.551758
11.000000	528.462524	2999.275879
11.000000	525.883423	2997.974365
11.000000	523.302368	3039.629639
11.000000	520.720337	3026.175537
11.000000	518.137329	3072.445801
11.000000	515.553345	3004.895752
11.000000	512.968384	3016.641602
11.000000	510.381439	2970.604248
11.000000	507.794525	3053.139648
11.000000	505.205658	2994.090820
11.000000	502.615814	2979.760986
11.000000	500.024994	3019.393799
11.000000	497.433197	271.497101
11.000000	494.839447	28.810787
11.000000	492.245697	-3.715904
11.000000	489.649994	0.928572
11.000000	487.053314	4.640838
11.000000	484.455658	1.855527
11.000000	481.857025	0.927360
11.000000	479.257416	8.342603
22.000000	2681.806152	-392.300018
22.000000	2680.073730	-77.903549
22.000000	2678.340332	-22.250593
22.000000	2676.606934	-18.072460
22.000000	2674.872559	0.000000
22.000000	2673.138184	8.335461
22.000000	2671.402832	2.777541
22.000000	2669.666504	-2.776596
22.000000	2667.930176	216.500687
22.000000	2666.192871	220.588974
22.000000	2664.455566	223.287537
22.000000	2662.717285	241.234680
22.000000	2660.978027	203.732193
22.000000	2659.238770	227.215515
22.000000	2657.498535	210.518097
22.000000	2655.758301	240.905533
22.000000	2654.017090	236.671127
22.000000	2652.274902	236.590256
22.000000	2650.532715	230.976990
22.000000	2648.789551	237.811127
22.000000	2647.045410	255.697723
22.000000	2645.301270	223.831650
22.000000	2643.556152	241.710693
22.000000	2641.811035	229.201340
22.000000	2640.064941	266.389801
22.000000	2638.318848	235.943237
22.000000	2636.570801	259.310669
22.000000	2634.823730	238.539154
22.000000	2633.074707	270.159729
22.000000	2631.325684	242.509171
22.000000	2629.575684	258.954956
22.000000	2627.825684	264.373840
22.000000	2626.074707	246.388855
22.000000	2624.323730	271.072205
22.000000	2622.571777	259.974792
22.000000	2620.818848	239.259567
22.000000	2619.065918	250.173920
22.000000	2617.312012	266.577148
22.000000	2615.557129	274.727203
22.000000	2613.802246	259.527802
22.000000	2612.046387	278.656067
22.000000	2610.290527	275.815613
22.000000	2608.533691	268.861816
22.000000	2606.775879	267.397827
22.000000	2605.018066	291.979950
22.000000	2603.259277	283.657257
22.000000	2601.499512	268.490967
22.000000	2599.739746	279.353271
22.000000	2597.979004	290.208038
22.000000	2596.218262	254.528503
22.000000	2594.456543	272.223999
22.000000	2592.693848	287.172241
22.000000	2590.931152	281.604828
22.000000	2589.167480	265.108917
22.000000	2587.403809	282.776031
22.000000	2585.638184	260.828613
22.000000	2583.873535	282.580200
22.000000	2582.106934	317.963165
22.000000	2580.340332	305.575378
22.000000	2578.572754	312.287933
22.000000	2576.805176	297.184113
22.000000	2575.036621	283.453430
22.000000	2573.268066	320.136719
22.000000	2571.498535	279.171234
22.000000	2569.728027	303.578369
22.000000	2567.956543	296.668579
22.000000	2566.185059	299.286255
22.000000	2564.413574	312.781403
22.000000	2562.640137	274.608124
22.000000	2560.866699	298.974121
22.000000	2559.093262	302.945587
22.000000	2557.317871	291.975891
22.000000	2555.543457	287.801544
22.000000	2553.767090	341.984558
22.000000	2551.990723	321.516266
22.000000	2550.213379	301.062164
22.000000	2548.436035	315.869476
22.000000	2546.657715	308.983337
22.000000	2544.878418	345.452881
22.000000	2543.099121	320.955902
22.000000	2541.318848	300.537262
22.000000	2539.537598	324.791687
22.000000	2537.756348	317.914062
22.000000	2535.974121	317.802948
22.000000	2534.191895	342.025696
22.000000	2532.408691	337.851837
22.000000	2530.624512	332.329895
22.000000	2528.839355	356.521912
22.000000	2527.054199	360.447083
22.000000	2525.269043	333.330505
22.000000	2523.481934	337.260864
22.000000	2521.694824	346.582703
22.000000	2519.907715	320.847321
22.000000	2518.119629	367.901703
22.000000	2516.330566	335.441010
22.000000	2514.540527	321.856506
22.000000	2512.750488	340.590424
22.000000	2510.959473	327.013519
22.000000	2509.168457	355.149139
22.000000	2507.376465	349.645203
22.000000	2505.583496	342.800751
22.000000	2503.789551	341.336395
22.000000	2501.995605	323.752533
22.000000	2500.201660	354.525299
22.000000	2498.405762	350.373260
22.000000	2496.609863	332.804535
22.000000	2494.813965	359.516968
22.000000	2493.016113	351.344269
22.000000	2491.219238	345.858337
22.000000	2489.420410	369.857574
22.000000	2487.621582	368.387573
22.000000	2485.821777	365.579407
22.000000	2484.020996	370.804993
22.000000	2482.220215	385.394043
22.000000	2480.418457	370.543274
22.000000	2478.616699	374.424103
22.000000	2476.813965	405.037231
22.000000	2475.010254	398.212708
22.000000	2473.205566	386.049622
22.000000	2471.400879	404.607880
22.000000	2469.596191	411.139099
22.000000	2467.789551	380.302551
22.000000	2465.982910	405.512482
22.000000	2464.175293	390.700958
22.000000	2462.367676	398.560455
22.000000	2460.559082	377.099152
22.000000	2458.749512	394.281952
22.000000	2456.939941	415.447174
22.000000	2455.129395	420.624207
22.000000	2453.317871	396.523895
22.000000	2451.506348	407.024384
22.000000	2449.693848	416.187622
22.000000	2447.880371	376.163818
22.000000	2446.066895	411.905914
22.000000	2444.252441	398.476990
22.000000	2442.437012	387.713104
22.000000	2440.621582	396.866486
22.000000	2438.805176	384.783783
22.000000	2436.988770	429.743439
22.000000	2435.170410	409.702087
22.000000	2433.352051	416.183380
22.000000	2431.533691	434.584564
22.000000	2429.714355	455.621460
22.000000	2427.894043	435.599030
22.000000	2426.072754	423.531952
22.000000	2424.251465	428.673218
22.000000	2422.429199	431.165558
22.000000	2420.605957	423.079041
22.000000	2418.782715	449.361084
22.000000	2416.958496	449.200684
22.000000	2415.134277	419.984772
22.000000	2413.308105	440.958527
22.000000	2411.482910	456.638153
22.000000	2409.655762	436.685608
22.000000	2407.828613	424.660126
22.000000	2406.000488	477.242218
22.000000	2404.171387	452.031860
22.000000	2402.342285	429.474213
22.000000	2400.512207	426.686646
22.000000	2398.681152	473.926544
22.000000	2396.850098	451.384979
22.000000	2395.018066	490.688873
22.000000	2393.186035	431.335876
22.000000	2391.352051	465.360260
22.000000	2389.518066	483.590881
22.000000	2387.684082	453.203857
22.000000	2385.848145	488.496643
22.000000	2384.012207	472.569031
22.000000	2382.176270	461.901642
22.000000	2380.338379	478.788513
22.000000	2378.500488	478.616547
22.000000	2376.662598	457.471649
22.000000	2374.822754	458.617554
22.000000	2372.982910	484.649963
22.000000	2371.143066	463.525391
22.000000	2369.301270	493.463867
22.000000	2367.459473	495.903198
22.000000	2365.616699	511.420471
22.000000	2363.773926	472.011017
22.000000	2361.930176	450.928406
22.000000	2360.085449	463.831635
22.000000	2358.240723	464.970581
22.000000	2356.394043	490.915466
22.000000	2354.548340	492.043610
22.000000	2352.700684	490.561462
22.000000	2350.853027	499.513947
22.000000	2349.004395	499.333679
22.000000	2347.154785	499.153412
22.000000	2345.305176	521.120789
22.000000	2343.454590	520.932556
22.000000	2341.604004	505.121979
22.000000	2339.751465	530.967224
22.000000	2337.898926	554.191772
22.000000	2336.046387	561.794067
22.000000	2334.191895	539.491150
22.000000	2332.337402	526.300842
22.000000	2330.481934	507.923828
22.000000	2328.626465	523.322754
22.000000	2326.770020	502.363647
22.000000	2324.912598	500.884003
22.000000	2323.054199	547.400146
22.000000	2321.195801	523.861328
22.000000	2319.336426	554.780579
22.000000	2317.477051	531.255920
22.000000	2315.616699	554.378174
22.000000	2313.755371	561.945801
22.000000	2311.893066	543.621094
22.000000	2310.030762	529.191162
22.000000	2308.167480	538.052673
22.000000	2306.303223	588.281311
22.000000	2304.437988	531.199463
22.000000	2302.572754	571.057922
22.000000	2300.707520	547.602966
22.000000	2298.840332	512.545471
22.000000	2296.973145	574.306702
22.000000	2295.104980	526.363708
22.000000	2293.235840	586.785034
22.000000	2291.366699	536.293762
22.000000	2289.496582	576.048035
22.000000	2287.625488	556.514709
22.000000	2285.754395	555.024109
22.000000	2283.882324	577.992981
22.000000	2282.009277	588.076721
22.000000	2280.136230	584.003174
22.000000	2278.261230	550.357178
22.000000	2276.387207	601.572754
22.000000	2274.511230	597.498291
22.000000	2272.635254	619.116089
22.000000	2270.758301	621.457947
22.000000	2268.880371	623.797913
22.000000	2267.002441	631.268311
22.000000	2265.123535	615.646362
22.000000	2263.243652	592.342896
22.000000	2261.362793	603.661133
22.000000	2259.481934	599.596619
22.000000	2257.600098	614.745789
22.000000	2255.718262	650.367798
22.000000	2253.834473	616.855225
22.000000	2251.950684	629.422363
22.000000	2250.065918	610.009094
22.000000	2248.181152	622.569214
22.000000	2246.295410	647.899109
22.000000	2244.408691	643.829163
22.000000	2242.520996	655.085693
22.000000	2240.633301	611.444275
22.000000	2238.744629	627.808289
22.000000	2236.854980	616.097656
22.000000	2234.965332	627.347290
22.000000	2233.074707	637.313843
22.000000	2231.183105	671.481934
22.000000	2229.290527	631.750732
22.000000	2227.397949	650.616760
22.000000	2225.504395	652.923035
22.000000	2223.610840	641.232239
22.000000	2221.715332	630.821716
22.000000	2219.819824	691.614319
22.000000	2217.923340	664.671204
22.000000	2216.026855	699.997986
22.000000	2214.128418	656.561951
22.000000	2212.229980	665.206360
22.000000	2210.331543	664.961182
22.000000	2208.431152	691.355408
22.000000	2206.530762	675.883606
22.000000	2204.629395	714.930054
22.000000	2202.728027	656.377869
22.000000	2200.824707	653.602295
22.000000	2198.921387	692.613281
22.000000	2197.018066	699.951904
22.000000	2195.112793	659.204773
22.000000	2193.207520	647.578003
22.000000	2191.301270	657.453369
22.000000	2189.395020	705.237183
22.000000	2187.486816	701.186218
22.000000	2185.578613	660.513062
22.000000	2183.669434	671.630859
22.000000	2181.760254	719.338196
22.000000	2179.850098	711.502686
22.000000	2177.938965	709.978210
22.000000	2176.026855	671.897339
22.000000	2174.114746	699.371277
22.000000	2172.201660	696.592773
22.000000	2170.287598	712.704041
22.000000	2168.372559	725.027100
22.000000	2166.457520	699.592957
22.000000	2164.541504	744.614014
22.000000	2162.624512	714.161865
22.000000	2160.706543	731.492798
22.000000	2158.788574	750.067139
22.000000	2156.869629	763.603760
22.000000	2154.950684	743.232727
22.000000	2153.029785	764.291504
22.000000	2151.108887	745.189514
22.000000	2149.187012	736.134033
22.000000	2147.265137	737.113892
22.000000	2145.341309	750.624084
22.000000	2143.417480	739.070862
22.000000	2141.492676	760.083130
22.000000	2139.567871	727.255188
22.000000	2137.642090	735.743286
22.000000	2135.714355	786.751953
22.000000	2133.787598	747.698547
22.000000	2131.858887	763.668152
22.000000	2129.930176	774.628113
22.000000	2128.000488	741.867004
22.000000	2126.069824	742.838745
22.000000	2124.139160	763.777710
22.000000	2122.207520	784.700806
22.000000	2120.274902	810.596436
22.000000	2118.341309	771.649048
22.000000	2116.407715	802.514404
22.000000	2114.473145	817.162720
22.000000	2112.537598	811.876587
22.000000	2110.601074	810.328369
22.000000	2108.664551	806.292603
22.000000	2106.727051	820.916870
22.000000	2104.788574	814.393127
22.000000	2102.849121	779.287720
22.000000	2100.909668	797.632324
22.000000	2098.969238	822.172852
22.000000	2097.027832	819.382019
22.000000	2095.086426	837.690552
22.000000	2093.143066	851.022888
22.000000	2091.199707	843.263428
22.000000	2089.256348	845.426636
22.000000	2087.311035	830.239685
22.000000	2085.365723	829.928406
22.000000	2083.419434	870.478821
22.000000	2081.472168	841.683533
22.000000	2079.523926	852.503418
22.000000	2077.575684	860.841309
22.000000	2075.626465	858.045288
22.000000	2073.676270	856.487122
22.000000	2071.726074	914.231445
22.000000	2069.773926	886.718262
22.000000	2067.821777	871.570740
22.000000	2065.869629	882.349609
22.000000	2063.915527	825.272583
22.000000	2061.961426	869.354736
22.000000	2060.006348	896.146240
22.000000	2058.050293	865.004028
22.000000	2056.093262	859.751465
22.000000	2054.136230	908.678589
22.000000	2052.178223	889.874268
22.000000	2050.219238	889.539062
22.000000	2048.260254	880.594666
22.000000	2046.299438	893.786377
22.000000	2044.338501	872.557190
22.000000	2042.376587	894.341003
22.000000	2040.414673	912.424072
22.000000	2038.451782	934.175964
22.000000	2036.486938	892.101990
22.000000	2034.523071	899.125061
22.000000	2032.557251	881.619141
22.000000	2030.591431	918.057495
22.000000	2028.623657	916.485474
22.000000	2026.655884	945.533997
22.000000	2024.688110	926.811829
22.000000	2022.718384	950.938599
22.000000	2020.748657	923.664307
22.000000	2018.777954	977.124023
22.000000	2016.806274	930.300476
22.000000	2014.834595	940.946472
22.000000	2012.861938	922.267151
22.000000	2010.888306	993.961853
22.000000	2008.913696	950.863708
22.000000	2006.938110	993.209106
22.000000	2004.962524	970.878235
22.000000	2002.985962	1005.868103
22.000000	2001.008423	968.923645
22.000000	1999.029907	956.373108
22.000000	1997.051392	964.535339
22.000000	1995.071899	939.821716
22.000000	1993.091431	977.189758
22.000000	1991.109985	992.632874
22.000000	1989.128540	994.687988
22.000000	1987.145142	1022.267700
22.000000	1985.161743	1026.739746
22.000000	1983.178345	1004.486572
22.000000	1981.192993	1083.024780
22.000000	1979.207642	1054.698242
22.000000	1977.221313	1031.245850
22.000000	1975.234009	1083.002686
22.000000	1973.245728	1082.590820
22.000000	1971.257446	1010.679932
22.000000	1969.268188	1061.173462
22.000000	1967.277954	1014.754395
22.000000	1965.286743	1044.629639
22.000000	1963.294556	1046.651733
22.000000	1961.302368	1022.062195
22.000000	1959.309204	1020.463684
22.000000	1957.315063	1066.002319
22.000000	1955.319946	1060.763306
22.000000	1953.324829	1074.851196
22.000000	1951.328735	1075.648438
22.000000	1949.331665	1096.960083
22.000000	1947.333618	1071.208862
22.000000	1945.334595	1068.388306
22.000000	1943.335571	1088.472168
22.000000	1941.335571	1124.204468
22.000000	1939.334595	1098.481201
22.000000	1937.332642	1114.917725
22.000000	1935.330688	1137.359131
22.000000	1933.327759	1147.752319
22.000000	1931.323853	1160.542480
22.000000	1929.318970	1102.394287
22.000000	1927.313110	1133.217163
22.000000	1925.307251	1135.186035
22.000000	1923.300415	1091.523071
22.000000	1921.292603	1163.125366
22.000000	1919.283813	1120.684326
22.000000	1917.274048	1151.439941
22.000000	1915.264282	1142.606201
22.000000	1913.253540	1130.183472
22.000000	1911.241821	1193.246338
22.000000	1909.229126	1172.430054
22.000000	1907.216431	1168.389160
22.000000	1905.202759	1166.744507
22.000000	1903.188110	1189.024658
22.000000	1901.172485	1146.717529
22.000000	1899.155884	1183.331177
22.000000	1897.139282	1198.409668
22.000000	1895.120728	1205.115723
22.000000	1893.102173	1190.325928
22.000000	1891.083618	1230.446045
22.000000	1889.063110	1185.832520
22.000000	1887.042603	1210.419922
22.000000	1885.020142	1243.332764
22.000000	1882.997681	1228.555298
22.000000	1880.975220	1261.435181
22.000000	1878.950806	1239.517334
22.000000	1876.926392	1265.225586
22.000000	1874.900024	1221.906494
22.000000	1872.873657	1289.227661
22.000000	1870.847290	1287.542358
22.000000	1868.818970	1266.843506
22.000000	1866.790649	1266.355469
22.000000	1864.760376	1242.117676
22.000000	1862.730103	1334.227661
22.000000	1860.699829	1289.809937
22.000000	1858.667603	1292.870972
22.000000	1856.635376	1297.114990
22.000000	1854.601196	1358.245239
22.000000	1852.567017	1328.102417
22.000000	1850.532837	1313.378296
22.000000	1848.496704	1335.364136
22.000000	1846.460571	1260.295776
22.000000	1844.422485	1355.625488
22.000000	1842.384399	1297.161133
22.000000	1840.345337	1386.492310
22.000000	1838.306274	1350.510010
22.000000	1836.265259	1387.782837
22.000000	1834.224243	1396.691406
22.000000	1832.182251	1354.844971
22.000000	1830.139282	1329.546631
22.000000	1828.095337	1364.410156
22.000000	1826.051392	1342.663452
22.000000	1824.006470	1359.819092
22.000000	1821.959595	1374.605103
22.000000	1819.913696	1424.702759
22.000000	1817.865845	1425.327759
22.000000	1815.817017	1404.774536
22.000000	1813.768188	1391.293335
22.000000	1811.718384	1383.700317
22.000000	1809.667603	1463.074707
22.000000	1807.615845	1414.344360
22.000000	1805.563110	1395.007690
22.000000	1803.510376	1429.680298
22.000000	1801.455688	1402.138672
22.000000	1799.401001	1402.767212
22.000000	1797.346313	1386.981079
22.000000	1795.289673	1382.926514
22.000000	1793.232056	1406.991089
22.000000	1791.174438	1452.115845
22.000000	1789.115845	1496.034546
22.000000	1787.056274	1431.094727
22.000000	1784.995728	1452.762451
22.000000	1782.934204	1454.536011
22.000000	1780.872681	1417.737915
22.000000	1778.810181	1440.552856
22.000000	1776.745728	1506.561279
22.000000	1774.682251	1468.617310
22.000000	1772.616821	1500.720703
22.000000	1770.550415	1504.802368
22.000000	1768.484009	1519.375000
22.000000	1766.416626	1521.114258
22.000000	1764.348267	1476.245728
22.000000	1762.278931	1526.916992
22.000000	1760.208618	1537.964233
22.000000	1758.137329	1523.399048
22.000000	1756.066040	1489.068115
22.000000	1753.993774	1540.816895
22.000000	1751.920532	1509.992554
22.000000	1749.846313	1574.473633
22.000000	1747.771118	1541.336426
22.000000	1745.695923	1497.775146
22.000000	1743.619751	1521.563110
22.000000	1741.541626	1532.570312
22.000000	1739.463501	1529.652100
22.000000	1737.385376	1551.080078
22.000000	1735.305298	1584.078857
22.000000	1733.225220	1487.316772
22.000000	1731.143188	1504.103516
22.000000	1729.061157	1548.655396
22.000000	1726.978149	1545.735474
22.000000	1724.894165	1552.069824
22.000000	1722.810181	1613.890747
22.000000	1720.724243	1605.169434
22.000000	1718.638306	1616.092651
22.000000	1716.551392	1609.686035
22.000000	1714.463501	1628.677979
22.000000	1712.374634	1614.193970
22.000000	1710.284790	1540.899170
22.000000	1708.194946	1609.469971
22.000000	1706.103149	1590.399414
22.000000	1704.011353	1609.359863
22.000000	1701.918579	1662.851807
22.000000	1699.824829	1661.048218
22.000000	1697.730103	1696.066650
22.000000	1695.635376	1640.191040
22.000000	1693.538696	1669.440674
22.000000	1691.442017	1700.965454
22.000000	1689.344360	1664.682983
22.000000	1687.245728	1693.887329
22.000000	1685.146118	1682.890137
22.000000	1683.046509	1718.948486
22.000000	1680.944946	1691.890625
22.000000	1678.843384	1686.638916
22.000000	1676.740845	1732.967407
22.000000	1674.637329	1711.663086
22.000000	1672.532837	1763.670654
22.000000	1670.427368	1721.764038
22.000000	1668.321899	1759.993774
22.000000	1666.214478	1751.293579
22.000000	1664.107056	1718.587646
22.000000	1661.998657	1754.486206
22.000000	1659.889282	1762.935181
22.000000	1657.778931	1788.508423
22.000000	1655.667603	1796.936523
22.000000	1653.556274	1767.698364
22.000000	1651.442993	1730.497681
22.000000	1649.329712	1782.268311
22.000000	1647.215454	1733.692017
22.000000	1645.100220	1762.631958
22.000000	1642.984009	1846.217651
22.000000	1640.867798	1781.733398
22.000000	1638.749634	1843.622070
22.000000	1636.631470	1824.692505
22.000000	1634.512329	1798.954590
22.000000	1632.392212	1813.020752
22.000000	1630.271118	1803.214233
22.000000	1628.149048	1850.204712
22.000000	1626.026001	1825.630981
22.000000	1623.902954	1853.281372
22.000000	1621.777954	1820.783813
22.000000	1619.652954	1821.197510
22.000000	1617.526978	1808.007812
22.000000	1615.400024	1835.619629
22.000000	1613.272095	1880.198975
22.000000	1611.143188	1826.240967
22.000000	1609.014282	1867.392578
22.000000	1606.884399	1882.491089
22.000000	1604.752563	1876.090820
22.000000	1602.620728	1823.348511
22.000000	1600.487915	1820.365845
22.000000	1598.354126	1842.234375
22.000000	1596.219360	1862.956055
22.000000	1594.084595	1858.831299
22.000000	1591.947876	1854.709229
22.000000	1589.811157	1865.250488
22.000000	1587.673462	1892.692017
22.000000	1585.534790	1840.106689
22.000000	1583.395142	1861.903564
22.000000	1581.254517	1879.178955
22.000000	1579.112915	1879.557983
22.000000	1576.971313	1904.687012
22.000000	1574.827759	1896.057983
22.000000	1572.684204	1887.435303
22.000000	1570.539673	1901.292969
22.000000	1568.394165	1905.029907
22.000000	1566.247681	1913.254517
22.000000	1564.100220	1922.594604
22.000000	1561.951782	1938.658203
22.000000	1559.803345	1937.886597
22.000000	1557.652954	1858.644043
22.000000	1555.502563	1963.237549
22.000000	1553.351196	1959.095337
22.000000	1551.198853	1926.963989
22.000000	1549.045532	1906.050049
22.000000	1546.891235	1984.724243
22.000000	1544.735962	1939.199585
22.000000	1542.580688	1951.841187
22.000000	1540.423462	1926.479126
22.000000	1538.266235	1982.677856
22.000000	1536.108032	1952.856445
22.000000	1533.948853	2001.186035
22.000000	1531.788696	1999.271729
22.000000	1529.627563	2052.004150
22.000000	1527.465454	2013.282715
22.000000	1525.302368	1987.963379
22.000000	1523.139282	2067.369141
22.000000	1520.974243	2030.913086
22.000000	1518.809204	2010.067627
22.000000	1516.643188	2072.679688
22.000000	1514.476196	2007.348999
22.000000	1512.308228	2093.255859
22.000000	1510.139282	2121.310303
22.000000	1507.969360	2060.480225
22.000000	1505.799438	2118.502930
22.000000	1503.627563	2083.249023
22.000000	1501.455688	2062.445312
22.000000	1499.281860	2156.992920
22.000000	1497.108032	2067.445312
22.000000	1494.933228	2022.293091
22.000000	1492.757446	2068.004639
22.000000	1490.580688	2104.821533
22.000000	1488.403931	2038.678345
22.000000	1486.225220	2037.861206
22.000000	1484.045532	2114.456299
22.000000	1481.865845	2105.870361
22.000000	1479.685181	2109.445557
22.000000	1477.502563	2083.194580
22.000000	1475.319946	2116.586182
22.000000	1473.136353	2124.566162
22.000000	1470.951782	2147.984375
22.000000	1468.766235	2126.168945
22.000000	1466.580688	2087.835449
22.000000	1464.393188	2096.914062
22.000000	1462.205688	2088.361328
22.000000	1460.016235	2154.684082
22.000000	1457.826782	2162.622559
22.000000	1455.636353	2110.047119
22.000000	1453.444946	2106.999268
22.000000	1451.251587	2123.739990
22.000000	1449.059204	2121.786865
22.000000	1446.864868	2137.408691
22.000000	1444.669556	2171.681885
22.000000	1442.473267	2117.031494
22.000000	1440.276978	2126.052490
22.000000	1438.078735	2143.838379
22.000000	1435.880493	2145.167236
22.000000	1433.681274	2182.653076
22.000000	1431.480103	2194.916992
22.000000	1429.278931	2125.058350
22.000000	1427.076782	2160.316406
22.000000	1424.873657	2188.981934
22.000000	1422.670532	2208.875977
22.000000	1420.465454	2158.797119
22.000000	1418.259399	2139.351807
22.000000	1416.053345	2231.323975
22.000000	1413.845337	2220.597656
22.000000	1411.637329	2231.705811
22.000000	1409.428345	2364.980225
22.000000	1407.217407	2348.759277
22.000000	1405.006470	2341.270996
22.000000	1402.794556	2313.086670
22.000000	1400.581665	2260.964600
22.000000	1398.367798	2239.366211
22.000000	1396.153931	2149.227295
22.000000	1393.938110	2190.781738
22.000000	1391.721313	2207.293213
22.000000	1389.504517	2229.225098
22.000000	1387.285767	2155.530762
22.000000	1385.067017	2194.841064
22.000000	1382.847290	2157.043213
22.000000	1380.625610	2139.893066
22.000000	1378.403931	2239.903564
22.000000	1376.181274	2175.025146
22.000000	1373.957642	2239.173584
22.000000	1371.733032	2252.350342
22.000000	1369.507446	2262.267090
22.000000	1367.281860	2225.627686
22.000000	1365.054321	2236.628174
22.000000	1362.825806	2277.904541
22.000000	1360.597290	2257.519531
22.000000	1358.366821	2258.765381
22.000000	1356.136353	2266.491455
22.000000	1353.904907	2242.894531
22.000000	1351.672485	2260.334473
22.000000	1349.438110	2229.205078
22.000000	1347.203735	2349.098389
22.000000	1344.968384	2307.175781
22.000000	1342.732056	2336.413818
22.000000	1340.494751	2252.516846
22.000000	1338.257446	2329.131592
22.000000	1336.018188	2295.893799
22.000000	1333.777954	2344.453369
22.000000	1331.537720	2319.839355
22.000000	1329.295532	2342.547119
22.000000	1327.053345	2343.743408
22.000000	1324.809204	2326.677246
22.000000	1322.565063	2351.500244
22.000000	1320.318970	2375.229492
22.000000	1318.072876	2405.375732
22.000000	1315.825806	2429.062256
22.000000	1313.577759	2373.401123
22.000000	1311.328735	2358.504150
22.000000	1309.078735	2406.814941
22.000000	1306.827759	2386.561768
22.000000	1304.575806	2368.465088
22.000000	1302.322876	2398.524170
22.000000	1300.069946	2445.668457
22.000000	1297.815063	2436.119385
22.000000	1295.559204	2380.631836
22.000000	1293.303345	2431.996094
22.000000	1291.045532	2356.269287
22.000000	1288.787720	2342.501221
22.000000	1286.528931	2417.285156
22.000000	1284.268188	2366.180908
22.000000	1282.007446	2379.071045
22.000000	1279.745728	2367.444824
22.000000	1277.483032	2413.338379
22.000000	1275.218384	2394.254395
22.000000	1272.953735	2348.581543
22.000000	1270.688110	2334.856689
22.000000	1268.421509	2391.319336
22.000000	1266.153931	2478.557617
22.000000	1263.886353	2388.301270
22.000000	1261.616821	2351.217041
22.000000	1259.346313	2387.408936
22.000000	1257.074829	2446.914795
22.000000	1254.803345	2399.243652
22.000000	1252.529907	2329.345703
22.000000	1250.255493	2357.006592
22.000000	1247.981079	2407.950195
22.000000	1245.704712	2386.843994
22.000000	1243.428345	2378.456299
22.000000	1241.151001	2360.552490
22.000000	1238.871704	2332.086426
22.000000	1236.592407	2334.301758
22.000000	1234.312134	2318.549805
22.000000	1232.029907	2361.964844
22.000000	1229.747681	2370.499023
22.000000	1227.464478	2409.634033
22.000000	1225.180298	2369.608887
22.000000	1222.895142	2340.161865
22.000000	1220.609009	2353.959473
22.000000	1218.321899	2331.917969
22.000000	1216.033813	2285.668213
22.000000	1213.744751	2356.324463
22.000000	1211.454712	2317.468506
22.000000	1209.163696	2339.660156
22.000000	1206.871704	2347.111084
22.000000	1204.579712	2398.703125
22.000000	1202.285767	2298.949951
22.000000	1199.990845	2323.211182
22.000000	1197.695923	2306.507812
22.000000	1195.399048	2254.137451
22.000000	1193.101196	2429.438477
22.000000	1190.803345	2372.865479
22.000000	1188.503540	2358.262939
22.000000	1186.203735	2399.199219
22.000000	1183.901978	2364.698975
22.000000	1181.600220	2342.788574
22.000000	1179.296509	2319.848877
22.000000	1176.992798	2373.282959
22.000000	1174.687134	2430.854248
22.000000	1172.381470	2352.514893
22.000000	1170.074829	2363.036133
22.000000	1167.767212	2367.282715
22.000000	1165.457642	2345.430176
22.000000	1163.148071	2402.891357
22.000000	1160.837524	2359.138916
22.000000	1158.526001	2393.610840
22.000000	1156.212524	2364.486328
22.000000	1153.899048	2383.301514
22.000000	1151.584595	2428.130859
22.000000	1149.269165	2402.148926
22.000000	1146.952759	2344.976807
22.000000	1144.635376	2451.120850
22.000000	1142.317017	2474.016357
22.000000	1139.997681	2476.110840
22.000000	1137.677368	2484.434814
22.000000	1135.356079	2506.248047
22.000000	1133.033813	2485.493408
22.000000	1130.710571	2517.660400
22.000000	1128.386353	2523.877197
22.000000	1126.061157	2476.190186
22.000000	1123.734985	2529.040771
22.000000	1121.407837	2544.563721
22.000000	1119.079712	2490.714355
22.000000	1116.750610	2561.082520
22.000000	1114.420532	2487.616943
22.000000	1112.089478	2552.757080
22.000000	1109.758423	2545.498291
22.000000	1107.425415	2560.972168
22.000000	1105.091431	2555.779785
22.000000	1102.756470	2576.396240
22.000000	1100.420532	2537.151855
22.000000	1098.083618	2644.391357
22.000000	1095.746704	2519.583008
22.000000	1093.407837	2646.319092
22.000000	1091.067993	2628.739502
22.000000	1088.727173	2588.521729
22.000000	1086.385376	2599.797363
22.000000	1084.043579	2590.487305
22.000000	1081.699829	2589.411133
22.000000	1079.355103	2603.754395
22.000000	1077.009399	2765.018311
22.000000	1074.663696	2687.864990
22.000000	1072.316040	2919.797607
22.000000	1069.967407	3597.944336
22.000000	1067.617798	5290.040527
22.000000	1065.267212	7417.536133
22.000000	1062.916626	9064.611328
22.000000	1060.564087	9141.776367
22.000000	1058.210571	7791.290039
22.000000	1055.856079	5897.336426
22.000000	1053.500610	4278.163086
22.000000	1051.145142	3505.180420
22.000000	1048.787720	3154.063965
22.000000	1046.429321	2995.367920
22.000000	1044.069946	2851.104736
22.000000	1041.709595	2788.649902
22.000000	1039.349243	2783.404785
22.000000	1036.986938	2660.833496
22.000000	1034.623657	2716.834473
22.000000	1032.259399	2648.420410
22.000000	1029.894165	2623.878906
22.000000	1027.527954	2646.210938
22.000000	1025.160767	2581.982178
22.000000	1022.793579	2624.665771
22.000000	1020.424438	2580.844238
22.000000	1018.054321	2606.204834
22.000000	1015.683228	2636.625488
22.000000	1013.311157	2647.716309
22.000000	1010.938110	2667.937256
22.000000	1008.564087	2632.306885
22.000000	1006.189087	2637.294922
22.000000	1003.813110	2557.076172
22.000000	1001.436157	2708.089844
22.000000	999.058228	2623.853271
22.000000	996.679321	2642.003418
22.000000	994.299438	2643.935791
22.000000	991.917603	2610.439209
22.000000	989.535767	2644.758545
22.000000	987.152954	2639.605957
22.000000	984.769165	2692.079346
22.000000	982.384399	2591.923340
22.000000	979.997681	2663.562988
22.000000	977.610962	2675.572510
22.000000	975.223267	2624.999023
22.000000	972.834595	2678.374268
22.000000	970.443970	2652.041992
22.000000	968.053345	2634.802734
22.000000	965.661743	2667.954102
22.000000	963.268188	2664.820801
22.000000	960.874634	2712.023926
22.000000	958.479126	2738.055176
22.000000	956.083618	2697.677979
22.000000	953.686157	2699.561768
22.000000	951.288696	2726.568604
22.000000	948.889282	2722.409912
22.000000	946.488892	2697.166504
22.000000	944.088501	2763.283691
22.000000	941.686157	2792.222168
22.000000	939.282837	2761.964844
22.000000	936.879517	2728.724854
22.000000	934.474243	2754.632812
22.000000	932.067993	2749.468018
22.000000	929.660767	2719.276855
22.000000	927.252563	2704.121826
22.000000	924.843384	2792.016602
22.000000	922.433228	2800.841064
22.000000	920.022095	2834.645508
22.000000	917.609985	2808.474609
22.000000	915.196899	2850.235352
22.000000	912.782837	2786.144531
22.000000	910.367798	2822.888916
22.000000	907.951782	2929.420898
22.000000	905.533813	2820.510498
22.000000	903.115845	2832.277344
22.000000	900.696899	2853.994873
22.000000	898.276001	2865.736328
22.000000	895.855103	2861.541748
22.000000	893.432251	2835.462402
22.000000	891.009399	2766.641602
22.000000	888.584595	2781.379150
22.000000	886.159790	2768.281494
22.000000	883.733032	2809.821533
22.000000	881.305298	2807.642334
22.000000	878.876587	2760.807129
22.000000	876.447876	2746.745605
22.000000	874.017212	2780.289307
22.000000	871.585571	2790.016846
22.000000	869.152954	2790.819336
22.000000	866.719360	2759.930908
22.000000	864.284790	2705.311279
22.000000	861.848267	2783.323486
22.000000	859.411743	2818.740479
22.000000	856.974243	2779.980713
22.000000	854.535767	2784.733643
22.000000	852.095337	2784.542969
22.000000	849.654907	2778.427734
22.000000	847.212524	2737.773926
22.000000	844.770142	2788.900391
22.000000	842.325806	2700.941895
22.000000	839.880493	2704.726318
22.000000	837.435181	2695.698242
22.000000	834.987915	2731.980469
22.000000	832.539673	2764.293213
22.000000	830.090454	2777.881836
22.000000	827.640259	2708.835693
22.000000	825.189087	2691.955811
22.000000	822.736938	2767.469971
22.000000	820.283813	2793.801514
22.000000	817.829712	2768.067871
22.000000	815.373657	2706.039062
22.000000	812.917603	2724.512451
22.000000	810.459595	2736.104736
22.000000	808.001587	2767.291504
22.000000	805.541626	2762.196777
22.000000	803.081665	2814.892334
22.000000	800.619751	2759.850342
22.000000	798.156860	2759.656006
22.000000	795.692993	2776.090332
22.000000	793.228149	2775.887939
22.000000	790.762329	2784.481201
22.000000	788.295532	2714.911377
22.000000	785.827759	2692.272949
22.000000	783.359009	2725.291260
22.000000	780.888306	2791.454346
22.000000	778.417603	2759.057373
22.000000	775.945923	2781.279541
22.000000	773.472290	2794.711914
22.000000	770.997681	2793.521729
22.000000	768.523071	2808.883301
22.000000	766.046509	2801.847412
22.000000	763.568970	2833.728271
22.000000	761.090454	2777.095459
22.000000	758.610962	2839.088867
22.000000	756.130493	2889.370117
22.000000	753.649048	2892.022461
22.000000	751.165649	2920.881348
22.000000	748.682251	2921.575684
22.000000	746.197876	2947.486084
22.000000	743.711548	2821.166016
22.000000	741.224243	2901.362793
22.000000	738.736938	2933.058105
22.000000	736.247681	2947.297363
22.000000	733.757446	2856.031494
22.000000	731.266235	2797.734619
22.000000	728.774048	2867.129639
22.000000	726.280884	2789.544678
22.000000	723.785767	2926.513916
22.000000	721.290649	2881.803955
22.000000	718.794556	2860.299561
22.000000	716.296509	2937.235352
22.000000	713.797485	2938.872559
22.000000	711.298462	2881.697266
22.000000	708.797485	2879.500488
22.000000	706.295532	2924.505371
22.000000	703.792603	2973.322266
22.000000	701.288696	2947.988037
22.000000	698.783813	3015.992188
22.000000	696.276978	3048.357422
22.000000	693.770142	3159.513672
22.000000	691.261353	3186.983887
22.000000	688.752563	3318.151855
22.000000	686.241821	3297.530029
22.000000	683.730103	3243.340088
22.000000	681.217407	3164.257568
22.000000	678.703735	3116.880615
22.000000	676.189087	2974.668213
22.000000	673.673462	3005.961426
22.000000	671.155884	2910.835205
22.000000	668.638306	2915.328369
22.000000	666.118774	2897.812988
22.000000	663.599243	2961.595703
22.000000	661.077759	2855.178223
22.000000	658.555298	2894.080811
22.000000	656.031860	2888.062256
22.000000	653.507446	2904.959229
22.000000	650.982056	2939.971191
22.000000	648.454712	2989.259521
22.000000	645.927368	2988.927490
22.000000	643.398071	2972.394287
22.000000	640.868774	2917.770752
22.000000	638.337524	2926.989502
22.000000	635.805298	2930.488770
22.000000	633.272095	2859.778320
22.000000	630.737915	2818.607422
22.000000	628.202759	2824.998047
22.000000	625.665649	2845.634521
22.000000	623.128540	2907.090332
22.000000	620.589478	2789.072754
22.000000	618.049438	2807.797852
22.000000	615.509399	2815.124023
22.000000	612.967407	2852.781982
22.000000	610.424438	2856.290527
22.000000	607.879517	2846.533203
22.000000	605.334595	2831.102783
22.000000	602.787720	2864.899902
22.000000	600.240845	2903.397461
22.000000	597.692017	2817.983154
22.000000	595.142212	2881.987305
22.000000	592.591431	2854.288086
22.000000	590.039673	2881.387695
22.000000	587.486938	2898.079346
22.000000	584.933228	2872.293945
22.000000	582.377563	2905.950684
22.000000	579.820923	2949.005371
22.000000	577.264282	2925.114014
22.000000	574.705688	2995.438477
22.000000	572.146118	2951.773193
22.000000	569.585571	2974.025391
22.000000	567.023071	2969.916504
22.000000	564.460571	2971.452637
22.000000	561.896118	3042.541016
22.000000	559.331665	3046.861328
22.000000	556.765259	3028.638184
22.000000	554.197876	3055.488037
22.000000	551.629517	3017.571045
22.000000	549.059204	3050.966064
22.000000	546.488892	3027.144531
22.000000	543.916626	2992.097900
22.000000	541.344360	3065.734863
22.000000	538.770142	3008.229736
22.000000	536.194946	3022.835205
22.000000	533.618774	3044.910645
22.000000	531.041626	3071.641357
22.000000	528.462524	3086.197754
22.000000	525.883423	3103.543457
22.000000	523.302368	3059.239990
22.000000	520.720337	3042.977295
22.000000	518.137329	3120.963135
22.000000	515.553345	3058.987549
22.000000	512.968384	3094.015137
22.000000	510.381439	3084.284668
22.000000	507.794525	3009.363770
22.000000	505.205658	3101.155762
22.000000	502.615814	3060.722656
22.000000	500.024994	3123.574951
22.000000	497.433197	283.584320
22.000000	494.839447	30.669548
22.000000	492.245697	7.431808
22.000000	489.649994	6.500002
22.000000	487.053314	8.353508
22.000000	484.455658	7.422109
22.000000	481.857025	0.927360
22.000000	479.257416	8.342603
33.000000	2681.806152	-393.691162
33.000000	2680.073730	-82.076958
33.000000	2678.340332	-20.859930
33.000000	2676.606934	-16.682270
33.000000	2674.872559	-6.948582
33.000000	2673.138184	9.724705
33.000000	2671.402832	-5.555083
33.000000	2669.666504	11.106382
33.000000	2667.930176	215.112854
33.000000	2666.192871	223.363678
33.000000	2664.455566	221.900665
33.000000	2662.717285	248.166718
33.000000	2660.978027	230.064926
33.000000	2659.238770	242.455566
33.000000	2657.498535	231.292908
33.000000	2655.758301	231.213928
33.000000	2654.017090	229.750916
33.000000	2652.274902	242.124527
33.000000	2650.532715	235.126282
33.000000	2648.789551	232.280624
33.000000	2647.045410	241.876221
33.000000	2645.301270	245.938492
33.000000	2643.556152	252.760315
33.000000	2641.811035	231.962799
33.000000	2640.064941	236.024109
33.000000	2638.318848	244.221939
33.000000	2636.570801	242.758911
33.000000	2634.823730	253.706375
33.000000	2633.074707	256.376068
33.000000	2631.325684	248.020752
33.000000	2629.575684	261.709808
33.000000	2627.825684	261.619934
33.000000	2626.074707	272.541870
33.000000	2624.323730	273.824219
33.000000	2622.571777	269.603485
33.000000	2620.818848	258.510345
33.000000	2619.065918	272.167236
33.000000	2617.312012	272.073578
33.000000	2615.557129	289.837189
33.000000	2613.802246	270.513092
33.000000	2612.046387	260.811096
33.000000	2610.290527	300.515503
33.000000	2608.533691	246.913910
33.000000	2606.775879	279.739258
33.000000	2605.018066	286.496765
33.000000	2603.259277	275.435303
33.000000	2601.499512	293.148285
33.000000	2599.739746	251.965698
33.000000	2597.979004	303.897095
33.000000	2596.218262	290.107758
33.000000	2594.456543	294.111359
33.000000	2592.693848	299.479614
33.000000	2590.931152	295.274963
33.000000	2589.167480	291.073181
33.000000	2587.403809	300.534912
33.000000	2585.638184	304.527649
33.000000	2583.873535	275.754608
33.000000	2582.106934	296.128784
33.000000	2580.340332	290.569458
33.000000	2578.572754	282.286499
33.000000	2576.805176	295.820892
33.000000	2575.036621	306.620300
33.000000	2573.268066	296.977905
33.000000	2571.498535	310.492889
33.000000	2569.728027	272.267609
33.000000	2567.956543	318.442413
33.000000	2566.185059	326.494110
33.000000	2564.413574	319.580994
33.000000	2562.640137	304.515961
33.000000	2560.866699	289.461304
33.000000	2559.093262	290.719086
33.000000	2557.317871	309.630249
33.000000	2555.543457	302.734650
33.000000	2553.767090	301.272125
33.000000	2551.990723	318.803040
33.000000	2550.213379	322.760315
33.000000	2548.436035	332.137421
33.000000	2546.657715	303.562561
33.000000	2544.878418	306.166077
33.000000	2543.099121	303.350739
33.000000	2541.318848	320.843842
33.000000	2539.537598	332.911469
33.000000	2537.756348	327.383850
33.000000	2535.974121	336.735901
33.000000	2534.191895	323.099365
33.000000	2532.408691	332.446228
33.000000	2530.624512	313.416809
33.000000	2528.839355	341.666840
33.000000	2527.054199	319.947388
33.000000	2525.269043	327.932465
33.000000	2523.481934	330.515656
33.000000	2521.694824	343.885559
33.000000	2519.907715	362.638367
33.000000	2518.119629	353.077850
33.000000	2516.330566	336.788147
33.000000	2514.540527	323.203186
33.000000	2512.750488	331.166992
33.000000	2510.959473	340.470856
33.000000	2509.168457	330.934448
33.000000	2507.376465	345.610840
33.000000	2505.583496	338.767792
33.000000	2503.789551	352.087128
33.000000	2501.995605	321.065765
33.000000	2500.201660	323.638611
33.000000	2498.405762	353.058105
33.000000	2496.609863	335.488434
33.000000	2494.813965	363.541412
33.000000	2493.016113	367.436371
33.000000	2491.219238	374.009583
33.000000	2489.420410	396.658844
33.000000	2487.621582	375.085510
33.000000	2485.821777	376.292358
33.000000	2484.020996	385.530121
33.000000	2482.220215	361.306915
33.000000	2480.418457	351.815460
33.000000	2478.616699	366.400726
33.000000	2476.813965	372.955078
33.000000	2475.010254	398.212708
33.000000	2473.205566	351.318512
33.000000	2471.400879	384.577789
33.000000	2469.596191	395.120697
33.000000	2467.789551	398.984070
33.000000	2465.982910	396.175018
33.000000	2464.175293	405.368896
33.000000	2462.367676	397.227478
33.000000	2460.559082	402.416779
33.000000	2458.749512	427.582794
33.000000	2456.939941	384.821259
33.000000	2455.129395	375.367188
33.000000	2453.317871	377.895264
33.000000	2451.506348	404.364075
33.000000	2449.693848	417.517303
33.000000	2447.880371	410.723053
33.000000	2446.066895	394.632446
33.000000	2444.252441	402.461761
33.000000	2442.437012	402.318756
33.000000	2440.621582	431.376617
33.000000	2438.805176	448.472137
33.000000	2436.988770	436.375305
33.000000	2435.170410	425.612854
33.000000	2433.352051	406.905426
33.000000	2431.533691	438.559418
33.000000	2429.714355	405.291199
33.000000	2427.894043	434.274994
33.000000	2426.072754	447.355621
33.000000	2424.251465	444.550018
33.000000	2422.429199	428.520355
33.000000	2420.605957	440.266602
33.000000	2418.782715	444.074463
33.000000	2416.958496	466.376007
33.000000	2415.134277	430.550415
33.000000	2413.308105	448.879944
33.000000	2411.482910	483.033417
33.000000	2409.655762	464.390717
33.000000	2407.828613	448.398895
33.000000	2406.000488	448.238556
33.000000	2404.171387	430.945831
33.000000	2402.342285	454.504944
33.000000	2400.512207	462.243866
33.000000	2398.681152	471.293610
33.000000	2396.850098	439.541046
33.000000	2395.018066	455.169830
33.000000	2393.186035	481.307709
33.000000	2391.352051	460.101959
33.000000	2389.518066	483.590881
33.000000	2387.684082	440.067505
33.000000	2385.848145	458.293915
33.000000	2384.012207	462.067505
33.000000	2382.176270	472.399414
33.000000	2380.338379	501.088257
33.000000	2378.500488	468.126312
33.000000	2376.662598	456.160858
33.000000	2374.822754	469.100250
33.000000	2372.982910	478.100647
33.000000	2371.143066	508.044769
33.000000	2369.301270	490.846008
33.000000	2367.459473	503.753906
33.000000	2365.616699	527.116211
33.000000	2363.773926	489.008667
33.000000	2361.930176	500.595886
33.000000	2360.085449	480.817017
33.000000	2358.240723	511.990051
33.000000	2356.394043	524.861755
33.000000	2354.548340	486.822998
33.000000	2352.700684	484.038025
33.000000	2350.853027	499.513947
33.000000	2349.004395	471.955048
33.000000	2347.154785	499.153412
33.000000	2345.305176	500.275940
33.000000	2343.454590	519.630188
33.000000	2341.604004	531.159180
33.000000	2339.751465	533.570007
33.000000	2337.898926	517.766052
33.000000	2336.046387	514.977905
33.000000	2334.191895	490.091980
33.000000	2332.337402	519.803345
33.000000	2330.481934	502.727692
33.000000	2328.626465	522.024170
33.000000	2326.770020	528.325562
33.000000	2324.912598	535.919922
33.000000	2323.054199	516.268372
33.000000	2321.195801	535.531494
33.000000	2319.336426	535.337341
33.000000	2317.477051	535.143188
33.000000	2315.616699	534.949036
33.000000	2313.755371	524.396423
33.000000	2311.893066	537.149414
33.000000	2310.030762	566.713257
33.000000	2308.167480	532.879089
33.000000	2306.303223	555.958191
33.000000	2304.437988	559.633484
33.000000	2302.572754	531.006348
33.000000	2300.707520	525.647156
33.000000	2298.840332	578.388855
33.000000	2296.973145	561.400879
33.000000	2295.104980	574.097656
33.000000	2293.235840	533.909851
33.000000	2291.366699	555.631287
33.000000	2289.496582	605.688110
33.000000	2287.625488	596.449829
33.000000	2285.754395	598.807922
33.000000	2283.882324	566.407349
33.000000	2282.009277	597.084473
33.000000	2280.136230	587.862244
33.000000	2278.261230	603.078308
33.000000	2276.387207	546.300049
33.000000	2274.511230	606.492859
33.000000	2272.635254	624.254028
33.000000	2270.758301	579.085815
33.000000	2268.880371	585.291870
33.000000	2267.002441	619.720703
33.000000	2265.123535	610.515930
33.000000	2263.243652	625.678223
33.000000	2261.362793	629.294250
33.000000	2259.481934	641.875916
33.000000	2257.600098	631.395203
33.000000	2255.718262	606.839233
33.000000	2253.834473	650.129578
33.000000	2251.950684	611.512024
33.000000	2250.065918	638.143677
33.000000	2248.181152	673.704285
33.000000	2246.295410	655.566589
33.000000	2244.408691	660.435913
33.000000	2242.520996	637.208130
33.000000	2240.633301	643.356812
33.000000	2238.744629	629.084290
33.000000	2236.854980	645.435669
33.000000	2234.965332	631.172546
33.000000	2233.074707	633.489929
33.000000	2231.183105	647.272888
33.000000	2229.290527	648.308716
33.000000	2227.397949	646.797119
33.000000	2225.504395	694.923889
33.000000	2223.610840	675.583984
33.000000	2221.715332	635.908997
33.000000	2219.819824	656.016541
33.000000	2217.923340	677.380005
33.000000	2216.026855	692.375488
33.000000	2214.128418	683.230835
33.000000	2212.229980	669.014832
33.000000	2210.331543	711.914551
33.000000	2208.431152	701.503784
33.000000	2206.530762	658.130554
33.000000	2204.629395	669.296204
33.000000	2202.728027	679.186401
33.000000	2200.824707	694.135742
33.000000	2198.921387	712.872559
33.000000	2197.018066	702.483398
33.000000	2195.112793	698.428101
33.000000	2193.207520	698.170044
33.000000	2191.301270	677.682678
33.000000	2189.395020	706.501038
33.000000	2187.486816	707.503235
33.000000	2185.578613	731.237183
33.000000	2183.669434	715.817078
33.000000	2181.760254	691.574219
33.000000	2179.850098	731.687195
33.000000	2177.938965	741.504761
33.000000	2176.026855	734.927124
33.000000	2174.114746	705.671875
33.000000	2172.201660	728.084290
33.000000	2170.287598	725.296021
33.000000	2168.372559	728.803284
33.000000	2166.457520	694.559937
33.000000	2164.541504	721.973755
33.000000	2162.624512	734.279114
33.000000	2160.706543	752.859436
33.000000	2158.788574	746.297974
33.000000	2156.869629	740.997070
33.000000	2154.950684	745.743652
33.000000	2153.029785	779.351440
33.000000	2151.108887	738.916870
33.000000	2149.187012	728.609680
33.000000	2147.265137	745.889038
33.000000	2145.341309	721.802124
33.000000	2143.417480	796.693359
33.000000	2141.492676	735.039246
33.000000	2139.567871	776.072693
33.000000	2137.642090	759.517273
33.000000	2135.714355	741.723206
33.000000	2133.787598	770.204529
33.000000	2131.858887	773.667114
33.000000	2129.930176	769.630493
33.000000	2128.000488	766.845642
33.000000	2126.069824	786.535156
33.000000	2124.139160	767.521729
33.000000	2122.207520	783.453308
33.000000	2120.274902	818.078857
33.000000	2118.341309	764.169434
33.000000	2116.407715	812.483521
33.000000	2114.473145	783.529480
33.000000	2112.537598	796.934021
33.000000	2110.601074	825.265320
33.000000	2108.664551	839.888184
33.000000	2106.727051	832.111206
33.000000	2104.788574	787.039429
33.000000	2102.849121	816.574219
33.000000	2100.909668	819.995850
33.000000	2098.969238	803.543579
33.000000	2097.027832	815.657593
33.000000	2095.086426	841.413574
33.000000	2093.143066	868.390686
33.000000	2091.199707	802.340332
33.000000	2089.256348	816.915161
33.000000	2087.311035	872.371277
33.000000	2085.365723	862.134583
33.000000	2083.419434	879.146484
33.000000	2081.472168	851.585693
33.000000	2079.523926	843.842285
33.000000	2077.575684	849.709717
33.000000	2075.626465	866.699951
33.000000	2073.676270	850.307556
33.000000	2071.726074	885.816162
33.000000	2069.773926	886.718262
33.000000	2067.821777	911.075378
33.000000	2065.869629	902.094482
33.000000	2063.915527	845.010071
33.000000	2061.961426	880.452881
33.000000	2060.006348	869.027649
33.000000	2058.050293	903.202209
33.000000	2056.093262	881.922729
33.000000	2054.136230	885.284424
33.000000	2052.178223	866.488892
33.000000	2050.219238	915.376282
33.000000	2048.260254	911.341675
33.000000	2046.299438	903.621704
33.000000	2044.338501	873.786133
33.000000	2042.376587	900.483459
33.000000	2040.414673	918.564209
33.000000	2038.451782	916.990051
33.000000	2036.486938	916.643982
33.000000	2034.523071	948.190552
33.000000	2032.557251	923.309082
33.000000	2030.591431	904.574707
33.000000	2028.623657	920.161194
33.000000	2026.655884	907.565674
33.000000	2024.688110	936.606384
33.000000	2022.718384	953.386353
33.000000	2020.748657	959.142822
33.000000	2018.777954	944.104797
33.000000	2016.806274	952.304932
33.000000	2014.834595	993.492859
33.000000	2012.861938	974.793640
33.000000	2010.888306	940.234192
33.000000	2008.913696	970.393677
33.000000	2006.938110	966.365601
33.000000	2004.962524	941.605530
33.000000	2002.985962	979.044922
33.000000	2001.008423	938.454346
33.000000	1999.029907	947.844971
33.000000	1997.051392	1004.724304
33.000000	1995.071899	969.039001
33.000000	1993.091431	1018.565125
33.000000	1991.109985	991.416382
33.000000	1989.128540	1015.359985
33.000000	1987.145142	1007.681213
33.000000	1985.161743	990.287415
33.000000	1983.178345	999.628113
33.000000	1981.192993	1011.389771
33.000000	1979.207642	1006.150513
33.000000	1977.221313	1059.150146
33.000000	1975.234009	1023.577026
33.000000	1973.245728	1046.221558
33.000000	1971.257446	1020.374695
33.000000	1969.268188	1053.905151
33.000000	1967.277954	1003.856079
33.000000	1965.286743	1057.944702
33.000000	1963.294556	1013.981689
33.000000	1961.302368	1054.719849
33.000000	1959.309204	1061.572388
33.000000	1957.315063	1034.578247
33.000000	1955.319946	1087.342773
33.000000	1953.324829	1080.889648
33.000000	1951.328735	1070.819458
33.000000	1949.331665	1054.722900
33.000000	1947.333618	1025.368896
33.000000	1945.334595	1108.181519
33.000000	1943.335571	1094.499146
33.000000	1941.335571	1035.039307
33.000000	1939.334595	1091.254272
33.000000	1937.332642	1136.589966
33.000000	1935.330688	1103.659668
33.000000	1933.327759	1153.767700
33.000000	1931.323853	1108.829102
33.000000	1929.318970	1086.765991
33.000000	1927.313110	1153.646240
33.000000	1925.307251	1106.355957
33.000000	1923.300415	1132.350098
33.000000	1921.292603	1101.908203
33.000000	1919.283813	1143.482056
33.000000	1917.274048	1157.437134
33.000000	1915.264282	1121.025024
33.000000	1913.253540	1193.703857
33.000000	1911.241821	1181.265991
33.000000	1909.229126	1137.700317
33.000000	1907.216431	1156.417969
33.000000	1905.202759	1166.744507
33.000000	1903.188110	1206.967773
33.000000	1901.172485	1210.091919
33.000000	1899.155884	1176.159546
33.000000	1897.139282	1223.500977
33.000000	1895.120728	1223.031250
33.000000	1893.102173	1209.428467
33.000000	1891.083618	1205.383545
33.000000	1889.063110	1195.376465
33.000000	1887.042603	1241.425781
33.000000	1885.020142	1246.908936
33.000000	1882.997681	1240.471436
33.000000	1880.975220	1238.803101
33.000000	1878.950806	1307.387085
33.000000	1876.926392	1277.128052
33.000000	1874.900024	1262.359131
33.000000	1872.873657	1235.708008
33.000000	1870.847290	1287.542358
33.000000	1868.818970	1282.292847
33.000000	1866.790649	1313.873413
33.000000	1864.760376	1321.679688
33.000000	1862.730103	1302.177734
33.000000	1860.699829	1305.235474
33.000000	1858.667603	1303.546021
33.000000	1856.635376	1317.271240
33.000000	1854.601196	1251.576782
33.000000	1852.567017	1328.102417
33.000000	1850.532837	1370.224243
33.000000	1848.496704	1388.636719
33.000000	1846.460571	1356.149292
33.000000	1844.422485	1394.661865
33.000000	1842.384399	1326.722778
33.000000	1840.345337	1431.408569
33.000000	1838.306274	1356.417725
33.000000	1836.265259	1366.523193
33.000000	1834.224243	1387.246216
33.000000	1832.182251	1418.574585
33.000000	1830.139282	1344.883057
33.000000	1828.095337	1352.617432
33.000000	1826.051392	1386.279419
33.000000	1824.006470	1360.997437
33.000000	1821.959595	1406.408325
33.000000	1819.913696	1369.363037
33.000000	1817.865845	1388.841309
33.000000	1815.817017	1389.479614
33.000000	1813.768188	1371.300049
33.000000	1811.718384	1381.348999
33.000000	1809.667603	1367.886719
33.000000	1807.615845	1417.868408
33.000000	1805.563110	1392.659180
33.000000	1803.510376	1370.990601
33.000000	1801.455688	1424.432007
33.000000	1799.401001	1401.594360
33.000000	1797.346313	1422.153809
33.000000	1795.289673	1398.162109
33.000000	1793.232056	1367.159546
33.000000	1791.174438	1424.010376
33.000000	1789.115845	1431.651245
33.000000	1787.056274	1440.455933
33.000000	1784.995728	1453.932251
33.000000	1782.934204	1463.890015
33.000000	1780.872681	1407.218750
33.000000	1778.810181	1425.364624
33.000000	1776.745728	1466.853516
33.000000	1774.682251	1435.929565
33.000000	1772.616821	1477.381348
33.000000	1770.550415	1487.304688
33.000000	1768.484009	1541.530151
33.000000	1766.416626	1564.241577
33.000000	1764.348267	1551.980591
33.000000	1762.278931	1553.705078
33.000000	1760.208618	1544.949585
33.000000	1758.137329	1515.252441
33.000000	1756.066040	1537.928223
33.000000	1753.993774	1508.256226
33.000000	1751.920532	1512.317383
33.000000	1749.846313	1478.029907
33.000000	1747.771118	1516.944580
33.000000	1745.695923	1547.701050
33.000000	1743.619751	1549.417847
33.000000	1741.541626	1539.531250
33.000000	1739.463501	1521.534180
33.000000	1737.385376	1533.691284
33.000000	1735.305298	1578.284912
33.000000	1733.225220	1598.518066
33.000000	1731.143188	1602.524536
33.000000	1729.061157	1570.646729
33.000000	1726.978149	1582.759033
33.000000	1724.894165	1592.548462
33.000000	1722.810181	1604.642090
33.000000	1720.724243	1599.391235
33.000000	1718.638306	1602.230469
33.000000	1716.551392	1633.935181
33.000000	1714.463501	1630.986572
33.000000	1712.374634	1638.424194
33.000000	1710.284790	1642.395508
33.000000	1708.194946	1682.103638
33.000000	1706.103149	1630.735718
33.000000	1704.011353	1618.575928
33.000000	1701.918579	1650.184692
33.000000	1699.824829	1638.026123
33.000000	1697.730103	1656.944336
33.000000	1695.635376	1678.147827
33.000000	1693.538696	1641.846558
33.000000	1691.442017	1642.351074
33.000000	1689.344360	1719.827759
33.000000	1687.245728	1657.138550
33.000000	1685.146118	1676.002441
33.000000	1683.046509	1728.128418
33.000000	1680.944946	1703.361084
33.000000	1678.843384	1685.492310
33.000000	1676.740845	1708.898315
33.000000	1674.637329	1668.126831
33.000000	1672.532837	1731.603882
33.000000	1670.427368	1732.067139
33.000000	1668.321899	1718.797607
33.000000	1666.214478	1773.027466
33.000000	1664.107056	1743.743286
33.000000	1661.998657	1740.770386
33.000000	1659.889282	1769.790405
33.000000	1657.778931	1765.666748
33.000000	1655.667603	1780.953613
33.000000	1653.556274	1785.957397
33.000000	1651.442993	1749.890259
33.000000	1649.329712	1822.178345
33.000000	1647.215454	1761.048096
33.000000	1645.100220	1818.461914
33.000000	1642.984009	1864.440674
33.000000	1640.867798	1846.627319
33.000000	1638.749634	1802.652588
33.000000	1636.631470	1796.252686
33.000000	1634.512329	1846.714355
33.000000	1632.392212	1836.891235
33.000000	1630.271118	1822.530396
33.000000	1628.149048	1834.303589
33.000000	1626.026001	1798.382812
33.000000	1623.902954	1810.155396
33.000000	1621.777954	1810.573853
33.000000	1619.652954	1876.763306
33.000000	1617.526978	1848.815552
33.000000	1615.400024	1792.561890
33.000000	1613.272095	1842.821533
33.000000	1611.143188	1850.017212
33.000000	1609.014282	1796.092041
33.000000	1606.884399	1830.451050
33.000000	1604.752563	1863.651489
33.000000	1602.620728	1844.826294
33.000000	1600.487915	1823.755737
33.000000	1598.354126	1849.011475
33.000000	1596.219360	1829.084106
33.000000	1594.084595	1882.532227
33.000000	1591.947876	1840.043091
33.000000	1589.811157	1852.845581
33.000000	1587.673462	1899.455688
33.000000	1585.534790	1878.418701
33.000000	1583.395142	1821.353882
33.000000	1581.254517	1835.267700
33.000000	1579.112915	1875.056030
33.000000	1576.971313	1872.060913
33.000000	1574.827759	1893.808838
33.000000	1572.684204	1888.559448
33.000000	1570.539673	1906.911377
33.000000	1568.394165	1894.920654
33.000000	1566.247681	1896.412476
33.000000	1564.100220	1838.417969
33.000000	1561.951782	1915.098145
33.000000	1559.803345	1926.671997
33.000000	1557.652954	1938.236206
33.000000	1555.502563	1956.514160
33.000000	1553.351196	1895.248291
33.000000	1551.198853	1940.400146
33.000000	1549.045532	1968.727051
33.000000	1546.891235	1957.873413
33.000000	1544.735962	2006.299927
33.000000	1542.580688	1923.893921
33.000000	1540.423462	2012.522583
33.000000	1538.266235	1954.752808
33.000000	1536.108032	2014.266968
33.000000	1533.948853	1987.792725
33.000000	1531.788696	1983.652466
33.000000	1529.627563	1985.091064
33.000000	1527.465454	2013.282715
33.000000	1525.302368	2001.335449
33.000000	1523.139282	2077.394043
33.000000	1520.974243	2018.665283
33.000000	1518.809204	2030.101562
33.000000	1516.643188	2068.229492
33.000000	1514.476196	2049.608887
33.000000	1512.308228	2082.139160
33.000000	1510.139282	2114.643066
33.000000	1507.969360	2127.126465
33.000000	1505.799438	2128.496094
33.000000	1503.627563	2117.655273
33.000000	1501.455688	2157.856934
33.000000	1499.281860	2137.031006
33.000000	1497.108032	2131.741211
33.000000	1494.933228	2151.941406
33.000000	1492.757446	2102.342285
33.000000	1490.580688	2054.996826
33.000000	1488.403931	2058.600342
33.000000	1486.225220	2026.797852
33.000000	1484.045532	2029.302979
33.000000	1481.865845	2166.669678
33.000000	1479.685181	2079.610596
33.000000	1477.502563	2084.299072
33.000000	1475.319946	2115.482178
33.000000	1473.136353	2134.499023
33.000000	1470.951782	2162.326172
33.000000	1468.766235	2114.038330
33.000000	1466.580688	2135.236084
33.000000	1464.393188	2146.499512
33.000000	1462.205688	2140.129883
33.000000	1460.016235	2111.744385
33.000000	1457.826782	2134.007812
33.000000	1455.636353	2167.253906
33.000000	1453.444946	2154.285889
33.000000	1451.251587	2110.549072
33.000000	1449.059204	2134.972412
33.000000	1446.864868	2168.162598
33.000000	1444.669556	2140.940186
33.000000	1442.473267	2164.222900
33.000000	1440.276978	2226.979736
33.000000	1438.078735	2164.673828
33.000000	1435.880493	2196.686523
33.000000	1433.681274	2144.303223
33.000000	1431.480103	2179.583008
33.000000	1429.278931	2185.273682
33.000000	1427.076782	2210.658203
33.000000	1424.873657	2156.163574
33.000000	1422.670532	2201.221436
33.000000	1420.465454	2194.868164
33.000000	1418.259399	2142.629639
33.000000	1416.053345	2234.600342
33.000000	1413.845337	2222.781250
33.000000	1411.637329	2290.635742
33.000000	1409.428345	2378.070557
33.000000	1407.217407	2357.482666
33.000000	1405.006470	2335.821045
33.000000	1402.794556	2354.489014
33.000000	1400.581665	2294.726562
33.000000	1398.367798	2246.986816
33.000000	1396.153931	2210.167480
33.000000	1393.938110	2209.273926
33.000000	1391.721313	2149.664307
33.000000	1389.504517	2200.965820
33.000000	1387.285767	2167.481689
33.000000	1385.067017	2188.324951
33.000000	1382.847290	2163.556641
33.000000	1380.625610	2198.490479
33.000000	1378.403931	2174.821777
33.000000	1376.181274	2227.069580
33.000000	1373.957642	2200.156006
33.000000	1371.733032	2240.433105
33.000000	1369.507446	2288.257568
33.000000	1367.281860	2267.845215
33.000000	1365.054321	2285.321045
33.000000	1362.825806	2223.823242
33.000000	1360.597290	2225.083984
33.000000	1358.366821	2237.150391
33.000000	1356.136353	2326.988770
33.000000	1353.904907	2261.252197
33.000000	1351.672485	2206.362793
33.000000	1349.438110	2271.285889
33.000000	1347.203735	2307.034668
33.000000	1344.968384	2276.988525
33.000000	1342.732056	2342.879883
33.000000	1340.494751	2295.606689
33.000000	1338.257446	2320.517090
33.000000	1336.018188	2327.108643
33.000000	1333.777954	2382.111084
33.000000	1331.537720	2318.763916
33.000000	1329.295532	2326.421387
33.000000	1327.053345	2388.877441
33.000000	1324.809204	2383.608887
33.000000	1322.565063	2420.219971
33.000000	1320.318970	2442.847656
33.000000	1318.072876	2424.687256
33.000000	1315.825806	2454.800781
33.000000	1313.577759	2467.737061
33.000000	1311.328735	2356.361084
33.000000	1309.078735	2311.485107
33.000000	1306.827759	2341.593018
33.000000	1304.575806	2435.890869
33.000000	1302.322876	2351.452393
33.000000	1300.069946	2376.158691
33.000000	1297.815063	2420.085205
33.000000	1295.559204	2450.084961
33.000000	1293.303345	2438.404541
33.000000	1291.045532	2392.568848
33.000000	1288.787720	2361.710938
33.000000	1286.528931	2407.684326
33.000000	1284.268188	2396.038086
33.000000	1282.007446	2409.981934
33.000000	1279.745728	2371.706543
33.000000	1277.483032	2444.224121
33.000000	1275.218384	2368.704346
33.000000	1272.953735	2374.121094
33.000000	1270.688110	2427.400146
33.000000	1268.421509	2364.737305
33.000000	1266.153931	2419.038330
33.000000	1263.886353	2378.739502
33.000000	1261.616821	2362.898682
33.000000	1259.346313	2362.993408
33.000000	1257.074829	2318.520752
33.000000	1254.803345	2390.758057
33.000000	1252.529907	2347.369629
33.000000	1250.255493	2396.219238
33.000000	1247.981079	2375.109619
33.000000	1245.704712	2349.781250
33.000000	1243.428345	2319.180176
33.000000	1241.151001	2323.520020
33.000000	1238.871704	2373.333984
33.000000	1236.592407	2342.759277
33.000000	1234.312134	2317.492920
33.000000	1232.029907	2339.781738
33.000000	1229.747681	2375.778320
33.000000	1227.464478	2347.361328
33.000000	1225.180298	2385.434326
33.000000	1222.895142	2364.417725
33.000000	1220.609009	2301.250977
33.000000	1218.321899	2387.766113
33.000000	1216.033813	2350.972900
33.000000	1213.744751	2402.650635
33.000000	1211.454712	2346.936768
33.000000	1209.163696	2362.804199
33.000000	1206.871704	2290.325928
33.000000	1204.579712	2356.657471
33.000000	1202.285767	2310.507812
33.000000	1199.990845	2324.261475
33.000000	1197.695923	2335.903320
33.000000	1195.399048	2298.212891
33.000000	1193.101196	2305.658936
33.000000	1190.803345	2374.962402
33.000000	1188.503540	2364.551758
33.000000	1186.203735	2390.817871
33.000000	1183.901978	2334.328613
33.000000	1181.600220	2361.631348
33.000000	1179.296509	2334.498535
33.000000	1176.992798	2327.260498
33.000000	1174.687134	2378.577881
33.000000	1172.381470	2408.950195
33.000000	1170.074829	2372.437988
33.000000	1167.767212	2410.096436
33.000000	1165.457642	2431.021973
33.000000	1163.148071	2391.414307
33.000000	1160.837524	2352.881348
33.000000	1158.526001	2429.056152
33.000000	1156.212524	2404.085449
33.000000	1153.899048	2357.260010
33.000000	1151.584595	2487.480469
33.000000	1149.269165	2417.760742
33.000000	1146.952759	2437.569092
33.000000	1144.635376	2437.601807
33.000000	1142.317017	2489.608887
33.000000	1139.997681	2461.563721
33.000000	1137.677368	2432.502686
33.000000	1135.356079	2509.362549
33.000000	1133.033813	2473.040039
33.000000	1130.710571	2484.465088
33.000000	1128.386353	2488.621582
33.000000	1126.061157	2513.504150
33.000000	1123.734985	2508.319336
33.000000	1121.407837	2431.679199
33.000000	1119.079712	2489.679199
33.000000	1116.750610	2564.186768
33.000000	1114.420532	2525.887939
33.000000	1112.089478	2548.621338
33.000000	1109.758423	2477.287598
33.000000	1107.425415	2545.476074
33.000000	1105.091431	2522.735352
33.000000	1102.756470	2559.880859
33.000000	1100.420532	2589.772705
33.000000	1098.083618	2548.475342
33.000000	1095.746704	2564.943848
33.000000	1093.407837	2554.604736
33.000000	1091.067993	2632.859863
33.000000	1088.727173	2582.343994
33.000000	1086.385376	2553.482666
33.000000	1084.043579	2655.301025
33.000000	1081.699829	2640.829346
33.000000	1079.355103	2627.396729
33.000000	1077.009399	2609.864746
33.000000	1074.663696	2717.650391
33.000000	1072.316040	2926.984131
33.000000	1069.967407	3674.911133
33.000000	1067.617798	5296.195312
33.000000	1065.267212	7424.713867
33.000000	1062.916626	9241.926758
33.000000	1060.564087	9062.887695
33.000000	1058.210571	7801.531250
33.000000	1055.856079	5864.579102
33.000000	1053.500610	4300.674316
33.000000	1051.145142	3622.803955
33.000000	1048.787720	3206.205811
33.000000	1046.429321	3036.246338
33.000000	1044.069946	2904.224609
33.000000	1041.709595	2819.283203
33.000000	1039.349243	2789.528809
33.000000	1036.986938	2793.467041
33.000000	1034.623657	2639.327148
33.000000	1032.259399	2690.216064
33.000000	1029.894165	2636.106689
33.000000	1027.527954	2638.062256
33.000000	1025.160767	2668.523438
33.000000	1022.793579	2683.692871
33.000000	1020.424438	2686.641602
33.000000	1018.054321	2622.474365
33.000000	1015.683228	2633.576416
33.000000	1013.311157	2626.380127
33.000000	1010.938110	2619.189209
33.000000	1008.564087	2650.579590
33.000000	1006.189087	2602.793945
33.000000	1003.813110	2665.607422
33.000000	1001.436157	2629.006592
33.000000	999.058228	2647.162842
33.000000	996.679321	2625.794922
33.000000	994.299438	2676.339600
33.000000	991.917603	2648.902588
33.000000	989.535767	2678.146973
33.000000	987.152954	2666.912354
33.000000	984.769165	2688.035889
33.000000	982.384399	2681.857666
33.000000	979.997681	2633.260742
33.000000	977.610962	2676.582031
33.000000	975.223267	2668.395996
33.000000	972.834595	2640.039795
33.000000	970.443970	2669.184570
33.000000	968.053345	2664.033447
33.000000	965.661743	2647.803223
33.000000	963.268188	2649.714111
33.000000	960.874634	2703.970459
33.000000	958.479126	2702.835693
33.000000	956.083618	2681.584473
33.000000	953.686157	2724.697510
33.000000	951.288696	2729.583496
33.000000	948.889282	2744.510498
33.000000	946.488892	2717.249756
33.000000	944.088501	2698.041016
33.000000	941.686157	2779.178955
33.000000	939.282837	2707.808594
33.000000	936.879517	2741.756836
33.000000	934.474243	2768.661621
33.000000	932.067993	2783.523438
33.000000	929.660767	2718.275635
33.000000	927.252563	2747.155518
33.000000	924.843384	2769.008057
33.000000	922.433228	2814.840332
33.000000	920.022095	2826.649170
33.000000	917.609985	2822.461914
33.000000	915.196899	2809.289307
33.000000	912.782837	2842.047119
33.000000	910.367798	2851.826172
33.000000	907.951782	2786.789795
33.000000	905.533813	2855.405518
33.000000	903.115845	2854.201904
33.000000	900.696899	2876.906738
33.000000	898.276001	2832.876953
33.000000	895.855103	2872.490234
33.000000	893.432251	2821.533691
33.000000	891.009399	2850.177734
33.000000	888.584595	2788.337402
33.000000	886.159790	2771.262451
33.000000	883.733032	2834.652100
33.000000	881.305298	2776.865479
33.000000	878.876587	2815.388184
33.000000	876.447876	2705.083252
33.000000	874.017212	2806.069336
33.000000	871.585571	2748.389648
33.000000	869.152954	2781.902832
33.000000	866.719360	2734.183594
33.000000	864.284790	2751.835205
33.000000	861.848267	2788.270508
33.000000	859.411743	2744.562988
33.000000	856.974243	2722.641113
33.000000	854.535767	2768.922607
33.000000	852.095337	2782.567627
33.000000	849.654907	2778.427734
33.000000	847.212524	2777.251465
33.000000	844.770142	2720.830322
33.000000	842.325806	2751.233398
33.000000	839.880493	2757.953369
33.000000	837.435181	2747.917725
33.000000	834.987915	2701.449951
33.000000	832.539673	2717.040527
33.000000	830.090454	2693.256348
33.000000	827.640259	2679.327637
33.000000	825.189087	2708.669922
33.000000	822.736938	2676.072510
33.000000	820.283813	2720.125488
33.000000	817.829712	2717.989258
33.000000	815.373657	2725.669434
33.000000	812.917603	2731.380127
33.000000	810.459595	2705.703369
33.000000	808.001587	2754.548096
33.000000	805.541626	2773.955078
33.000000	803.081665	2778.653320
33.000000	800.619751	2704.046387
33.000000	798.156860	2753.784424
33.000000	795.692993	2754.570312
33.000000	793.228149	2719.177246
33.000000	790.762329	2702.383545
33.000000	788.295532	2710.026611
33.000000	785.827759	2736.216553
33.000000	783.359009	2695.031982
33.000000	780.888306	2722.180176
33.000000	778.417603	2721.996826
33.000000	775.945923	2767.631348
33.000000	773.472290	2785.941895
33.000000	770.997681	2808.132324
33.000000	768.523071	2746.572021
33.000000	766.046509	2759.026611
33.000000	763.568970	2794.816895
33.000000	761.090454	2892.807617
33.000000	758.610962	2839.088867
33.000000	756.130493	2867.996338
33.000000	753.649048	2893.964844
33.000000	751.165649	2977.182617
33.000000	748.682251	2948.744141
33.000000	746.197876	2968.823486
33.000000	743.711548	2847.341797
33.000000	741.224243	2913.960693
33.000000	738.736938	2880.751221
33.000000	736.247681	2907.599854
33.000000	733.757446	2889.905029
33.000000	731.266235	2953.486816
33.000000	728.774048	2836.185791
33.000000	726.280884	2914.233154
33.000000	723.785767	2889.799805
33.000000	721.290649	2949.406738
33.000000	718.794556	2869.953125
33.000000	716.296509	2805.040527
33.000000	713.797485	2853.030762
33.000000	711.298462	2914.476807
33.000000	708.797485	2934.430664
33.000000	706.295532	2890.790771
33.000000	703.792603	2946.362061
33.000000	701.288696	2933.551270
33.000000	698.783813	3021.764648
33.000000	696.276978	3071.436523
33.000000	693.770142	3124.909912
33.000000	691.261353	3257.122559
33.000000	688.752563	3330.636963
33.000000	686.241821	3306.169922
33.000000	683.730103	3258.693115
33.000000	681.217407	3193.032227
33.000000	678.703735	3194.538818
33.000000	676.189087	3026.418457
33.000000	673.673462	3029.909424
33.000000	671.155884	2952.965576
33.000000	668.638306	2936.384521
33.000000	666.118774	2930.340332
33.000000	663.599243	2918.562988
33.000000	661.077759	2877.163086
33.000000	658.555298	2898.858154
33.000000	656.031860	2910.983398
33.000000	653.507446	2885.866455
33.000000	650.982056	2918.023926
33.000000	648.454712	3024.550781
33.000000	645.927368	2974.626465
33.000000	643.398071	3033.385986
33.000000	640.868774	2989.214844
33.000000	638.337524	2956.506836
33.000000	635.805298	2939.054688
33.000000	633.272095	2897.832520
33.000000	630.737915	2863.302002
33.000000	628.202759	2809.789551
33.000000	625.665649	2818.080811
33.000000	623.128540	2842.509277
33.000000	620.589478	2849.828613
33.000000	618.049438	2858.089600
33.000000	615.509399	2828.403076
33.000000	612.967407	2811.066406
33.000000	610.424438	2918.836914
33.000000	607.879517	2909.052734
33.000000	605.334595	2835.836914
33.000000	602.787720	2837.452881
33.000000	600.240845	2902.451416
33.000000	597.692017	2832.167725
33.000000	595.142212	2861.192383
33.000000	592.591431	2929.873291
33.000000	590.039673	2826.612061
33.000000	587.486938	2865.039307
33.000000	584.933228	2913.812012
33.000000	582.377563	2945.564453
33.000000	579.820923	2949.948242
33.000000	577.264282	2941.134277
33.000000	574.705688	3018.045410
33.000000	572.146118	2960.247314
33.000000	569.585571	2956.143555
33.000000	567.023071	3032.005371
33.000000	564.460571	3055.142334
33.000000	561.896118	2979.565918
33.000000	559.331665	3036.526611
33.000000	556.765259	3029.577393
33.000000	554.197876	3085.526611
33.000000	551.629517	2998.805176
33.000000	549.059204	2982.499756
33.000000	546.488892	2988.707520
33.000000	543.916626	3028.644043
33.000000	541.344360	3017.964600
33.000000	538.770142	3040.062988
33.000000	536.194946	2987.272461
33.000000	533.618774	3015.911621
33.000000	531.041626	3081.927002
33.000000	528.462524	3093.675049
33.000000	525.883423	3128.767822
33.000000	523.302368	3119.939209
33.000000	520.720337	3027.108887
33.000000	518.137329	3171.346191
33.000000	515.553345	3095.359619
33.000000	512.968384	3090.286377
33.000000	510.381439	3051.671387
33.000000	507.794525	3014.020752
33.000000	505.205658	3035.054932
33.000000	502.615814	3090.501709
33.000000	500.024994	3057.531738
33.000000	497.433197	280.794952
33.000000	494.839447	27.881407
33.000000	492.245697	3.715904
33.000000	489.649994	-5.571430
33.000000	487.053314	-1.856335
33.000000	484.455658	10.205400
33.000000	481.857025	6.491518
33.000000	479.257416	2.780868
44.000000	2681.806152	-392.300018
44.000000	2680.073730	-83.468094
44.000000	2678.340332	-25.031916
44.000000	2676.606934	-1.390189
44.000000	2674.872559	-2.779433
44.000000	2673.138184	9.724705
44.000000	2671.402832	4.166312
44.000000	2669.666504	6.941489
44.000000	2667.930176	184.580719
44.000000	2666.192871	220.588974
44.000000	2664.455566	203.871231
44.000000	2662.717285	223.211411
44.000000	2660.978027	213.433731
44.000000	2659.238770	245.226501
44.000000	2657.498535	200.823181
44.000000	2655.758301	213.215240
44.000000	2654.017090	224.214752
44.000000	2652.274902	233.823105
44.000000	2650.532715	224.061508
44.000000	2648.789551	253.019974
44.000000	2647.045410	240.494080
44.000000	2645.301270	227.976685
44.000000	2643.556152	223.755035
44.000000	2641.811035	234.724258
44.000000	2640.064941	260.868744
44.000000	2638.318848	240.082596
44.000000	2636.570801	237.241669
44.000000	2634.823730	242.675674
44.000000	2633.074707	260.511169
44.000000	2631.325684	279.712280
44.000000	2629.575684	263.087219
44.000000	2627.825684	258.866028
44.000000	2626.074707	269.788910
44.000000	2624.323730	253.184189
44.000000	2622.571777	233.839767
44.000000	2620.818848	270.885834
44.000000	2619.065918	276.290985
44.000000	2617.312012	254.210159
44.000000	2615.557129	269.232635
44.000000	2613.802246	255.408310
44.000000	2612.046387	259.438385
44.000000	2610.290527	286.793335
44.000000	2608.533691	268.861816
44.000000	2606.775879	271.511627
44.000000	2605.018066	285.125946
44.000000	2603.259277	275.435303
44.000000	2601.499512	286.299042
44.000000	2599.739746	275.245148
44.000000	2597.979004	276.518982
44.000000	2596.218262	287.370880
44.000000	2594.456543	281.799713
44.000000	2592.693848	278.967316
44.000000	2590.931152	292.540955
44.000000	2589.167480	280.140869
44.000000	2587.403809	266.383209
44.000000	2585.638184	300.430847
44.000000	2583.873535	267.563873
44.000000	2582.106934	252.460022
44.000000	2580.340332	257.829224
44.000000	2578.572754	271.376862
44.000000	2576.805176	297.184113
44.000000	2575.036621	290.267212
44.000000	2573.268066	284.717346
44.000000	2571.498535	307.769287
44.000000	2569.728027	304.939697
44.000000	2567.956543	276.255615
44.000000	2566.185059	287.042725
44.000000	2564.413574	285.583008
44.000000	2562.640137	296.359283
44.000000	2560.866699	269.076691
44.000000	2559.093262	296.153076
44.000000	2557.317871	317.778412
44.000000	2555.543457	281.013794
44.000000	2553.767090	298.557953
44.000000	2551.990723	322.872864
44.000000	2550.213379	294.281464
44.000000	2548.436035	307.735474
44.000000	2546.657715	300.852203
44.000000	2544.878418	306.166077
44.000000	2543.099121	307.413452
44.000000	2541.318848	310.013672
44.000000	2539.537598	326.144958
44.000000	2537.756348	316.561249
44.000000	2535.974121	317.802948
44.000000	2534.191895	320.395599
44.000000	2532.408691	314.877930
44.000000	2530.624512	328.277100
44.000000	2528.839355	317.358521
44.000000	2527.054199	330.747314
44.000000	2525.269043	341.427612
44.000000	2523.481934	344.006104
44.000000	2521.694824	327.702698
44.000000	2519.907715	326.239716
44.000000	2518.119629	323.430084
44.000000	2516.330566	354.301147
44.000000	2514.540527	355.523499
44.000000	2512.750488	331.166992
44.000000	2510.959473	335.087921
44.000000	2509.168457	368.601776
44.000000	2507.376465	330.818176
44.000000	2505.583496	356.243927
44.000000	2503.789551	352.087128
44.000000	2501.995605	354.650055
44.000000	2500.201660	342.439209
44.000000	2498.405762	354.400543
44.000000	2496.609863	351.591888
44.000000	2494.813965	335.370300
44.000000	2493.016113	360.731323
44.000000	2491.219238	335.134033
44.000000	2489.420410	361.817169
44.000000	2487.621582	357.670837
44.000000	2485.821777	333.440552
44.000000	2484.020996	362.773132
44.000000	2482.220215	380.041351
44.000000	2480.418457	329.074524
44.000000	2478.616699	406.517609
44.000000	2476.813965	358.250763
44.000000	2475.010254	356.787872
44.000000	2473.205566	371.355682
44.000000	2471.400879	359.206329
44.000000	2469.596191	393.785828
44.000000	2467.789551	381.636932
44.000000	2465.982910	385.503632
44.000000	2464.175293	394.701294
44.000000	2462.367676	377.232788
44.000000	2460.559082	374.434143
44.000000	2458.749512	384.957733
44.000000	2456.939941	344.874420
44.000000	2455.129395	391.340240
44.000000	2453.317871	413.821930
44.000000	2451.506348	399.043488
44.000000	2449.693848	397.572205
44.000000	2447.880371	409.393860
44.000000	2446.066895	425.193207
44.000000	2444.252441	405.118286
44.000000	2442.437012	403.646545
44.000000	2440.621582	424.740051
44.000000	2438.805176	396.725342
44.000000	2436.988770	420.458862
44.000000	2435.170410	411.027985
44.000000	2433.352051	422.810516
44.000000	2431.533691	427.959778
44.000000	2429.714355	411.913605
44.000000	2427.894043	448.839111
44.000000	2426.072754	430.149628
44.000000	2424.251465	449.842285
44.000000	2422.429199	417.939606
44.000000	2420.605957	434.978119
44.000000	2418.782715	444.074463
44.000000	2416.958496	447.879517
44.000000	2415.134277	422.626160
44.000000	2413.308105	414.553833
44.000000	2411.482910	440.800995
44.000000	2409.655762	465.710022
44.000000	2407.828613	422.022491
44.000000	2406.000488	453.511932
44.000000	2404.171387	455.985474
44.000000	2402.342285	459.774567
44.000000	2400.512207	425.369720
44.000000	2398.681152	475.243011
44.000000	2396.850098	457.964935
44.000000	2395.018066	436.752563
44.000000	2393.186035	447.116455
44.000000	2391.352051	462.731110
44.000000	2389.518066	457.308777
44.000000	2387.684082	450.576569
44.000000	2385.848145	480.617676
44.000000	2384.012207	463.380188
44.000000	2382.176270	485.521606
44.000000	2380.338379	470.918030
44.000000	2378.500488	460.258636
44.000000	2376.662598	471.890533
44.000000	2374.822754	486.134613
44.000000	2372.982910	496.438751
44.000000	2371.143066	501.497803
44.000000	2369.301270	469.903259
44.000000	2367.459473	488.052490
44.000000	2365.616699	449.945374
44.000000	2363.773926	511.236328
44.000000	2361.930176	473.148071
44.000000	2360.085449	466.444763
44.000000	2358.240723	509.377869
44.000000	2356.394043	488.304230
44.000000	2354.548340	512.926086
44.000000	2352.700684	503.608307
44.000000	2350.853027	461.691742
44.000000	2349.004395	490.207458
44.000000	2347.154785	504.366486
44.000000	2345.305176	509.395569
44.000000	2343.454590	497.490570
44.000000	2341.604004	527.253601
44.000000	2339.751465	486.719940
44.000000	2337.898926	517.766052
44.000000	2336.046387	496.771606
44.000000	2334.191895	540.791138
44.000000	2332.337402	518.503845
44.000000	2330.481934	522.213257
44.000000	2328.626465	537.606995
44.000000	2326.770020	514.046509
44.000000	2324.912598	545.003357
44.000000	2323.054199	527.942810
44.000000	2321.195801	501.817688
44.000000	2319.336426	530.152466
44.000000	2317.477051	531.255920
44.000000	2315.616699	544.015930
44.000000	2313.755371	550.292542
44.000000	2311.893066	556.564453
44.000000	2310.030762	569.301025
44.000000	2308.167480	570.387573
44.000000	2306.303223	533.978455
44.000000	2304.437988	567.388245
44.000000	2302.572754	533.590271
44.000000	2300.707520	523.064148
44.000000	2298.840332	565.478394
44.000000	2296.973145	567.853821
44.000000	2295.104980	531.524109
44.000000	2293.235840	537.778809
44.000000	2291.366699	544.028809
44.000000	2289.496582	573.470642
44.000000	2287.625488	559.091187
44.000000	2285.754395	548.585327
44.000000	2283.882324	562.545532
44.000000	2282.009277	577.782166
44.000000	2280.136230	577.571411
44.000000	2278.261230	595.362976
44.000000	2276.387207	592.574829
44.000000	2274.511230	602.638062
44.000000	2272.635254	584.435303
44.000000	2270.758301	608.617920
44.000000	2268.880371	582.724792
44.000000	2267.002441	599.191650
44.000000	2265.123535	592.559570
44.000000	2263.243652	600.035645
44.000000	2261.362793	616.477722
44.000000	2259.481934	588.065918
44.000000	2257.600098	626.272278
44.000000	2255.718262	613.240479
44.000000	2253.834473	579.741516
44.000000	2251.950684	598.718872
44.000000	2250.065918	620.239807
44.000000	2248.181152	617.455750
44.000000	2246.295410	640.231689
44.000000	2244.408691	615.725525
44.000000	2242.520996	643.593018
44.000000	2240.633301	631.868286
44.000000	2238.744629	611.219849
44.000000	2236.854980	596.964233
44.000000	2234.965332	595.469849
44.000000	2233.074707	625.842163
44.000000	2231.183105	661.288696
44.000000	2229.290527	643.213928
44.000000	2227.397949	639.157776
44.000000	2225.504395	670.741577
44.000000	2223.610840	624.692505
44.000000	2221.715332	658.801758
44.000000	2219.819824	673.815430
44.000000	2217.923340	625.273865
44.000000	2216.026855	626.313965
44.000000	2214.128418	638.782715
44.000000	2212.229980	671.553772
44.000000	2210.331543	639.580994
44.000000	2208.431152	638.076660
44.000000	2206.530762	687.296265
44.000000	2204.629395	654.084961
44.000000	2202.728027	696.926331
44.000000	2200.824707	627.002197
44.000000	2198.921387	652.094788
44.000000	2197.018066	679.700134
44.000000	2195.112793	661.735352
44.000000	2193.207520	689.316467
44.000000	2191.301270	667.567993
44.000000	2189.395020	671.112793
44.000000	2187.486816	675.918274
44.000000	2185.578613	680.719971
44.000000	2183.669434	671.630859
44.000000	2181.760254	689.050232
44.000000	2179.850098	692.579773
44.000000	2177.938965	674.668457
44.000000	2176.026855	727.363525
44.000000	2174.114746	674.168701
44.000000	2172.201660	719.266663
44.000000	2170.287598	715.222473
44.000000	2168.372559	707.404907
44.000000	2166.457520	723.499939
44.000000	2164.541504	719.458130
44.000000	2162.624512	707.875244
44.000000	2160.706543	691.273254
44.000000	2158.788574	708.606140
44.000000	2156.869629	724.670044
44.000000	2154.950684	733.189087
44.000000	2153.029785	727.896667
44.000000	2151.108887	695.008362
44.000000	2149.187012	731.117798
44.000000	2147.265137	739.621094
44.000000	2145.341309	773.180420
44.000000	2143.417480	735.312866
44.000000	2141.492676	730.030457
44.000000	2139.567871	704.724060
44.000000	2137.642090	726.984436
44.000000	2135.714355	756.732788
44.000000	2133.787598	758.951538
44.000000	2131.858887	746.170044
44.000000	2129.930176	789.620911
44.000000	2128.000488	753.107422
44.000000	2126.069824	722.863281
44.000000	2124.139160	758.785706
44.000000	2122.207520	787.195923
44.000000	2120.274902	780.666748
44.000000	2118.341309	749.210144
44.000000	2116.407715	777.591553
44.000000	2114.473145	781.038147
44.000000	2112.537598	793.198425
44.000000	2110.601074	775.475525
44.000000	2108.664551	783.895630
44.000000	2106.727051	805.991150
44.000000	2104.788574	808.176392
44.000000	2102.849121	812.845520
44.000000	2100.909668	806.329285
44.000000	2098.969238	781.188416
44.000000	2097.027832	803.242676
44.000000	2095.086426	848.859741
44.000000	2093.143066	800.159973
44.000000	2091.199707	797.379944
44.000000	2089.256348	826.832214
44.000000	2087.311035	798.021484
44.000000	2085.365723	850.986267
44.000000	2083.419434	858.096497
44.000000	2081.472168	830.543579
44.000000	2079.523926	842.604980
44.000000	2077.575684	824.972900
44.000000	2075.626465	876.590942
44.000000	2073.676270	900.979980
44.000000	2071.726074	852.459045
44.000000	2069.773926	806.444336
44.000000	2067.821777	806.141235
44.000000	2065.869629	837.923584
44.000000	2063.915527	859.813110
44.000000	2061.961426	827.428406
44.000000	2060.006348	857.933716
44.000000	2058.050293	841.592224
44.000000	2056.093262	840.043701
44.000000	2054.136230	885.284424
44.000000	2052.178223	865.258118
44.000000	2050.219238	890.769409
44.000000	2048.260254	851.077515
44.000000	2046.299438	891.327515
44.000000	2044.338501	872.557190
44.000000	2042.376587	899.254944
44.000000	2040.414673	882.951416
44.000000	2038.451782	882.618286
44.000000	2036.486938	888.420715
44.000000	2034.523071	902.804993
44.000000	2032.557251	945.380188
44.000000	2030.591431	918.057495
44.000000	2028.623657	920.161194
44.000000	2026.655884	936.960510
44.000000	2024.688110	902.325378
44.000000	2022.718384	903.208130
44.000000	2020.748657	896.749573
44.000000	2018.777954	956.334167
44.000000	2016.806274	909.518433
44.000000	2014.834595	909.174255
44.000000	2012.861938	935.704163
44.000000	2010.888306	937.792053
44.000000	2008.913696	928.892578
44.000000	2006.938110	962.705139
44.000000	2004.962524	939.166138
44.000000	2002.985962	985.141113
44.000000	2001.008423	960.392212
44.000000	1999.029907	975.866089
44.000000	1997.051392	963.317505
44.000000	1995.071899	970.256348
44.000000	1993.091431	979.623596
44.000000	1991.109985	968.303650
44.000000	1989.128540	1008.064026
44.000000	1987.145142	982.154907
44.000000	1985.161743	996.362793
44.000000	1983.178345	975.335815
44.000000	1981.192993	1005.318970
44.000000	1979.207642	992.799927
44.000000	1977.221313	1008.194458
44.000000	1975.234009	1017.513184
44.000000	1973.245728	1023.187683
44.000000	1971.257446	1047.035278
44.000000	1969.268188	1039.368530
44.000000	1967.277954	1015.965332
44.000000	1965.286743	1025.262207
44.000000	1963.294556	1064.801758
44.000000	1961.302368	1046.253052
44.000000	1959.309204	1030.136353
44.000000	1957.315063	1027.326538
44.000000	1955.319946	1051.098022
44.000000	1953.324829	1013.258606
44.000000	1951.328735	1033.395142
44.000000	1949.331665	1064.377075
44.000000	1947.333618	1045.876221
44.000000	1945.334595	1044.271118
44.000000	1943.335571	1063.158813
44.000000	1941.335571	1037.449219
44.000000	1939.334595	1087.640869
44.000000	1937.332642	1087.225342
44.000000	1935.330688	1066.349487
44.000000	1933.327759	1080.379028
44.000000	1931.323853	1110.031738
44.000000	1929.318970	1071.137695
44.000000	1927.313110	1118.796509
44.000000	1925.307251	1138.789795
44.000000	1923.300415	1121.542969
44.000000	1921.292603	1137.918335
44.000000	1919.283813	1127.883667
44.000000	1917.274048	1098.665649
44.000000	1915.264282	1139.009399
44.000000	1913.253540	1090.633057
44.000000	1911.241821	1144.126831
44.000000	1909.229126	1129.317261
44.000000	1907.216431	1106.138916
44.000000	1905.202759	1149.991211
44.000000	1903.188110	1145.961426
44.000000	1901.172485	1151.500488
44.000000	1899.155884	1105.637695
44.000000	1897.139282	1180.487305
44.000000	1895.120728	1123.898804
44.000000	1893.102173	1192.713745
44.000000	1891.083618	1206.577026
44.000000	1889.063110	1189.411499
44.000000	1887.042603	1230.692993
44.000000	1885.020142	1178.960693
44.000000	1882.997681	1213.064209
44.000000	1880.975220	1188.774536
44.000000	1878.950806	1190.698608
44.000000	1876.926392	1256.893921
44.000000	1874.900024	1219.526978
44.000000	1872.873657	1222.625488
44.000000	1870.847290	1231.665649
44.000000	1868.818970	1260.901489
44.000000	1866.790649	1290.114502
44.000000	1864.760376	1281.304932
44.000000	1862.730103	1279.624023
44.000000	1860.699829	1247.093140
44.000000	1858.667603	1304.732178
44.000000	1856.635376	1300.671875
44.000000	1854.601196	1278.836426
44.000000	1852.567017	1284.266724
44.000000	1850.532837	1311.009766
44.000000	1848.496704	1276.172485
44.000000	1846.460571	1267.396118
44.000000	1844.422485	1250.345703
44.000000	1842.384399	1300.708496
44.000000	1840.345337	1338.030151
44.000000	1838.306274	1331.605225
44.000000	1836.265259	1293.295532
44.000000	1834.224243	1304.601807
44.000000	1832.182251	1353.664795
44.000000	1830.139282	1362.578857
44.000000	1828.095337	1382.099121
44.000000	1826.051392	1376.848999
44.000000	1824.006470	1350.392212
44.000000	1821.959595	1371.071411
44.000000	1819.913696	1331.684937
44.000000	1817.865845	1371.186523
44.000000	1815.817017	1378.890869
44.000000	1813.768188	1346.602539
44.000000	1811.718384	1450.710449
44.000000	1809.667603	1362.010864
44.000000	1807.615845	1413.169678
44.000000	1805.563110	1404.401733
44.000000	1803.510376	1373.338135
44.000000	1801.455688	1359.898438
44.000000	1799.401001	1393.384155
44.000000	1797.346313	1410.429565
44.000000	1795.289673	1407.537842
44.000000	1793.232056	1437.450562
44.000000	1791.174438	1363.115234
44.000000	1789.115845	1428.139404
44.000000	1787.056274	1387.799072
44.000000	1784.995728	1377.901978
44.000000	1782.934204	1403.089355
44.000000	1780.872681	1455.139038
44.000000	1778.810181	1434.711304
44.000000	1776.745728	1386.270020
44.000000	1774.682251	1459.277954
44.000000	1772.616821	1451.708008
44.000000	1770.550415	1441.810669
44.000000	1768.484009	1494.887695
44.000000	1766.416626	1523.445435
44.000000	1764.348267	1462.264038
44.000000	1762.278931	1553.705078
44.000000	1760.208618	1541.456909
44.000000	1758.137329	1532.709351
44.000000	1756.066040	1479.761475
44.000000	1753.993774	1515.233521
44.000000	1751.920532	1499.530640
44.000000	1749.846313	1445.494629
44.000000	1747.771118	1523.913696
44.000000	1745.695923	1497.775146
44.000000	1743.619751	1542.454102
44.000000	1741.541626	1494.285034
44.000000	1739.463501	1556.325317
44.000000	1737.385376	1498.913696
44.000000	1735.305298	1463.563721
44.000000	1733.225220	1515.117065
44.000000	1731.143188	1513.366699
44.000000	1729.061157	1544.025635
44.000000	1726.978149	1572.346191
44.000000	1724.894165	1568.261230
44.000000	1722.810181	1589.613037
44.000000	1720.724243	1573.967407
44.000000	1718.638306	1581.437378
44.000000	1716.551392	1570.425415
44.000000	1714.463501	1579.044312
44.000000	1712.374634	1599.194336
44.000000	1710.284790	1581.266968
44.000000	1708.194946	1633.681152
44.000000	1706.103149	1588.094482
44.000000	1704.011353	1663.504395
44.000000	1701.918579	1660.548706
44.000000	1699.824829	1648.386108
44.000000	1697.730103	1677.656128
44.000000	1695.635376	1640.191040
44.000000	1693.538696	1607.354004
44.000000	1691.442017	1640.052490
44.000000	1689.344360	1680.766846
44.000000	1687.245728	1603.163818
44.000000	1685.146118	1687.481812
44.000000	1683.046509	1713.210938
44.000000	1680.944946	1651.744019
44.000000	1678.843384	1636.188843
44.000000	1676.740845	1647.006714
44.000000	1674.637329	1679.583740
44.000000	1672.532837	1684.649048
44.000000	1670.427368	1698.868286
44.000000	1668.321899	1725.663696
44.000000	1666.214478	1721.552490
44.000000	1664.107056	1706.009766
44.000000	1661.998657	1714.481689
44.000000	1659.889282	1758.365112
44.000000	1657.778931	1731.404053
44.000000	1655.667603	1751.271118
44.000000	1653.556274	1731.180420
44.000000	1651.442993	1763.579102
44.000000	1649.329712	1766.304321
44.000000	1647.215454	1837.417236
44.000000	1645.100220	1805.928711
44.000000	1642.984009	1809.771606
44.000000	1640.867798	1815.888062
44.000000	1638.749634	1736.646362
44.000000	1636.631470	1781.464111
44.000000	1634.512329	1745.509033
44.000000	1632.392212	1824.387573
44.000000	1630.271118	1790.715576
44.000000	1628.149048	1767.291992
44.000000	1626.026001	1732.532959
44.000000	1623.902954	1772.703979
44.000000	1621.777954	1792.422729
44.000000	1619.652954	1806.455566
44.000000	1617.526978	1810.274902
44.000000	1615.400024	1769.899902
44.000000	1613.272095	1770.331909
44.000000	1611.143188	1836.430786
44.000000	1609.014282	1791.565063
44.000000	1606.884399	1805.562378
44.000000	1604.752563	1791.276611
44.000000	1602.620728	1821.087769
44.000000	1600.487915	1861.044434
44.000000	1598.354126	1813.996582
44.000000	1596.219360	1821.180664
44.000000	1594.084595	1787.728394
44.000000	1591.947876	1771.224854
44.000000	1589.811157	1859.611938
44.000000	1587.673462	1844.219238
44.000000	1585.534790	1866.023682
44.000000	1583.395142	1830.364990
44.000000	1581.254517	1851.030762
44.000000	1579.112915	1833.413208
44.000000	1576.971313	1866.435791
44.000000	1574.827759	1914.051392
44.000000	1572.684204	1888.559448
44.000000	1570.539673	1796.789185
44.000000	1568.394165	1814.046753
44.000000	1566.247681	1873.956543
44.000000	1564.100220	1883.312134
44.000000	1561.951782	1852.271240
44.000000	1559.803345	1886.299316
44.000000	1557.652954	1915.815918
44.000000	1555.502563	1897.123901
44.000000	1553.351196	1914.290405
44.000000	1551.198853	1898.972046
44.000000	1549.045532	1944.104004
44.000000	1546.891235	1929.903809
44.000000	1544.735962	1923.542847
44.000000	1542.580688	1930.601318
44.000000	1540.423462	1996.878296
44.000000	1538.266235	1972.624756
44.000000	1536.108032	1913.776978
44.000000	1533.948853	1935.335571
44.000000	1531.788696	1937.910156
44.000000	1529.627563	2028.584717
44.000000	1527.465454	1987.642822
44.000000	1525.302368	1991.306396
44.000000	1523.139282	2016.130371
44.000000	1520.974243	1978.581421
44.000000	1518.809204	2050.135498
44.000000	1516.643188	2063.779297
44.000000	1514.476196	2064.066406
44.000000	1512.308228	2048.789307
44.000000	1510.139282	2024.634521
44.000000	1507.969360	2042.707764
44.000000	1505.799438	2092.965576
44.000000	1503.627563	2024.425171
44.000000	1501.455688	2050.241455
44.000000	1499.281860	2033.894653
44.000000	1497.108032	2045.274292
44.000000	1494.933228	2006.779541
44.000000	1492.757446	2033.667236
44.000000	1490.580688	2079.355469
44.000000	1488.403931	2046.425781
44.000000	1486.225220	2076.582764
44.000000	1484.045532	2074.644287
44.000000	1481.865845	2069.390625
44.000000	1479.685181	2036.515625
44.000000	1477.502563	2098.658447
44.000000	1475.319946	2070.213379
44.000000	1473.136353	2080.419189
44.000000	1470.951782	2061.932617
44.000000	1468.766235	2065.515869
44.000000	1466.580688	2085.630859
44.000000	1464.393188	2053.939941
44.000000	1462.205688	2097.173096
44.000000	1460.016235	2037.976562
44.000000	1457.826782	2075.677490
44.000000	1455.636353	2104.546387
44.000000	1453.444946	2094.902832
44.000000	1451.251587	2097.358154
44.000000	1449.059204	2115.194092
44.000000	1446.864868	2128.621826
44.000000	1444.669556	2120.079590
44.000000	1442.473267	2099.471924
44.000000	1440.276978	2097.529541
44.000000	1438.078735	2095.588379
44.000000	1435.880493	2105.705811
44.000000	1433.681274	2125.676270
44.000000	1431.480103	2129.200684
44.000000	1429.278931	2076.885986
44.000000	1427.076782	2132.956787
44.000000	1424.873657	2141.942383
44.000000	1422.670532	2181.538330
44.000000	1420.465454	2126.005371
44.000000	1418.259399	2199.446045
44.000000	1416.053345	2146.133789
44.000000	1413.845337	2223.873047
44.000000	1411.637329	2250.257812
44.000000	1409.428345	2260.257812
44.000000	1407.217407	2271.339844
44.000000	1405.006470	2293.311768
44.000000	1402.794556	2237.908691
44.000000	1400.581665	2176.014893
44.000000	1398.367798	2205.617920
44.000000	1396.153931	2179.697266
44.000000	1393.938110	2169.026123
44.000000	1391.721313	2161.625000
44.000000	1389.504517	2170.532715
44.000000	1387.285767	2189.210938
44.000000	1385.067017	2152.486572
44.000000	1382.847290	2170.070068
44.000000	1380.625610	2135.552490
44.000000	1378.403931	2162.889893
44.000000	1376.181274	2144.666016
44.000000	1373.957642	2163.306152
44.000000	1371.733032	2154.845947
44.000000	1369.507446	2174.548828
44.000000	1367.281860	2162.842285
44.000000	1365.054321	2209.576416
44.000000	1362.825806	2206.517334
44.000000	1360.597290	2172.105713
44.000000	1358.366821	2201.485596
44.000000	1356.136353	2235.162354
44.000000	1353.904907	2222.376953
44.000000	1351.672485	2217.157227
44.000000	1349.438110	2232.442139
44.000000	1347.203735	2272.520752
44.000000	1344.968384	2323.347656
44.000000	1342.732056	2248.043945
44.000000	1340.494751	2289.143066
44.000000	1338.257446	2270.984131
44.000000	1336.018188	2239.922852
44.000000	1333.777954	2277.745605
44.000000	1331.537720	2297.253906
44.000000	1329.295532	2243.642090
44.000000	1327.053345	2284.639404
44.000000	1324.809204	2314.861328
44.000000	1322.565063	2337.541748
44.000000	1320.318970	2328.003906
44.000000	1318.072876	2373.189697
44.000000	1315.825806	2401.178955
44.000000	1313.577759	2326.233398
44.000000	1311.328735	2355.289551
44.000000	1309.078735	2348.974365
44.000000	1306.827759	2357.653320
44.000000	1304.575806	2403.783447
44.000000	1302.322876	2408.152588
44.000000	1300.069946	2416.795166
44.000000	1297.815063	2410.464844
44.000000	1295.559204	2467.180908
44.000000	1293.303345	2363.639648
44.000000	1291.045532	2321.037354
44.000000	1288.787720	2435.347656
44.000000	1286.528931	2423.685791
44.000000	1284.268188	2371.512451
44.000000	1282.007446	2347.094238
44.000000	1279.745728	2340.808350
44.000000	1277.483032	2395.233154
44.000000	1275.218384	2408.093994
44.000000	1272.953735	2296.437988
44.000000	1270.688110	2335.920410
44.000000	1268.421509	2364.737305
44.000000	1266.153931	2327.633545
44.000000	1263.886353	2328.806152
44.000000	1261.616821	2297.056152
44.000000	1259.346313	2338.577881
44.000000	1257.074829	2286.687500
44.000000	1254.803345	2358.937988
44.000000	1252.529907	2309.201172
44.000000	1250.255493	2351.707520
44.000000	1247.981079	2311.547363
44.000000	1245.704712	2280.950195
44.000000	1243.428345	2287.425049
44.000000	1241.151001	2302.358643
44.000000	1238.871704	2242.187256
44.000000	1236.592407	2321.615234
44.000000	1234.312134	2320.663330
44.000000	1232.029907	2304.922607
44.000000	1229.747681	2269.132324
44.000000	1227.464478	2269.256836
44.000000	1225.180298	2362.223633
44.000000	1222.895142	2325.397461
44.000000	1220.609009	2353.959473
44.000000	1218.321899	2290.822266
44.000000	1216.033813	2293.041260
44.000000	1213.744751	2283.676270
44.000000	1211.454712	2278.528320
44.000000	1209.163696	2342.816162
44.000000	1206.871704	2310.305908
44.000000	1204.579712	2298.844727
44.000000	1202.285767	2235.907471
44.000000	1199.990845	2271.747559
44.000000	1197.695923	2259.264648
44.000000	1195.399048	2286.669189
44.000000	1193.101196	2223.838379
44.000000	1190.803345	2339.311768
44.000000	1188.503540	2305.857178
44.000000	1186.203735	2282.906250
44.000000	1183.901978	2324.903320
44.000000	1181.600220	2292.541016
44.000000	1179.296509	2304.153076
44.000000	1176.992798	2299.019775
44.000000	1174.687134	2337.802246
44.000000	1172.381470	2358.785400
44.000000	1170.074829	2372.437988
44.000000	1167.767212	2405.919434
44.000000	1165.457642	2348.561523
44.000000	1163.148071	2355.939453
44.000000	1160.837524	2361.224854
44.000000	1158.526001	2347.740234
44.000000	1156.212524	2358.233887
44.000000	1153.899048	2328.093750
44.000000	1151.584595	2380.234619
44.000000	1149.269165	2354.272461
44.000000	1146.952759	2387.631592
44.000000	1144.635376	2423.042725
44.000000	1142.317017	2381.500488
44.000000	1139.997681	2373.242676
44.000000	1137.677368	2416.922852
44.000000	1135.356079	2364.012695
44.000000	1133.033813	2487.569092
44.000000	1130.710571	2451.269775
44.000000	1128.386353	2444.033936
44.000000	1126.061157	2390.160889
44.000000	1123.734985	2457.552002
44.000000	1121.407837	2473.104736
44.000000	1119.079712	2530.052246
44.000000	1116.750610	2534.178223
44.000000	1114.420532	2461.758057
44.000000	1112.089478	2531.044678
44.000000	1109.758423	2426.646240
44.000000	1107.425415	2524.814697
44.000000	1105.091431	2506.213135
44.000000	1102.756470	2547.494385
44.000000	1100.420532	2497.944092
44.000000	1098.083618	2430.901123
44.000000	1095.746704	2528.861328
44.000000	1093.407837	2530.903320
44.000000	1091.067993	2540.153564
44.000000	1088.727173	2485.557373
44.000000	1086.385376	2560.687256
44.000000	1084.043579	2560.652588
44.000000	1081.699829	2584.269531
44.000000	1079.355103	2591.419189
44.000000	1077.009399	2586.232178
44.000000	1074.663696	2680.675537
44.000000	1072.316040	2945.463867
44.000000	1069.967407	3628.730957
44.000000	1067.617798	5254.137695
44.000000	1065.267212	7364.216797
44.000000	1062.916626	9122.007812
44.000000	1060.564087	8943.019531
44.000000	1058.210571	7741.109863
44.000000	1055.856079	5767.331055
44.000000	1053.500610	4227.000977
44.000000	1051.145142	3417.218506
44.000000	1048.787720	3140.772949
44.000000	1046.429321	2960.621338
44.000000	1044.069946	2848.040283
44.000000	1041.709595	2821.325439
44.000000	1039.349243	2729.308350
44.000000	1036.986938	2619.002930
44.000000	1034.623657	2643.406494
44.000000	1032.259399	2606.624756
44.000000	1029.894165	2525.037598
44.000000	1027.527954	2624.821045
44.000000	1025.160767	2613.544434
44.000000	1022.793579	2635.860596
44.000000	1020.424438	2611.362549
44.000000	1018.054321	2580.783203
44.000000	1015.683228	2577.672607
44.000000	1013.311157	2546.115479
44.000000	1010.938110	2562.316406
44.000000	1008.564087	2580.533691
44.000000	1006.189087	2527.703613
44.000000	1003.813110	2559.104736
44.000000	1001.436157	2543.840332
44.000000	999.058228	2563.045654
44.000000	996.679321	2585.273193
44.000000	994.299438	2563.939209
44.000000	991.917603	2578.049316
44.000000	989.535767	2618.452637
44.000000	987.152954	2602.186279
44.000000	984.769165	2624.347900
44.000000	982.384399	2586.870850
44.000000	979.997681	2552.454834
44.000000	977.610962	2577.636475
44.000000	975.223267	2568.482422
44.000000	972.834595	2648.110352
44.000000	970.443970	2616.748779
44.000000	968.053345	2601.540039
44.000000	965.661743	2614.554688
44.000000	963.268188	2673.884766
44.000000	960.874634	2641.555664
44.000000	958.479126	2691.766846
44.000000	956.083618	2663.479248
44.000000	953.686157	2593.992432
44.000000	951.288696	2589.888428
44.000000	948.889282	2604.874023
44.000000	946.488892	2641.937988
44.000000	944.088501	2634.805664
44.000000	941.686157	2735.033203
44.000000	939.282837	2663.681396
44.000000	936.879517	2682.611084
44.000000	934.474243	2679.479248
44.000000	932.067993	2708.401367
44.000000	929.660767	2741.303223
44.000000	927.252563	2726.139160
44.000000	924.843384	2678.975342
44.000000	922.433228	2744.844238
44.000000	920.022095	2777.672607
44.000000	917.609985	2726.548340
44.000000	915.196899	2732.390869
44.000000	912.782837	2717.264648
44.000000	910.367798	2746.055176
44.000000	907.951782	2768.836182
44.000000	905.533813	2774.648438
44.000000	903.115845	2731.622803
44.000000	900.696899	2804.187012
44.000000	898.276001	2711.396729
44.000000	895.855103	2790.874023
44.000000	893.432251	2723.038818
44.000000	891.009399	2697.027832
44.000000	888.584595	2725.711670
44.000000	886.159790	2771.262451
44.000000	883.733032	2789.957031
44.000000	881.305298	2717.297363
44.000000	878.876587	2730.043457
44.000000	876.447876	2691.195557
44.000000	874.017212	2712.864258
44.000000	871.585571	2666.126221
44.000000	869.152954	2718.497803
44.000000	866.719360	2706.455566
44.000000	864.284790	2748.865479
44.000000	861.848267	2772.439453
44.000000	859.411743	2690.166260
44.000000	856.974243	2685.073730
44.000000	854.535767	2699.749023
44.000000	852.095337	2708.484131
44.000000	849.654907	2696.476807
44.000000	847.212524	2683.492188
44.000000	844.770142	2692.221191
44.000000	842.325806	2705.872559
44.000000	839.880493	2687.969727
44.000000	837.435181	2668.110840
44.000000	834.987915	2681.752930
44.000000	832.539673	2632.379150
44.000000	830.090454	2610.598877
44.000000	827.640259	2621.295166
44.000000	825.189087	2647.712646
44.000000	822.736938	2650.520752
44.000000	820.283813	2626.802246
44.000000	817.829712	2640.416748
44.000000	815.373657	2643.222168
44.000000	812.917603	2609.723877
44.000000	810.459595	2661.572754
44.000000	808.001587	2638.876709
44.000000	805.541626	2647.554443
44.000000	803.081665	2685.606934
44.000000	800.619751	2698.172119
44.000000	798.156860	2754.763184
44.000000	795.692993	2683.162842
44.000000	793.228149	2688.866455
44.000000	790.762329	2711.179688
44.000000	788.295532	2626.986816
44.000000	785.827759	2632.705078
44.000000	783.359009	2639.393799
44.000000	780.888306	2646.076172
44.000000	778.417603	2620.568115
44.000000	775.945923	2656.497314
44.000000	773.472290	2777.171875
44.000000	770.997681	2695.144531
44.000000	768.523071	2745.598389
44.000000	766.046509	2699.661377
44.000000	763.568970	2786.061768
44.000000	761.090454	2776.123047
44.000000	758.610962	2731.201660
44.000000	756.130493	2824.276855
44.000000	753.649048	2839.581543
44.000000	751.165649	2903.408447
44.000000	748.682251	2916.724365
44.000000	746.197876	2873.774658
44.000000	743.711548	2837.647217
44.000000	741.224243	2818.023682
44.000000	738.736938	2864.284424
44.000000	736.247681	2743.000488
44.000000	733.757446	2832.803955
44.000000	731.266235	2808.375977
44.000000	728.774048	2859.393799
44.000000	726.280884	2830.140869
44.000000	723.785767	2844.389893
44.000000	721.290649	2818.064453
44.000000	718.794556	2834.235596
44.000000	716.296509	2842.672607
44.000000	713.797485	2831.811523
44.000000	711.298462	2864.343506
44.000000	708.797485	2882.391602
44.000000	706.295532	2851.296387
44.000000	703.792603	2915.550537
44.000000	701.288696	2839.230957
44.000000	698.783813	2938.067139
44.000000	696.276978	3026.239990
44.000000	693.770142	3093.189697
44.000000	691.261353	3239.828125
44.000000	688.752563	3202.905029
44.000000	686.241821	3240.891113
44.000000	683.730103	3206.876465
44.000000	681.217407	3110.544678
44.000000	678.703735	3061.273193
44.000000	676.189087	2953.584961
44.000000	673.673462	2944.654297
44.000000	671.155884	2914.665283
44.000000	668.638306	2838.760254
44.000000	666.118774	2878.679199
44.000000	663.599243	2854.492432
44.000000	661.077759	2801.649414
44.000000	658.555298	2859.684326
44.000000	656.031860	2834.579590
44.000000	653.507446	2807.586182
44.000000	650.982056	2873.175293
44.000000	648.454712	2901.508301
44.000000	645.927368	2900.260742
44.000000	643.398071	2960.958252
44.000000	640.868774	3000.645752
44.000000	638.337524	2883.189209
44.000000	635.805298	2816.276611
44.000000	633.272095	2777.961670
44.000000	630.737915	2803.392334
44.000000	628.202759	2827.849854
44.000000	625.665649	2829.482422
44.000000	623.128540	2828.263672
44.000000	620.589478	2742.556641
44.000000	618.049438	2806.848877
44.000000	615.509399	2782.875488
44.000000	612.967407	2826.235596
44.000000	610.424438	2773.842773
44.000000	607.879517	2812.431641
44.000000	605.334595	2801.750000
44.000000	602.787720	2810.952393
44.000000	600.240845	2788.926514
44.000000	597.692017	2814.200684
44.000000	595.142212	2818.657227
44.000000	592.591431	2861.846680
44.000000	590.039673	2889.887451
44.000000	587.486938	2865.983398
44.000000	584.933228	2895.883789
44.000000	582.377563	2844.643799
44.000000	579.820923	2867.926758
44.000000	577.264282	2851.609131
44.000000	574.705688	2987.902832
44.000000	572.146118	2927.292725
44.000000	569.585571	2909.086182
44.000000	567.023071	2892.775879
44.000000	564.460571	2940.421631
44.000000	561.896118	2936.329346
44.000000	559.331665	2868.352539
44.000000	556.765259	2938.483398
44.000000	554.197876	2906.233643
44.000000	551.629517	2975.347656
44.000000	549.059204	2975.934570
44.000000	546.488892	2936.208252
44.000000	543.916626	2969.607910
44.000000	541.344360	2969.257568
44.000000	538.770142	2906.176514
44.000000	536.194946	2943.286865
44.000000	533.618774	3031.814209
44.000000	531.041626	2952.889893
44.000000	528.462524	2965.628662
44.000000	525.883423	3008.250977
44.000000	523.302368	3069.512207
44.000000	520.720337	3076.580566
44.000000	518.137329	2975.411377
44.000000	515.553345	3014.221924
44.000000	512.968384	2937.403320
44.000000	510.381439	3002.285645
44.000000	507.794525	3041.031494
44.000000	505.205658	2979.194824
44.000000	502.615814	2984.414062
44.000000	500.024994	2957.071289
44.000000	497.433197	271.497101
44.000000	494.839447	22.305126
44.000000	492.245697	0.000000
44.000000	489.649994	8.357145
44.000000	487.053314	7.425341
44.000000	484.455658	2.783291
44.000000	481.857025	6.491518
44.000000	479.257416	6.488691
55.000000	2681.806152	-390.908875
55.000000	2680.073730	-68.165604
55.000000	2678.340332	-29.203903
55.000000	2676.606934	0.000000
55.000000	2674.872559	1.389716
55.000000	2673.138184	15.281678
55.000000	2671.402832	13.887707
55.000000	2669.666504	19.436169
55.000000	2667.930176	184.580719
55.000000	2666.192871	228.913086
55.000000	2664.455566	216.353149
55.000000	2662.717285	202.415314
55.000000	2660.978027	217.591537
55.000000	2659.238770	224.444595
55.000000	2657.498535	234.062881
55.000000	2655.758301	238.136505
55.000000	2654.017090	206.222198
55.000000	2652.274902	225.521698
55.000000	2650.532715	221.295319
55.000000	2648.789551	241.958984
55.000000	2647.045410	237.729767
55.000000	2645.301270	254.228546
55.000000	2643.556152	232.042252
55.000000	2641.811035	231.962799
55.000000	2640.064941	260.868744
55.000000	2638.318848	251.120865
55.000000	2636.570801	237.241669
55.000000	2634.823730	273.010132
55.000000	2633.074707	241.214050
55.000000	2631.325684	257.665985
55.000000	2629.575684	250.690445
55.000000	2627.825684	291.912781
55.000000	2626.074707	250.518280
55.000000	2624.323730	265.568207
55.000000	2622.571777	233.839767
55.000000	2620.818848	281.886292
55.000000	2619.065918	263.919739
55.000000	2617.312012	262.454803
55.000000	2615.557129	274.727203
55.000000	2613.802246	252.661987
55.000000	2612.046387	278.656067
55.000000	2610.290527	271.698944
55.000000	2608.533691	289.437958
55.000000	2606.775879	268.769104
55.000000	2605.018066	274.159576
55.000000	2603.259277	271.324310
55.000000	2601.499512	283.559326
55.000000	2599.739746	282.092041
55.000000	2597.979004	286.101318
55.000000	2596.218262	272.318115
55.000000	2594.456543	298.215240
55.000000	2592.693848	302.214569
55.000000	2590.931152	273.402771
55.000000	2589.167480	286.973572
55.000000	2587.403809	293.704559
55.000000	2585.638184	281.312531
55.000000	2583.873535	298.961670
55.000000	2582.106934	285.211609
55.000000	2580.340332	302.847046
55.000000	2578.572754	286.377594
55.000000	2576.805176	298.547333
55.000000	2575.036621	309.345825
55.000000	2573.268066	298.340179
55.000000	2571.498535	306.407471
55.000000	2569.728027	323.998444
55.000000	2567.956543	285.781647
55.000000	2566.185059	308.808990
55.000000	2564.413574	310.061554
55.000000	2562.640137	296.359283
55.000000	2560.866699	311.204865
55.000000	2559.093262	305.662567
55.000000	2557.317871	301.482086
55.000000	2555.543457	287.801544
55.000000	2553.767090	301.272125
55.000000	2551.990723	324.229492
55.000000	2550.213379	320.048065
55.000000	2548.436035	333.493073
55.000000	2546.657715	330.666382
55.000000	2544.878418	318.358551
55.000000	2543.099121	337.206848
55.000000	2541.318848	324.905151
55.000000	2539.537598	326.144958
55.000000	2537.756348	304.385803
55.000000	2535.974121	335.383545
55.000000	2534.191895	325.803131
55.000000	2532.408691	358.122955
55.000000	2530.624512	333.680847
55.000000	2528.839355	333.564056
55.000000	2527.054199	319.947388
55.000000	2525.269043	321.184875
55.000000	2523.481934	333.213745
55.000000	2521.694824	331.748413
55.000000	2519.907715	316.803040
55.000000	2518.119629	323.430084
55.000000	2516.330566	324.663788
55.000000	2514.540527	339.363342
55.000000	2512.750488	336.551819
55.000000	2510.959473	374.114227
55.000000	2509.168457	356.494415
55.000000	2507.376465	359.058746
55.000000	2505.583496	360.276855
55.000000	2503.789551	326.554108
55.000000	2501.995605	372.113892
55.000000	2500.201660	342.439209
55.000000	2498.405762	338.291412
55.000000	2496.609863	336.830383
55.000000	2494.813965	354.151031
55.000000	2493.016113	370.118378
55.000000	2491.219238	379.371735
55.000000	2489.420410	363.157257
55.000000	2487.621582	381.783478
55.000000	2485.821777	373.614105
55.000000	2484.020996	382.852814
55.000000	2482.220215	355.954224
55.000000	2480.418457	389.271088
55.000000	2478.616699	355.702911
55.000000	2476.813965	384.985901
55.000000	2475.010254	368.814453
55.000000	2473.205566	384.713806
55.000000	2471.400879	401.937195
55.000000	2469.596191	375.097687
55.000000	2467.789551	378.968140
55.000000	2465.982910	393.507172
55.000000	2464.175293	405.368896
55.000000	2462.367676	370.567902
55.000000	2460.559082	414.409332
55.000000	2458.749512	411.598389
55.000000	2456.939941	390.147522
55.000000	2455.129395	397.995697
55.000000	2453.317871	376.564636
55.000000	2451.506348	380.421478
55.000000	2449.693848	424.165649
55.000000	2447.880371	414.710663
55.000000	2446.066895	418.549561
55.000000	2444.252441	431.683411
55.000000	2442.437012	403.646545
55.000000	2440.621582	412.794220
55.000000	2438.805176	441.837921
55.000000	2436.988770	436.375305
55.000000	2435.170410	421.635162
55.000000	2433.352051	440.041046
55.000000	2431.533691	449.159027
55.000000	2429.714355	417.211517
55.000000	2427.894043	423.682922
55.000000	2426.072754	422.208405
55.000000	2424.251465	422.057892
55.000000	2422.429199	420.584808
55.000000	2420.605957	432.333893
55.000000	2418.782715	444.074463
55.000000	2416.958496	439.952423
55.000000	2415.134277	449.040314
55.000000	2413.308105	451.520416
55.000000	2411.482910	455.318390
55.000000	2409.655762	439.324188
55.000000	2407.828613	427.297760
55.000000	2406.000488	440.328461
55.000000	2404.171387	436.217316
55.000000	2402.342285	432.109039
55.000000	2400.512207	467.511597
55.000000	2398.681152	431.799744
55.000000	2396.850098	434.277100
55.000000	2395.018066	460.431915
55.000000	2393.186035	472.102356
55.000000	2391.352051	466.674835
55.000000	2389.518066	487.533203
55.000000	2387.684082	467.653839
55.000000	2385.848145	449.101776
55.000000	2384.012207	451.565979
55.000000	2382.176270	464.526062
55.000000	2380.338379	466.982758
55.000000	2378.500488	477.305267
55.000000	2376.662598	477.133759
55.000000	2374.822754	484.824280
55.000000	2372.982910	493.819031
55.000000	2371.143066	481.856903
55.000000	2369.301270	509.170929
55.000000	2367.459473	502.445465
55.000000	2365.616699	476.104980
55.000000	2363.773926	462.858459
55.000000	2361.930176	491.446594
55.000000	2360.085449	491.269562
55.000000	2358.240723	497.622986
55.000000	2356.394043	472.636719
55.000000	2354.548340	489.433289
55.000000	2352.700684	523.178589
55.000000	2350.853027	528.206665
55.000000	2349.004395	498.029938
55.000000	2347.154785	483.514130
55.000000	2345.305176	521.120789
55.000000	2343.454590	513.118530
55.000000	2341.604004	499.914520
55.000000	2339.751465	499.733826
55.000000	2337.898926	500.854065
55.000000	2336.046387	516.278320
55.000000	2334.191895	518.691528
55.000000	2332.337402	508.107758
55.000000	2330.481934	518.316162
55.000000	2328.626465	497.351379
55.000000	2326.770020	530.921753
55.000000	2324.912598	504.776886
55.000000	2323.054199	516.268372
55.000000	2321.195801	574.432129
55.000000	2319.336426	521.078979
55.000000	2317.477051	542.917664
55.000000	2315.616699	534.949036
55.000000	2313.755371	530.870422
55.000000	2311.893066	515.145691
55.000000	2310.030762	544.717529
55.000000	2308.167480	526.412109
55.000000	2306.303223	535.271362
55.000000	2304.437988	526.029602
55.000000	2302.572754	593.021667
55.000000	2300.707520	557.935059
55.000000	2298.840332	543.530579
55.000000	2296.973145	545.914001
55.000000	2295.104980	574.097656
55.000000	2293.235840	571.309387
55.000000	2291.366699	586.571289
55.000000	2289.496582	559.294983
55.000000	2287.625488	566.820557
55.000000	2285.754395	603.958984
55.000000	2283.882324	593.440430
55.000000	2282.009277	584.216309
55.000000	2280.136230	559.562500
55.000000	2278.261230	614.651184
55.000000	2276.387207	595.145691
55.000000	2274.511230	597.498291
55.000000	2272.635254	615.262695
55.000000	2270.758301	586.789856
55.000000	2268.880371	608.395508
55.000000	2267.002441	583.794861
55.000000	2265.123535	593.842224
55.000000	2263.243652	620.549683
55.000000	2261.362793	620.322693
55.000000	2259.481934	600.877808
55.000000	2257.600098	641.640930
55.000000	2255.718262	627.323242
55.000000	2253.834473	609.176514
55.000000	2251.950684	633.260315
55.000000	2250.065918	622.797546
55.000000	2248.181152	621.290833
55.000000	2246.295410	635.120056
55.000000	2244.408691	614.448059
55.000000	2242.520996	620.607544
55.000000	2240.633301	645.909851
55.000000	2238.744629	629.084290
55.000000	2236.854980	623.751099
55.000000	2234.965332	609.495911
55.000000	2233.074707	596.525757
55.000000	2231.183105	640.902100
55.000000	2229.290527	633.024414
55.000000	2227.397949	650.616760
55.000000	2225.504395	640.195435
55.000000	2223.610840	646.321411
55.000000	2221.715332	649.898987
55.000000	2219.819824	670.001404
55.000000	2217.923340	659.587646
55.000000	2216.026855	640.288513
55.000000	2214.128418	654.022095
55.000000	2212.229980	661.397949
55.000000	2210.331543	671.306274
55.000000	2208.431152	644.419373
55.000000	2206.530762	665.738953
55.000000	2204.629395	678.169495
55.000000	2202.728027	686.789185
55.000000	2200.824707	659.935608
55.000000	2198.921387	643.231323
55.000000	2197.018066	656.916931
55.000000	2195.112793	692.101746
55.000000	2193.207520	688.051636
55.000000	2191.301270	723.198669
55.000000	2189.395020	706.501038
55.000000	2187.486816	688.552246
55.000000	2185.578613	679.457031
55.000000	2183.669434	686.780396
55.000000	2181.760254	728.172119
55.000000	2179.850098	666.087646
55.000000	2177.938965	709.978210
55.000000	2176.026855	689.545715
55.000000	2174.114746	711.972534
55.000000	2172.201660	696.592773
55.000000	2170.287598	717.740845
55.000000	2168.372559	721.250916
55.000000	2166.457520	727.274719
55.000000	2164.541504	709.395813
55.000000	2162.624512	692.787292
55.000000	2160.706543	690.016418
55.000000	2158.788574	732.477600
55.000000	2156.869629	718.390381
55.000000	2154.950684	754.531921
55.000000	2153.029785	751.741516
55.000000	2151.108887	745.189514
55.000000	2149.187012	758.707153
55.000000	2147.265137	732.099487
55.000000	2145.341309	704.258362
55.000000	2143.417480	755.355469
55.000000	2141.492676	757.578735
55.000000	2139.567871	771.065796
55.000000	2137.642090	767.024841
55.000000	2135.714355	780.497925
55.000000	2133.787598	766.453491
55.000000	2131.858887	763.668152
55.000000	2129.930176	774.628113
55.000000	2128.000488	775.588196
55.000000	2126.069824	771.553528
55.000000	2124.139160	750.049683
55.000000	2122.207520	783.453308
55.000000	2120.274902	771.937256
55.000000	2118.341309	817.773438
55.000000	2116.407715	771.360901
55.000000	2114.473145	805.951660
55.000000	2112.537598	815.612183
55.000000	2110.601074	822.775818
55.000000	2108.664551	824.956787
55.000000	2106.727051	784.846313
55.000000	2104.788574	790.769470
55.000000	2102.849121	821.545715
55.000000	2100.909668	829.935242
55.000000	2098.969238	819.688965
55.000000	2097.027832	825.589478
55.000000	2095.086426	814.111084
55.000000	2093.143066	826.211670
55.000000	2091.199707	858.144531
55.000000	2089.256348	856.583252
55.000000	2087.311035	811.652283
55.000000	2085.365723	822.496216
55.000000	2083.419434	865.525879
55.000000	2081.472168	823.117004
55.000000	2079.523926	871.062988
55.000000	2077.575684	842.288696
55.000000	2075.626465	802.408386
55.000000	2073.676270	841.656189
55.000000	2071.726074	849.988159
55.000000	2069.773926	886.718262
55.000000	2067.821777	855.522034
55.000000	2065.869629	844.093872
55.000000	2063.915527	872.149048
55.000000	2061.961426	847.158447
55.000000	2060.006348	866.562317
55.000000	2058.050293	871.165039
55.000000	2056.093262	876.995789
55.000000	2054.136230	898.828430
55.000000	2052.178223	930.490906
55.000000	2050.219238	904.303162
55.000000	2048.260254	889.203857
55.000000	2046.299438	903.621704
55.000000	2044.338501	930.318054
55.000000	2042.376587	925.053223
55.000000	2040.414673	905.055908
55.000000	2038.451782	850.701599
55.000000	2036.486938	870.014160
55.000000	2034.523071	929.791016
55.000000	2032.557251	962.546631
55.000000	2030.591431	904.574707
55.000000	2028.623657	903.007751
55.000000	2026.655884	945.533997
55.000000	2024.688110	919.465881
55.000000	2022.718384	932.580750
55.000000	2020.748657	945.685425
55.000000	2018.777954	908.639771
55.000000	2016.806274	948.637512
55.000000	2014.834595	951.944580
55.000000	2012.861938	977.236694
55.000000	2010.888306	925.581238
55.000000	2008.913696	927.671936
55.000000	2006.938110	966.365601
55.000000	2004.962524	990.393372
55.000000	2002.985962	979.044922
55.000000	2001.008423	960.392212
55.000000	1999.029907	975.866089
55.000000	1997.051392	947.485474
55.000000	1995.071899	970.256348
55.000000	1993.091431	999.094360
55.000000	1991.109985	999.931641
55.000000	1989.128540	995.903992
55.000000	1987.145142	943.257690
55.000000	1985.161743	1021.879395
55.000000	1983.178345	1003.271912
55.000000	1981.192993	1056.313477
55.000000	1979.207642	1012.218994
55.000000	1977.221313	1020.326782
55.000000	1975.234009	993.257812
55.000000	1973.245728	1000.153870
55.000000	1971.257446	1024.010254
55.000000	1969.268188	1030.888794
55.000000	1967.277954	1035.340088
55.000000	1965.286743	1026.472656
55.000000	1963.294556	1059.961792
55.000000	1961.302368	1041.414917
55.000000	1959.309204	1048.272583
55.000000	1957.315063	1073.254028
55.000000	1955.319946	1043.849121
55.000000	1953.324829	1091.758911
55.000000	1951.328735	1043.053101
55.000000	1949.331665	1057.136475
55.000000	1947.333618	1045.876221
55.000000	1945.334595	1073.211670
55.000000	1943.335571	1057.131836
55.000000	1941.335571	1039.859009
55.000000	1939.334595	1069.573730
55.000000	1937.332642	1092.041382
55.000000	1935.330688	1096.438354
55.000000	1933.327759	1091.206787
55.000000	1931.323853	1111.234375
55.000000	1929.318970	1139.661621
55.000000	1927.313110	1103.174316
55.000000	1925.307251	1105.154663
55.000000	1923.300415	1108.334106
55.000000	1921.292603	1093.505859
55.000000	1919.283813	1139.882324
55.000000	1917.274048	1107.061523
55.000000	1915.264282	1172.580200
55.000000	1913.253540	1155.351929
55.000000	1911.241821	1160.899292
55.000000	1909.229126	1135.305176
55.000000	1907.216431	1163.600708
55.000000	1905.202759	1167.941162
55.000000	1903.188110	1154.334839
55.000000	1901.172485	1175.415283
55.000000	1899.155884	1194.088745
55.000000	1897.139282	1170.928711
55.000000	1895.120728	1147.786133
55.000000	1893.102173	1221.367554
55.000000	1891.083618	1210.157349
55.000000	1889.063110	1218.043335
55.000000	1887.042603	1199.687134
55.000000	1885.020142	1217.107056
55.000000	1882.997681	1232.130127
55.000000	1880.975220	1257.861694
55.000000	1878.950806	1208.559082
55.000000	1876.926392	1260.464722
55.000000	1874.900024	1279.016113
55.000000	1872.873657	1260.683838
55.000000	1870.847290	1261.387207
55.000000	1868.818970	1253.770996
55.000000	1866.790649	1274.671143
55.000000	1864.760376	1265.867432
55.000000	1862.730103	1312.860962
55.000000	1860.699829	1283.877075
55.000000	1858.667603	1265.590210
55.000000	1856.635376	1271.030396
55.000000	1854.601196	1278.836426
55.000000	1852.567017	1341.134644
55.000000	1850.532837	1297.982544
55.000000	1848.496704	1279.723999
55.000000	1846.460571	1330.114990
55.000000	1844.422485	1327.235474
55.000000	1842.384399	1359.831665
55.000000	1840.345337	1374.672241
55.000000	1838.306274	1350.510010
55.000000	1836.265259	1309.830811
55.000000	1834.224243	1337.659546
55.000000	1832.182251	1347.763794
55.000000	1830.139282	1328.366943
55.000000	1828.095337	1336.107788
55.000000	1826.051392	1416.928467
55.000000	1824.006470	1383.386108
55.000000	1821.959595	1384.028320
55.000000	1819.913696	1377.605103
55.000000	1817.865845	1408.849976
55.000000	1815.817017	1387.126587
55.000000	1813.768188	1387.765137
55.000000	1811.718384	1319.041382
55.000000	1809.667603	1411.367554
55.000000	1807.615845	1384.976685
55.000000	1805.563110	1363.302979
55.000000	1803.510376	1370.990601
55.000000	1801.455688	1390.405273
55.000000	1799.401001	1414.496094
55.000000	1797.346313	1432.705688
55.000000	1795.289673	1449.728882
55.000000	1793.232056	1409.334106
55.000000	1791.174438	1422.839355
55.000000	1789.115845	1416.433350
55.000000	1787.056274	1466.199219
55.000000	1784.995728	1416.501953
55.000000	1782.934204	1434.658936
55.000000	1780.872681	1434.100830
55.000000	1778.810181	1495.464478
55.000000	1776.745728	1479.700073
55.000000	1774.682251	1453.440918
55.000000	1772.616821	1496.052856
55.000000	1770.550415	1531.632202
55.000000	1768.484009	1513.544678
55.000000	1766.416626	1518.783081
55.000000	1764.348267	1501.879150
55.000000	1762.278931	1551.375610
55.000000	1760.208618	1513.515137
55.000000	1758.137329	1530.381714
55.000000	1756.066040	1547.234863
55.000000	1753.993774	1540.816895
55.000000	1751.920532	1512.317383
55.000000	1749.846313	1505.917236
55.000000	1747.771118	1512.298462
55.000000	1745.695923	1511.708008
55.000000	1743.619751	1559.863281
55.000000	1741.541626	1539.531250
55.000000	1739.463501	1550.526733
55.000000	1737.385376	1532.531982
55.000000	1735.305298	1569.014526
55.000000	1733.225220	1561.450928
55.000000	1731.143188	1545.787720
55.000000	1729.061157	1561.387207
55.000000	1726.978149	1578.131104
55.000000	1724.894165	1568.261230
55.000000	1722.810181	1591.925171
55.000000	1720.724243	1568.189331
55.000000	1718.638306	1610.316772
55.000000	1716.551392	1560.032837
55.000000	1714.463501	1666.769043
55.000000	1712.374634	1601.501953
55.000000	1710.284790	1582.420410
55.000000	1708.194946	1614.081665
55.000000	1706.103149	1624.973389
55.000000	1704.011353	1642.768188
55.000000	1701.918579	1629.456665
55.000000	1699.824829	1666.803833
55.000000	1697.730103	1669.601562
55.000000	1695.635376	1671.246582
55.000000	1693.538696	1671.740112
55.000000	1691.442017	1683.725952
55.000000	1689.344360	1670.427246
55.000000	1687.245728	1746.713623
55.000000	1685.146118	1662.227051
55.000000	1683.046509	1706.326050
55.000000	1680.944946	1687.302490
55.000000	1678.843384	1700.398071
55.000000	1676.740845	1693.998535
55.000000	1674.637329	1764.364990
55.000000	1672.532837	1755.654053
55.000000	1670.427368	1745.804688
55.000000	1668.321899	1687.900391
55.000000	1666.214478	1729.559692
55.000000	1664.107056	1775.759521
55.000000	1661.998657	1776.203003
55.000000	1659.889282	1718.376221
55.000000	1657.778931	1765.666748
55.000000	1655.667603	1801.503052
55.000000	1653.556274	1758.568848
55.000000	1651.442993	1743.045776
55.000000	1649.329712	1773.145996
55.000000	1647.215454	1802.082275
55.000000	1645.100220	1792.255981
55.000000	1642.984009	1769.908813
55.000000	1640.867798	1815.888062
55.000000	1638.749634	1809.480835
55.000000	1636.631470	1770.088135
55.000000	1634.512329	1789.857422
55.000000	1632.392212	1749.366089
55.000000	1630.271118	1758.900879
55.000000	1628.149048	1797.958252
55.000000	1626.026001	1765.457886
55.000000	1623.902954	1778.378418
55.000000	1621.777954	1795.826050
55.000000	1619.652954	1809.857544
55.000000	1617.526978	1804.607178
55.000000	1615.400024	1822.022461
55.000000	1613.272095	1857.545898
55.000000	1611.143188	1765.102051
55.000000	1609.014282	1818.727173
55.000000	1606.884399	1825.925781
55.000000	1604.752563	1805.977783
55.000000	1602.620728	1841.435059
55.000000	1600.487915	1844.095093
55.000000	1598.354126	1860.306519
55.000000	1596.219360	1899.086060
55.000000	1594.084595	1883.660767
55.000000	1591.947876	1825.376831
55.000000	1589.811157	1861.867310
55.000000	1587.673462	1832.946533
55.000000	1585.534790	1858.135864
55.000000	1583.395142	1851.766113
55.000000	1581.254517	1891.564209
55.000000	1579.112915	1849.169922
55.000000	1576.971313	1870.935913
55.000000	1574.827759	1851.074341
55.000000	1572.684204	1891.931885
55.000000	1570.539673	1814.768433
55.000000	1568.394165	1835.388428
55.000000	1566.247681	1907.640503
55.000000	1564.100220	1932.695801
55.000000	1561.951782	1902.757080
55.000000	1559.803345	1904.242798
55.000000	1557.652954	1830.618652
55.000000	1555.502563	1910.570801
55.000000	1553.351196	1859.404419
55.000000	1551.198853	1978.469116
55.000000	1549.045532	1946.342407
55.000000	1546.891235	1950.041870
55.000000	1544.735962	1942.554688
55.000000	1542.580688	2004.382202
55.000000	1540.423462	1945.475708
55.000000	1538.266235	1983.794800
55.000000	1536.108032	1969.604736
55.000000	1533.948853	2027.972778
55.000000	1531.788696	1965.801880
55.000000	1529.627563	1975.054077
55.000000	1527.465454	1995.446289
55.000000	1525.302368	1996.878052
55.000000	1523.139282	2021.699829
55.000000	1520.974243	1990.829224
55.000000	1518.809204	2011.180664
55.000000	1516.643188	1972.550171
55.000000	1514.476196	2079.635742
55.000000	1512.308228	2024.332886
55.000000	1510.139282	2109.086914
55.000000	1507.969360	2026.046265
55.000000	1505.799438	2075.200195
55.000000	1503.627563	2077.699463
55.000000	1501.455688	2072.430176
55.000000	1499.281860	2159.210938
55.000000	1497.108032	2084.073486
55.000000	1494.933228	2112.049561
55.000000	1492.757446	2019.267578
55.000000	1490.580688	2094.856689
55.000000	1488.403931	2136.074463
55.000000	1486.225220	2141.856201
55.000000	1484.045532	2032.620605
55.000000	1481.865845	2053.914307
55.000000	1479.685181	2106.130615
55.000000	1477.502563	2065.521729
55.000000	1475.319946	2156.334229
55.000000	1473.136353	2126.773438
55.000000	1470.951782	2072.964844
55.000000	1468.766235	2091.982666
55.000000	1466.580688	2107.677734
55.000000	1464.393188	2140.989990
55.000000	1462.205688	2116.999268
55.000000	1460.016235	2041.279541
55.000000	1457.826782	2125.203125
55.000000	1455.636353	2136.450195
55.000000	1453.444946	2109.198730
55.000000	1451.251587	2155.617920
55.000000	1449.059204	2133.873779
55.000000	1446.864868	2105.556152
55.000000	1444.669556	2169.486084
55.000000	1442.473267	2166.417969
55.000000	1440.276978	2184.195312
55.000000	1438.078735	2153.707764
55.000000	1435.880493	2077.206055
55.000000	1433.681274	2206.758545
55.000000	1431.480103	2142.343994
55.000000	1429.278931	2146.954834
55.000000	1427.076782	2146.089355
55.000000	1424.873657	2117.875732
55.000000	1422.670532	2159.668213
55.000000	1420.465454	2131.470703
55.000000	1418.259399	2155.741211
55.000000	1416.053345	2202.927246
55.000000	1413.845337	2245.707764
55.000000	1411.637329	2240.436035
55.000000	1409.428345	2283.165771
55.000000	1407.217407	2229.903809
55.000000	1405.006470	2331.461182
55.000000	1402.794556	2317.444824
55.000000	1400.581665	2286.013672
55.000000	1398.367798	2277.469238
55.000000	1396.153931	2213.432129
55.000000	1393.938110	2238.643799
55.000000	1391.721313	2151.838867
55.000000	1389.504517	2205.313477
55.000000	1387.285767	2218.545166
55.000000	1385.067017	2162.260742
55.000000	1382.847290	2158.128906
55.000000	1380.625610	2153.999756
55.000000	1378.403931	2159.635986
55.000000	1376.181274	2205.384521
55.000000	1373.957642	2161.138428
55.000000	1371.733032	2228.515869
55.000000	1369.507446	2190.792969
55.000000	1367.281860	2268.927734
55.000000	1365.054321	2210.658447
55.000000	1362.825806	2235.721191
55.000000	1360.597290	2195.891846
55.000000	1358.366821	2171.224609
55.000000	1356.136353	2234.082031
55.000000	1353.904907	2243.974365
55.000000	1351.672485	2254.937256
55.000000	1349.438110	2272.364990
55.000000	1347.203735	2244.478271
55.000000	1344.968384	2257.582275
55.000000	1342.732056	2244.810791
55.000000	1340.494751	2275.138916
55.000000	1338.257446	2232.218994
55.000000	1336.018188	2258.220947
55.000000	1333.777954	2313.251465
55.000000	1331.537720	2345.651123
55.000000	1329.295532	2361.898193
55.000000	1327.053345	2393.176025
55.000000	1324.809204	2355.680176
55.000000	1322.565063	2409.482666
55.000000	1320.318970	2388.109131
55.000000	1318.072876	2362.460938
55.000000	1315.825806	2424.772461
55.000000	1313.577759	2314.441406
55.000000	1311.328735	2417.439941
55.000000	1309.078735	2412.170654
55.000000	1306.827759	2424.035889
55.000000	1304.575806	2441.242188
55.000000	1302.322876	2336.475098
55.000000	1300.069946	2412.517578
55.000000	1297.815063	2321.742676
55.000000	1295.559204	2395.591064
55.000000	1293.303345	2413.838867
55.000000	1291.045532	2416.056885
55.000000	1288.787720	2400.129883
55.000000	1286.528931	2389.549316
55.000000	1284.268188	2368.313477
55.000000	1282.007446	2393.993652
55.000000	1279.745728	2375.968506
55.000000	1277.483032	2426.118652
55.000000	1275.218384	2435.773193
55.000000	1272.953735	2367.736084
55.000000	1270.688110	2394.424805
55.000000	1268.421509	2363.674072
55.000000	1266.153931	2372.272949
55.000000	1263.886353	2381.926758
55.000000	1261.616821	2327.853516
55.000000	1259.346313	2329.023926
55.000000	1257.074829	2352.476318
55.000000	1254.803345	2402.425537
55.000000	1252.529907	2364.333496
55.000000	1250.255493	2365.484863
55.000000	1247.981079	2369.812988
55.000000	1245.704712	2302.128906
55.000000	1243.428345	2289.542236
55.000000	1241.151001	2318.229736
55.000000	1238.871704	2324.682861
55.000000	1236.592407	2308.928955
55.000000	1234.312134	2353.423096
55.000000	1232.029907	2342.950684
55.000000	1229.747681	2283.915039
55.000000	1227.464478	2312.531006
55.000000	1225.180298	2269.380371
55.000000	1222.895142	2293.759277
55.000000	1220.609009	2342.363525
55.000000	1218.321899	2315.058350
55.000000	1216.033813	2284.614990
55.000000	1213.744751	2324.738281
55.000000	1211.454712	2337.464844
55.000000	1209.163696	2332.296143
55.000000	1206.871704	2301.893311
55.000000	1204.579712	2307.253662
55.000000	1202.285767	2261.124512
55.000000	1199.990845	2341.065918
55.000000	1197.695923	2307.557617
55.000000	1195.399048	2301.361084
55.000000	1193.101196	2344.471191
55.000000	1190.803345	2334.069092
55.000000	1188.503540	2280.702393
55.000000	1186.203735	2300.716797
55.000000	1183.901978	2310.241943
55.000000	1181.600220	2310.336914
55.000000	1179.296509	2357.519043
55.000000	1176.992798	2317.846924
55.000000	1174.687134	2334.665527
55.000000	1172.381470	2304.440430
55.000000	1170.074829	2388.108154
55.000000	1167.767212	2335.955566
55.000000	1165.457642	2372.569092
55.000000	1163.148071	2391.414307
55.000000	1160.837524	2340.365967
55.000000	1158.526001	2375.887939
55.000000	1156.212524	2378.033447
55.000000	1153.899048	2419.759277
55.000000	1151.584595	2348.998047
55.000000	1149.269165	2397.985596
55.000000	1146.952759	2406.358154
55.000000	1144.635376	2449.041016
55.000000	1142.317017	2418.922607
55.000000	1139.997681	2444.938721
55.000000	1137.677368	2427.309326
55.000000	1135.356079	2421.114502
55.000000	1133.033813	2411.810791
55.000000	1130.710571	2480.315674
55.000000	1128.386353	2436.775391
55.000000	1126.061157	2458.569824
55.000000	1123.734985	2529.040771
55.000000	1121.407837	2454.463135
55.000000	1119.079712	2450.341064
55.000000	1116.750610	2430.700195
55.000000	1114.420532	2525.887939
55.000000	1112.089478	2509.332275
55.000000	1109.758423	2521.727783
55.000000	1107.425415	2540.310791
55.000000	1105.091431	2490.723633
55.000000	1102.756470	2528.914551
55.000000	1100.420532	2481.435547
55.000000	1098.083618	2593.854980
55.000000	1095.746704	2542.263428
55.000000	1093.407837	2493.805420
55.000000	1091.067993	2522.642334
55.000000	1088.727173	2595.729248
55.000000	1086.385376	2574.067139
55.000000	1084.043579	2565.796387
55.000000	1081.699829	2612.035156
55.000000	1079.355103	2608.894043
55.000000	1077.009399	2620.139893
55.000000	1074.663696	2750.516846
55.000000	1072.316040	2858.198486
55.000000	1069.967407	3663.622803
55.000000	1067.617798	5315.685547
55.000000	1065.267212	7295.517090
55.000000	1062.916626	9118.933594
55.000000	1060.564087	9070.059570
55.000000	1058.210571	7752.374512
55.000000	1055.856079	5915.762695
55.000000	1053.500610	4206.536621
55.000000	1051.145142	3436.651855
55.000000	1048.787720	3129.526611
55.000000	1046.429321	2955.511475
55.000000	1044.069946	2856.212402
55.000000	1041.709595	2758.016602
55.000000	1039.349243	2741.556641
55.000000	1036.986938	2706.745117
55.000000	1034.623657	2665.842773
55.000000	1032.259399	2597.449951
55.000000	1029.894165	2643.239502
55.000000	1027.527954	2601.394287
55.000000	1025.160767	2634.925049
55.000000	1022.793579	2593.116943
55.000000	1020.424438	2624.587402
55.000000	1018.054321	2560.446045
55.000000	1015.683228	2616.296875
55.000000	1013.311157	2632.476074
55.000000	1010.938110	2555.207520
55.000000	1008.564087	2521.654541
55.000000	1006.189087	2587.572998
55.000000	1003.813110	2560.119141
55.000000	1001.436157	2579.326172
55.000000	999.058228	2508.318604
55.000000	996.679321	2604.520996
55.000000	994.299438	2608.494385
55.000000	991.917603	2630.683105
55.000000	989.535767	2654.876221
55.000000	987.152954	2670.957520
55.000000	984.769165	2578.856445
55.000000	982.384399	2653.563721
55.000000	979.997681	2645.381592
55.000000	977.610962	2657.398682
55.000000	975.223267	2574.537842
55.000000	972.834595	2651.136719
55.000000	970.443970	2638.933105
55.000000	968.053345	2599.524170
55.000000	965.661743	2588.358643
55.000000	963.268188	2552.024170
55.000000	960.874634	2661.689453
55.000000	958.479126	2641.453369
55.000000	956.083618	2726.847656
55.000000	953.686157	2721.681152
55.000000	951.288696	2667.273438
55.000000	948.889282	2663.139648
55.000000	946.488892	2743.357910
55.000000	944.088501	2720.123047
55.000000	941.686157	2777.172363
55.000000	939.282837	2762.967773
55.000000	936.879517	2754.789062
55.000000	934.474243	2752.628906
55.000000	932.067993	2789.533203
55.000000	929.660767	2807.382812
55.000000	927.252563	2779.180664
55.000000	924.843384	2733.995361
55.000000	922.433228	2760.843262
55.000000	920.022095	2711.704102
55.000000	917.609985	2798.483643
55.000000	915.196899	2775.334229
55.000000	912.782837	2825.076660
55.000000	910.367798	2793.951416
55.000000	907.951782	2770.831055
55.000000	905.533813	2782.624512
55.000000	903.115845	2890.078857
55.000000	900.696899	2872.921875
55.000000	898.276001	2742.264648
55.000000	895.855103	2775.944336
55.000000	893.432251	2802.630615
55.000000	891.009399	2739.790527
55.000000	888.584595	2766.468262
55.000000	886.159790	2765.300537
55.000000	883.733032	2728.377441
55.000000	881.305298	2738.146240
55.000000	878.876587	2730.043457
55.000000	876.447876	2797.335693
55.000000	874.017212	2755.500732
55.000000	871.585571	2748.389648
55.000000	869.152954	2780.912109
55.000000	866.719360	2745.076660
55.000000	864.284790	2718.179688
55.000000	861.848267	2692.293945
55.000000	859.411743	2705.990723
55.000000	856.974243	2691.005615
55.000000	854.535767	2726.430176
55.000000	852.095337	2753.921875
55.000000	849.654907	2672.780273
55.000000	847.212524	2656.844727
55.000000	844.770142	2730.695557
55.000000	842.325806	2725.594727
55.000000	839.880493	2749.082275
55.000000	837.435181	2718.359619
55.000000	834.987915	2676.828613
55.000000	832.539673	2675.694092
55.000000	830.090454	2722.776855
55.000000	827.640259	2674.409668
55.000000	825.189087	2695.888672
55.000000	822.736938	2692.779541
55.000000	820.283813	2648.413818
55.000000	817.829712	2703.260254
55.000000	815.373657	2655.981934
55.000000	812.917603	2623.459229
55.000000	810.459595	2706.684082
55.000000	808.001587	2687.889893
55.000000	805.541626	2778.854248
55.000000	803.081665	2702.257324
55.000000	800.619751	2692.298096
55.000000	798.156860	2642.223877
55.000000	795.692993	2696.857422
55.000000	793.228149	2734.821777
55.000000	790.762329	2728.771973
55.000000	788.295532	2748.127197
55.000000	785.827759	2626.845947
55.000000	783.359009	2671.605469
55.000000	780.888306	2673.395508
55.000000	778.417603	2666.406006
55.000000	775.945923	2719.863281
55.000000	773.472290	2719.679688
55.000000	770.997681	2742.872070
55.000000	768.523071	2690.102051
55.000000	766.046509	2748.321289
55.000000	763.568970	2796.762451
55.000000	761.090454	2773.205811
55.000000	758.610962	2776.883545
55.000000	756.130493	2805.817383
55.000000	753.649048	2881.340088
55.000000	751.165649	2826.721924
55.000000	748.682251	2796.406982
55.000000	746.197876	2856.316650
55.000000	743.711548	2938.472412
55.000000	741.224243	2881.981689
55.000000	738.736938	2868.158936
55.000000	736.247681	2826.268311
55.000000	733.757446	2811.511963
55.000000	731.266235	2846.104736
55.000000	728.774048	2882.601562
55.000000	726.280884	2868.804199
55.000000	723.785767	2826.999023
55.000000	721.290649	2851.865723
55.000000	718.794556	2864.161133
55.000000	716.296509	2838.812988
55.000000	713.797485	2881.966309
55.000000	711.298462	2876.876953
55.000000	708.797485	2848.662598
55.000000	706.295532	2867.672119
55.000000	703.792603	2906.884766
55.000000	701.288696	2901.790283
55.000000	698.783813	2948.649658
55.000000	696.276978	2960.849365
55.000000	693.770142	3054.741211
55.000000	691.261353	3188.905518
55.000000	688.752563	3252.845459
55.000000	686.241821	3317.689697
55.000000	683.730103	3236.623047
55.000000	681.217407	3173.849121
55.000000	678.703735	3017.171143
55.000000	676.189087	2916.209961
55.000000	673.673462	2989.676758
55.000000	671.155884	2906.047607
55.000000	668.638306	2864.602051
55.000000	666.118774	2845.195068
55.000000	663.599243	2848.754639
55.000000	661.077759	2876.207275
55.000000	658.555298	2831.976074
55.000000	656.031860	2867.051025
55.000000	653.507446	2821.905762
55.000000	650.982056	2888.442871
55.000000	648.454712	2972.090820
55.000000	645.927368	2920.282227
55.000000	643.398071	2976.206055
55.000000	640.868774	2987.309570
55.000000	638.337524	2939.367676
55.000000	635.805298	2872.430908
55.000000	633.272095	2843.605225
55.000000	630.737915	2867.105713
55.000000	628.202759	2819.294922
55.000000	625.665649	2793.377441
55.000000	623.128540	2782.677002
55.000000	620.589478	2808.058838
55.000000	618.049438	2815.388916
55.000000	615.509399	2776.235840
55.000000	612.967407	2783.572021
55.000000	610.424438	2736.883545
55.000000	607.879517	2800.117188
55.000000	605.334595	2807.431152
55.000000	602.787720	2850.703125
55.000000	600.240845	2789.872559
55.000000	597.692017	2751.789062
55.000000	595.142212	2753.436768
55.000000	592.591431	2858.067383
55.000000	590.039673	2788.835938
55.000000	587.486938	2815.951416
55.000000	584.933228	2835.493896
55.000000	582.377563	2872.939209
55.000000	579.820923	2864.155518
55.000000	577.264282	2915.690186
55.000000	574.705688	2929.500977
55.000000	572.146118	2957.422607
55.000000	569.585571	2970.260742
55.000000	567.023071	2954.864746
55.000000	564.460571	2936.660156
55.000000	561.896118	2977.686035
55.000000	559.331665	2982.034424
55.000000	556.765259	3031.455566
55.000000	554.197876	3008.552734
55.000000	551.629517	3004.434814
55.000000	549.059204	2954.363037
55.000000	546.488892	2955.895508
55.000000	543.916626	2967.733643
55.000000	541.344360	2939.283936
55.000000	538.770142	3008.229736
55.000000	536.194946	2976.978027
55.000000	533.618774	3077.651611
55.000000	531.041626	2975.331299
55.000000	528.462524	3029.184570
55.000000	525.883423	3038.146729
55.000000	523.302368	3022.820557
55.000000	520.720337	2995.372314
55.000000	518.137329	3121.895996
55.000000	515.553345	3051.526611
55.000000	512.968384	3006.387207
55.000000	510.381439	3068.444092
55.000000	507.794525	3003.775391
55.000000	505.205658	3003.400879
55.000000	502.615814	3028.151855
55.000000	500.024994	3054.740967
55.000000	497.433197	284.514099
55.000000	494.839447	32.528309
55.000000	492.245697	7.431808
55.000000	489.649994	15.785719
55.000000	487.053314	-0.928168
55.000000	484.455658	5.566582
55.000000	481.857025	13.910395
55.000000	479.257416	12.050426
66.000000	2681.806152	-376.997528
66.000000	2680.073730	-69.556740
66.000000	2678.340332	-31.985226
66.000000	2676.606934	4.170568
66.000000	2674.872559	9.728014
66.000000	2673.138184	6.946218
66.000000	2671.402832	11.110166
66.000000	2669.666504	6.941489
66.000000	2667.930176	206.785904
66.000000	2666.192871	224.751022
66.000000	2664.455566	224.674423
66.000000	2662.717285	232.916245
66.000000	2660.978027	228.679001
66.000000	2659.238770	263.237488
66.000000	2657.498535	232.677902
66.000000	2655.758301	233.982956
66.000000	2654.017090	224.214752
66.000000	2652.274902	236.590256
66.000000	2650.532715	246.191040
66.000000	2648.789551	264.080963
66.000000	2647.045410	259.844177
66.000000	2645.301270	252.846878
66.000000	2643.556152	244.473099
66.000000	2641.811035	240.247192
66.000000	2640.064941	227.742569
66.000000	2638.318848	259.399567
66.000000	2636.570801	253.793411
66.000000	2634.823730	263.358246
66.000000	2633.074707	257.754456
66.000000	2631.325684	246.642853
66.000000	2629.575684	258.954956
66.000000	2627.825684	280.897186
66.000000	2626.074707	231.247635
66.000000	2624.323730	277.952209
66.000000	2622.571777	262.725861
66.000000	2620.818848	255.760239
66.000000	2619.065918	266.668915
66.000000	2617.312012	267.951263
66.000000	2615.557129	260.990845
66.000000	2613.802246	293.856873
66.000000	2612.046387	259.438385
66.000000	2610.290527	275.815613
66.000000	2608.533691	271.605286
66.000000	2606.775879	289.338165
66.000000	2605.018066	268.676392
66.000000	2603.259277	267.213348
66.000000	2601.499512	283.559326
66.000000	2599.739746	290.308319
66.000000	2597.979004	302.528198
66.000000	2596.218262	287.370880
66.000000	2594.456543	279.063812
66.000000	2592.693848	268.027405
66.000000	2590.931152	303.477051
66.000000	2589.167480	308.838226
66.000000	2587.403809	286.874237
66.000000	2585.638184	286.774902
66.000000	2583.873535	270.294128
66.000000	2582.106934	292.034851
66.000000	2580.340332	293.297791
66.000000	2578.572754	297.287231
66.000000	2576.805176	304.000244
66.000000	2575.036621	316.159607
66.000000	2573.268066	295.615601
66.000000	2571.498535	324.110992
66.000000	2569.728027	307.662384
66.000000	2567.956543	327.968475
66.000000	2566.185059	333.296051
66.000000	2564.413574	300.542114
66.000000	2562.640137	288.202606
66.000000	2560.866699	320.717682
66.000000	2559.093262	300.228577
66.000000	2557.317871	327.284607
66.000000	2555.543457	310.879974
66.000000	2553.767090	310.771698
66.000000	2551.990723	318.803040
66.000000	2550.213379	321.404175
66.000000	2548.436035	305.024170
66.000000	2546.657715	313.048889
66.000000	2544.878418	342.743439
66.000000	2543.099121	312.830444
66.000000	2541.318848	335.735321
66.000000	2539.537598	312.612000
66.000000	2537.756348	315.208405
66.000000	2535.974121	323.212372
66.000000	2534.191895	319.043732
66.000000	2532.408691	359.474365
66.000000	2530.624512	344.488312
66.000000	2528.839355	360.573303
66.000000	2527.054199	334.797272
66.000000	2525.269043	349.524719
66.000000	2523.481934	348.053223
66.000000	2521.694824	335.794128
66.000000	2519.907715	351.853577
66.000000	2518.119629	340.949219
66.000000	2516.330566	343.523926
66.000000	2514.540527	333.976624
66.000000	2512.750488	347.321472
66.000000	2510.959473	375.459961
66.000000	2509.168457	345.732330
66.000000	2507.376465	333.507751
66.000000	2505.583496	337.423492
66.000000	2503.789551	352.087128
66.000000	2501.995605	346.589844
66.000000	2500.201660	353.182404
66.000000	2498.405762	374.536926
66.000000	2496.609863	359.643585
66.000000	2494.813965	375.614746
66.000000	2493.016113	391.574524
66.000000	2491.219238	376.690643
66.000000	2489.420410	381.918121
66.000000	2487.621582	389.821014
66.000000	2485.821777	377.631470
66.000000	2484.020996	405.609802
66.000000	2482.220215	393.423096
66.000000	2480.418457	343.789246
66.000000	2478.616699	393.145325
66.000000	2476.813965	398.353455
66.000000	2475.010254	388.858704
66.000000	2473.205566	386.049622
66.000000	2471.400879	392.589813
66.000000	2469.596191	368.423340
66.000000	2467.789551	404.321655
66.000000	2465.982910	422.853455
66.000000	2464.175293	397.368195
66.000000	2462.367676	409.224274
66.000000	2460.559082	402.416779
66.000000	2458.749512	408.934326
66.000000	2456.939941	400.799988
66.000000	2455.129395	380.691528
66.000000	2453.317871	389.870819
66.000000	2451.506348	399.043488
66.000000	2449.693848	408.209564
66.000000	2447.880371	402.747833
66.000000	2446.066895	418.549561
66.000000	2444.252441	398.476990
66.000000	2442.437012	411.613251
66.000000	2440.621582	440.667786
66.000000	2438.805176	452.452667
66.000000	2436.988770	443.007141
66.000000	2435.170410	420.309265
66.000000	2433.352051	434.739349
66.000000	2431.533691	454.458832
66.000000	2429.714355	405.291199
66.000000	2427.894043	448.839111
66.000000	2426.072754	475.149902
66.000000	2424.251465	439.257751
66.000000	2422.429199	421.907410
66.000000	2420.605957	449.521454
66.000000	2418.782715	455.969330
66.000000	2416.958496	454.485413
66.000000	2415.134277	437.153961
66.000000	2413.308105	455.481110
66.000000	2411.482910	428.923126
66.000000	2409.655762	464.390717
66.000000	2407.828613	439.167145
66.000000	2406.000488	465.377075
66.000000	2404.171387	455.985474
66.000000	2402.342285	461.091949
66.000000	2400.512207	453.025330
66.000000	2398.681152	473.926544
66.000000	2396.850098	442.173035
66.000000	2395.018066	459.116394
66.000000	2393.186035	449.746552
66.000000	2391.352051	479.820618
66.000000	2389.518066	475.706238
66.000000	2387.684082	468.967468
66.000000	2385.848145	463.546570
66.000000	2384.012207	492.259430
66.000000	2382.176270	451.403870
66.000000	2380.338379	463.047516
66.000000	2378.500488	440.589478
66.000000	2376.662598	474.512146
66.000000	2374.822754	479.582947
66.000000	2372.982910	504.297943
66.000000	2371.143066	481.856903
66.000000	2369.301270	498.699554
66.000000	2367.459473	481.510223
66.000000	2365.616699	478.720947
66.000000	2363.773926	511.236328
66.000000	2361.930176	501.902924
66.000000	2360.085449	503.028656
66.000000	2358.240723	525.051025
66.000000	2356.394043	515.722351
66.000000	2354.548340	515.536438
66.000000	2352.700684	502.303619
66.000000	2350.853027	496.905518
66.000000	2349.004395	505.852386
66.000000	2347.154785	514.792664
66.000000	2345.305176	491.156342
66.000000	2343.454590	523.537170
66.000000	2341.604004	533.762878
66.000000	2339.751465	532.268616
66.000000	2337.898926	537.279846
66.000000	2336.046387	513.677429
66.000000	2334.191895	513.491577
66.000000	2332.337402	530.199402
66.000000	2330.481934	548.194031
66.000000	2328.626465	546.696960
66.000000	2326.770020	528.325562
66.000000	2324.912598	525.538940
66.000000	2323.054199	513.674072
66.000000	2321.195801	508.301117
66.000000	2319.336426	547.003296
66.000000	2317.477051	532.551697
66.000000	2315.616699	529.767883
66.000000	2313.755371	526.986023
66.000000	2311.893066	550.092773
66.000000	2310.030762	562.831665
66.000000	2308.167480	563.920593
66.000000	2306.303223	603.796448
66.000000	2304.437988	553.171204
66.000000	2302.572754	525.838379
66.000000	2300.707520	557.935059
66.000000	2298.840332	569.351562
66.000000	2296.973145	552.366882
66.000000	2295.104980	535.394409
66.000000	2293.235840	576.467896
66.000000	2291.366699	545.317932
66.000000	2289.496582	574.759338
66.000000	2287.625488	571.973450
66.000000	2285.754395	552.448608
66.000000	2283.882324	599.876892
66.000000	2282.009277	589.363586
66.000000	2280.136230	572.426025
66.000000	2278.261230	570.931274
66.000000	2276.387207	614.426880
66.000000	2274.511230	619.342285
66.000000	2272.635254	622.969543
66.000000	2270.758301	606.049866
66.000000	2268.880371	598.127197
66.000000	2267.002441	629.985229
66.000000	2265.123535	604.102966
66.000000	2263.243652	623.113953
66.000000	2261.362793	652.364136
66.000000	2259.481934	614.970947
66.000000	2257.600098	660.851746
66.000000	2255.718262	626.042969
66.000000	2253.834473	610.456299
66.000000	2251.950684	633.260315
66.000000	2250.065918	615.124451
66.000000	2248.181152	618.734131
66.000000	2246.295410	665.789795
66.000000	2244.408691	682.152344
66.000000	2242.520996	649.977844
66.000000	2240.633301	616.550293
66.000000	2238.744629	697.990112
66.000000	2236.854980	650.537903
66.000000	2234.965332	655.399414
66.000000	2233.074707	646.236206
66.000000	2231.183105	612.870605
66.000000	2229.290527	624.108582
66.000000	2227.397949	663.348999
66.000000	2225.504395	641.468201
66.000000	2223.610840	642.504517
66.000000	2221.715332	668.976257
66.000000	2219.819824	666.187317
66.000000	2217.923340	665.942078
66.000000	2216.026855	652.992676
66.000000	2214.128418	662.911682
66.000000	2212.229980	708.368652
66.000000	2210.331543	683.996338
66.000000	2208.431152	685.012695
66.000000	2206.530762	637.841370
66.000000	2204.629395	693.380737
66.000000	2202.728027	638.637939
66.000000	2200.824707	670.068970
66.000000	2198.921387	677.418823
66.000000	2197.018066	683.497375
66.000000	2195.112793	670.592224
66.000000	2193.207520	714.612427
66.000000	2191.301270	730.784668
66.000000	2189.395020	678.696045
66.000000	2187.486816	740.351562
66.000000	2185.578613	721.133789
66.000000	2183.669434	717.079529
66.000000	2181.760254	702.932190
66.000000	2179.850098	717.810364
66.000000	2177.938965	721.327759
66.000000	2176.026855	779.047974
66.000000	2174.114746	725.833923
66.000000	2172.201660	738.161560
66.000000	2170.287598	744.183960
66.000000	2168.372559	722.509644
66.000000	2166.457520	723.499939
66.000000	2164.541504	754.676392
66.000000	2162.624512	700.331238
66.000000	2160.706543	755.373169
66.000000	2158.788574	748.810730
66.000000	2156.869629	740.997070
66.000000	2154.950684	773.363831
66.000000	2153.029785	765.546509
66.000000	2151.108887	764.007446
66.000000	2149.187012	742.404358
66.000000	2147.265137	762.185791
66.000000	2145.341309	756.889771
66.000000	2143.417480	755.355469
66.000000	2141.492676	786.379272
66.000000	2139.567871	767.310547
66.000000	2137.642090	760.768555
66.000000	2135.714355	722.961243
66.000000	2133.787598	742.697205
66.000000	2131.858887	764.918030
66.000000	2129.930176	768.381104
66.000000	2128.000488	758.103149
66.000000	2126.069824	735.347961
66.000000	2124.139160	818.689819
66.000000	2122.207520	767.235291
66.000000	2120.274902	788.149170
66.000000	2118.341309	819.020081
66.000000	2116.407715	788.806824
66.000000	2114.473145	810.934326
66.000000	2112.537598	816.857422
66.000000	2110.601074	811.573120
66.000000	2108.664551	816.246887
66.000000	2106.727051	803.503479
66.000000	2104.788574	816.879822
66.000000	2102.849121	815.331299
66.000000	2100.909668	852.298767
66.000000	2098.969238	810.995300
66.000000	2097.027832	861.592651
66.000000	2095.086426	873.680176
66.000000	2093.143066	831.173950
66.000000	2091.199707	820.941711
66.000000	2089.256348	852.864380
66.000000	2087.311035	827.761414
66.000000	2085.365723	864.611938
66.000000	2083.419434	860.572937
66.000000	2081.472168	830.543579
66.000000	2079.523926	872.300293
66.000000	2077.575684	888.051758
66.000000	2075.626465	828.372253
66.000000	2073.676270	894.800415
66.000000	2071.726074	899.406067
66.000000	2069.773926	884.248291
66.000000	2067.821777	843.176819
66.000000	2065.869629	873.711182
66.000000	2063.915527	880.784180
66.000000	2061.961426	869.354736
66.000000	2060.006348	851.770386
66.000000	2058.050293	846.520996
66.000000	2056.093262	864.678406
66.000000	2054.136230	925.916443
66.000000	2052.178223	915.721252
66.000000	2050.219238	874.774902
66.000000	2048.260254	910.111816
66.000000	2046.299438	942.963074
66.000000	2044.338501	914.341614
66.000000	2042.376587	901.711914
66.000000	2040.414673	912.424072
66.000000	2038.451782	931.720825
66.000000	2036.486938	895.783325
66.000000	2034.523071	922.431152
66.000000	2032.557251	945.380188
66.000000	2030.591431	941.346008
66.000000	2028.623657	923.836975
66.000000	2026.655884	950.433167
66.000000	2024.688110	958.644165
66.000000	2022.718384	903.208130
66.000000	2020.748657	928.557922
66.000000	2018.777954	969.786438
66.000000	2016.806274	974.309448
66.000000	2014.834595	927.504395
66.000000	2012.861938	977.236694
66.000000	2010.888306	958.550476
66.000000	2008.913696	977.717407
66.000000	2006.938110	1004.190552
66.000000	2004.962524	1030.643311
66.000000	2002.985962	1008.306580
66.000000	2001.008423	964.048523
66.000000	1999.029907	957.591431
66.000000	1997.051392	988.892273
66.000000	1995.071899	961.734680
66.000000	1993.091431	982.057434
66.000000	1991.109985	1025.477295
66.000000	1989.128540	1022.656006
66.000000	1987.145142	957.844116
66.000000	1985.161743	1004.868286
66.000000	1983.178345	991.125793
66.000000	1981.192993	1018.674683
66.000000	1979.207642	994.013611
66.000000	1977.221313	1036.098755
66.000000	1975.234009	1035.704712
66.000000	1973.245728	1008.640015
66.000000	1971.257446	1027.645752
66.000000	1969.268188	1070.864502
66.000000	1967.277954	1054.714844
66.000000	1965.286743	1067.628418
66.000000	1963.294556	1061.171753
66.000000	1961.302368	1082.539307
66.000000	1959.309204	1054.317993
66.000000	1957.315063	1064.793701
66.000000	1955.319946	1082.510132
66.000000	1953.324829	1051.904907
66.000000	1951.328735	1067.197754
66.000000	1949.331665	1077.651611
66.000000	1947.333618	1112.223633
66.000000	1945.334595	1094.917114
66.000000	1943.335571	1087.266724
66.000000	1941.335571	1077.212036
66.000000	1939.334595	1057.529053
66.000000	1937.332642	1108.897583
66.000000	1935.330688	1094.031250
66.000000	1933.327759	1154.970825
66.000000	1931.323853	1143.705566
66.000000	1929.318970	1079.552856
66.000000	1927.313110	1141.629150
66.000000	1925.307251	1139.991089
66.000000	1923.300415	1150.361938
66.000000	1921.292603	1135.517578
66.000000	1919.283813	1161.480103
66.000000	1917.274048	1143.044067
66.000000	1915.264282	1134.213501
66.000000	1913.253540	1197.299316
66.000000	1911.241821	1152.513062
66.000000	1909.229126	1179.615601
66.000000	1907.216431	1121.701538
66.000000	1905.202759	1177.514404
66.000000	1903.188110	1183.043701
66.000000	1901.172485	1201.721680
66.000000	1899.155884	1232.337891
66.000000	1897.139282	1210.357910
66.000000	1895.120728	1203.921387
66.000000	1893.102173	1217.785889
66.000000	1891.083618	1187.481812
66.000000	1889.063110	1258.604980
66.000000	1887.042603	1248.580933
66.000000	1885.020142	1258.829712
66.000000	1882.997681	1209.489380
66.000000	1880.975220	1267.390869
66.000000	1878.950806	1294.289429
66.000000	1876.926392	1240.230591
66.000000	1874.900024	1267.118286
66.000000	1872.873657	1285.659668
66.000000	1870.847290	1291.108887
66.000000	1868.818970	1303.684204
66.000000	1866.790649	1293.678345
66.000000	1864.760376	1314.554688
66.000000	1862.730103	1310.486938
66.000000	1860.699829	1318.287842
66.000000	1858.667603	1313.035034
66.000000	1856.635376	1273.401733
66.000000	1854.601196	1351.134033
66.000000	1852.567017	1377.861816
66.000000	1850.532837	1333.511230
66.000000	1848.496704	1344.834839
66.000000	1846.460571	1327.748291
66.000000	1844.422485	1373.369263
66.000000	1842.384399	1357.466797
66.000000	1840.345337	1358.124268
66.000000	1838.306274	1328.060547
66.000000	1836.265259	1361.798828
66.000000	1834.224243	1401.413940
66.000000	1832.182251	1353.664795
66.000000	1830.139282	1359.039673
66.000000	1828.095337	1340.824829
66.000000	1826.051392	1419.286133
66.000000	1824.006470	1370.424194
66.000000	1821.959595	1378.138794
66.000000	1819.913696	1411.750854
66.000000	1817.865845	1366.478638
66.000000	1815.817017	1420.069458
66.000000	1813.768188	1384.236816
66.000000	1811.718384	1430.724976
66.000000	1809.667603	1459.549194
66.000000	1807.615845	1417.868408
66.000000	1805.563110	1383.265259
66.000000	1803.510376	1428.506470
66.000000	1801.455688	1397.445312
66.000000	1799.401001	1433.262207
66.000000	1797.346313	1376.429199
66.000000	1795.289673	1398.162109
66.000000	1793.232056	1408.162598
66.000000	1791.174438	1450.944702
66.000000	1789.115845	1442.186646
66.000000	1787.056274	1449.817139
66.000000	1784.995728	1441.065552
66.000000	1782.934204	1493.120972
66.000000	1780.872681	1443.451172
66.000000	1778.810181	1447.562866
66.000000	1776.745728	1466.853516
66.000000	1774.682251	1477.956787
66.000000	1772.616821	1457.542847
66.000000	1770.550415	1505.968872
66.000000	1768.484009	1569.515503
66.000000	1766.416626	1489.642944
66.000000	1764.348267	1544.989624
66.000000	1762.278931	1540.893433
66.000000	1760.208618	1567.070190
66.000000	1758.137329	1500.123291
66.000000	1756.066040	1546.071533
66.000000	1753.993774	1530.350952
66.000000	1751.920532	1555.327148
66.000000	1749.846313	1522.184937
66.000000	1747.771118	1540.174927
66.000000	1745.695923	1575.566650
66.000000	1743.619751	1532.008667
66.000000	1741.541626	1555.773438
66.000000	1739.463501	1589.956787
66.000000	1737.385376	1571.946655
66.000000	1735.305298	1563.220581
66.000000	1733.225220	1579.984497
66.000000	1731.143188	1570.103516
66.000000	1729.061157	1581.063721
66.000000	1726.978149	1582.759033
66.000000	1724.894165	1622.618408
66.000000	1722.810181	1602.329834
66.000000	1720.724243	1646.772095
66.000000	1718.638306	1620.713379
66.000000	1716.551392	1606.221802
66.000000	1714.463501	1591.741333
66.000000	1712.374634	1669.577271
66.000000	1710.284790	1630.861816
66.000000	1708.194946	1670.574463
66.000000	1706.103149	1622.668457
66.000000	1704.011353	1657.744385
66.000000	1701.918579	1662.851807
66.000000	1699.824829	1635.723877
66.000000	1697.730103	1663.848267
66.000000	1695.635376	1687.349487
66.000000	1693.538696	1691.286011
66.000000	1691.442017	1728.548706
66.000000	1689.344360	1710.636963
66.000000	1687.245728	1698.480835
66.000000	1685.146118	1706.996948
66.000000	1683.046509	1663.868652
66.000000	1680.944946	1696.478760
66.000000	1678.843384	1704.984375
66.000000	1676.740845	1718.067505
66.000000	1674.637329	1715.100220
66.000000	1672.532837	1729.313477
66.000000	1670.427368	1714.895386
66.000000	1668.321899	1753.127808
66.000000	1666.214478	1746.718018
66.000000	1664.107056	1791.767578
66.000000	1661.998657	1786.489868
66.000000	1659.889282	1797.211304
66.000000	1657.778931	1794.218872
66.000000	1655.667603	1727.296631
66.000000	1653.556274	1788.239746
66.000000	1651.442993	1841.149170
66.000000	1649.329712	1785.689209
66.000000	1647.215454	1756.488770
66.000000	1645.100220	1797.953003
66.000000	1642.984009	1805.215820
66.000000	1640.867798	1863.704590
66.000000	1638.749634	1803.790649
66.000000	1636.631470	1882.709473
66.000000	1634.512329	1828.520142
66.000000	1632.392212	1809.610596
66.000000	1630.271118	1848.663940
66.000000	1628.149048	1826.353149
66.000000	1626.026001	1836.984375
66.000000	1623.902954	1910.026001
66.000000	1621.777954	1792.422729
66.000000	1619.652954	1872.227295
66.000000	1617.526978	1826.144531
66.000000	1615.400024	1775.565430
66.000000	1613.272095	1865.474487
66.000000	1611.143188	1840.959595
66.000000	1609.014282	1836.835205
66.000000	1606.884399	1856.471069
66.000000	1604.752563	1838.772583
66.000000	1602.620728	1856.130371
66.000000	1600.487915	1847.484863
66.000000	1598.354126	1811.737549
66.000000	1596.219360	1913.763916
66.000000	1594.084595	1883.660767
66.000000	1591.947876	1899.836060
66.000000	1589.811157	1870.889160
66.000000	1587.673462	1890.437500
66.000000	1585.534790	1861.516357
66.000000	1583.395142	1928.359863
66.000000	1581.254517	1901.697632
66.000000	1579.112915	1857.048340
66.000000	1576.971313	1909.187134
66.000000	1574.827759	1853.323608
66.000000	1572.684204	1885.187012
66.000000	1570.539673	1877.695312
66.000000	1568.394165	1903.906616
66.000000	1566.247681	1852.623291
66.000000	1564.100220	1882.189819
66.000000	1561.951782	1928.561035
66.000000	1559.803345	1888.542236
66.000000	1557.652954	1934.873169
66.000000	1555.502563	1945.308472
66.000000	1553.351196	1968.056274
66.000000	1551.198853	1937.041138
66.000000	1549.045532	1925.077026
66.000000	1546.891235	1962.348511
66.000000	1544.735962	1957.093018
66.000000	1542.580688	1930.601318
66.000000	1540.423462	1961.119995
66.000000	1538.266235	2011.719849
66.000000	1536.108032	1949.506714
66.000000	1533.948853	1929.755005
66.000000	1531.788696	1966.917480
66.000000	1529.627563	2030.815063
66.000000	1527.465454	2040.037231
66.000000	1525.302368	2025.850586
66.000000	1523.139282	2052.888672
66.000000	1520.974243	2062.089355
66.000000	1518.809204	2077.960205
66.000000	1516.643188	2029.290161
66.000000	1514.476196	2071.851074
66.000000	1512.308228	2113.265625
66.000000	1510.139282	2165.758789
66.000000	1507.969360	2087.138672
66.000000	1505.799438	2096.296631
66.000000	1503.627563	2098.787354
66.000000	1501.455688	2121.245361
66.000000	1499.281860	2097.107422
66.000000	1497.108032	2116.221436
66.000000	1494.933228	2086.563232
66.000000	1492.757446	2086.834961
66.000000	1490.580688	2132.501953
66.000000	1488.403931	2084.056152
66.000000	1486.225220	2135.218262
66.000000	1484.045532	2052.526611
66.000000	1481.865845	2134.611816
66.000000	1479.685181	2126.020508
66.000000	1477.502563	2119.645020
66.000000	1475.319946	2102.232666
66.000000	1473.136353	2136.706543
66.000000	1470.951782	2164.532715
66.000000	1468.766235	2111.832764
66.000000	1466.580688	2169.408691
66.000000	1464.393188	2078.181641
66.000000	1462.205688	2168.767578
66.000000	1460.016235	2160.188965
66.000000	1457.826782	2114.197510
66.000000	1455.636353	2119.948242
66.000000	1453.444946	2171.880859
66.000000	1451.251587	2172.106689
66.000000	1449.059204	2167.936523
66.000000	1446.864868	2176.949463
66.000000	1444.669556	2162.898438
66.000000	1442.473267	2168.612793
66.000000	1440.276978	2158.963379
66.000000	1438.078735	2115.327148
66.000000	1435.880493	2165.994141
66.000000	1433.681274	2105.953369
66.000000	1431.480103	2180.678467
66.000000	1429.278931	2162.282471
66.000000	1427.076782	2222.696289
66.000000	1424.873657	2192.263916
66.000000	1422.670532	2201.221436
66.000000	1420.465454	2256.079590
66.000000	1418.259399	2224.576172
66.000000	1416.053345	2210.572510
66.000000	1413.845337	2279.551758
66.000000	1411.637329	2269.901123
66.000000	1409.428345	2268.984619
66.000000	1407.217407	2364.025146
66.000000	1405.006470	2348.900635
66.000000	1402.794556	2323.981934
66.000000	1400.581665	2259.875488
66.000000	1398.367798	2263.316650
66.000000	1396.153931	2211.255615
66.000000	1393.938110	2252.784912
66.000000	1391.721313	2292.105469
66.000000	1389.504517	2199.878906
66.000000	1387.285767	2190.297363
66.000000	1385.067017	2200.271240
66.000000	1382.847290	2222.177979
66.000000	1380.625610	2177.872803
66.000000	1378.403931	2265.936279
66.000000	1376.181274	2247.670654
66.000000	1373.957642	2218.580811
66.000000	1371.733032	2219.848877
66.000000	1369.507446	2230.861816
66.000000	1367.281860	2237.535156
66.000000	1365.054321	2186.853027
66.000000	1362.825806	2233.558105
66.000000	1360.597290	2247.788818
66.000000	1358.366821	2201.485596
66.000000	1356.136353	2272.973389
66.000000	1353.904907	2287.169189
66.000000	1351.672485	2257.096191
66.000000	1349.438110	2257.259033
66.000000	1347.203735	2278.992188
66.000000	1344.968384	2343.832031
66.000000	1342.732056	2361.200439
66.000000	1340.494751	2340.850830
66.000000	1338.257446	2291.443359
66.000000	1336.018188	2322.803223
66.000000	1333.777954	2299.264404
66.000000	1331.537720	2394.048340
66.000000	1329.295532	2383.399170
66.000000	1327.053345	2372.758301
66.000000	1324.809204	2419.056885
66.000000	1322.565063	2388.007568
66.000000	1320.318970	2413.868408
66.000000	1318.072876	2423.614502
66.000000	1315.825806	2386.165039
66.000000	1313.577759	2436.648926
66.000000	1311.328735	2507.451172
66.000000	1309.078735	2401.459473
66.000000	1306.827759	2400.480713
66.000000	1304.575806	2389.870117
66.000000	1302.322876	2377.127930
66.000000	1300.069946	2447.807129
66.000000	1297.815063	2399.775391
66.000000	1295.559204	2414.824219
66.000000	1293.303345	2351.890869
66.000000	1291.045532	2411.786377
66.000000	1288.787720	2459.893066
66.000000	1286.528931	2463.156006
66.000000	1284.268188	2461.083984
66.000000	1282.007446	2406.784180
66.000000	1279.745728	2356.790283
66.000000	1277.483032	2446.354248
66.000000	1275.218384	2347.412598
66.000000	1272.953735	2396.468262
66.000000	1270.688110	2375.278076
66.000000	1268.421509	2396.635742
66.000000	1266.153931	2420.101074
66.000000	1263.886353	2399.987793
66.000000	1261.616821	2395.820068
66.000000	1259.346313	2382.101074
66.000000	1257.074829	2332.315186
66.000000	1254.803345	2385.454834
66.000000	1252.529907	2451.273193
66.000000	1250.255493	2370.783936
66.000000	1247.981079	2325.319336
66.000000	1245.704712	2329.661377
66.000000	1243.428345	2337.174805
66.000000	1241.151001	2406.049561
66.000000	1238.871704	2358.527100
66.000000	1236.592407	2380.818604
66.000000	1234.312134	2267.824951
66.000000	1232.029907	2299.641113
66.000000	1229.747681	2355.716309
66.000000	1227.464478	2347.361328
66.000000	1225.180298	2348.508057
66.000000	1222.895142	2358.090088
66.000000	1220.609009	2338.146973
66.000000	1218.321899	2346.670410
66.000000	1216.033813	2360.452637
66.000000	1213.744751	2336.319824
66.000000	1211.454712	2335.359863
66.000000	1209.163696	2378.584229
66.000000	1206.871704	2328.182617
66.000000	1204.579712	2336.685791
66.000000	1202.285767	2372.499512
66.000000	1199.990845	2341.065918
66.000000	1197.695923	2314.906494
66.000000	1195.399048	2363.276367
66.000000	1193.101196	2376.989502
66.000000	1190.803345	2325.680664
66.000000	1188.503540	2364.551758
66.000000	1186.203735	2377.197998
66.000000	1183.901978	2306.052734
66.000000	1181.600220	2339.647949
66.000000	1179.296509	2361.704590
66.000000	1176.992798	2390.018311
66.000000	1174.687134	2381.714355
66.000000	1172.381470	2439.257812
66.000000	1170.074829	2374.527344
66.000000	1167.767212	2393.388672
66.000000	1165.457642	2319.334961
66.000000	1163.148071	2378.893799
66.000000	1160.837524	2401.899658
66.000000	1158.526001	2454.076416
66.000000	1156.212524	2416.590576
66.000000	1153.899048	2478.091797
66.000000	1151.584595	2460.408691
66.000000	1149.269165	2425.046387
66.000000	1146.952759	2433.407715
66.000000	1144.635376	2460.480225
66.000000	1142.317017	2491.687988
66.000000	1139.997681	2514.556396
66.000000	1137.677368	2532.212402
66.000000	1135.356079	2501.056885
66.000000	1133.033813	2516.626953
66.000000	1130.710571	2483.427734
66.000000	1128.386353	2493.806396
66.000000	1126.061157	2550.817871
66.000000	1123.734985	2536.293213
66.000000	1121.407837	2550.777588
66.000000	1119.079712	2526.946533
66.000000	1116.750610	2494.856445
66.000000	1114.420532	2560.021484
66.000000	1112.089478	2564.130371
66.000000	1109.758423	2570.302002
66.000000	1107.425415	2570.269775
66.000000	1105.091431	2547.518555
66.000000	1102.756470	2610.459229
66.000000	1100.420532	2600.090332
66.000000	1098.083618	2564.977051
66.000000	1095.746704	2574.222168
66.000000	1093.407837	2607.160156
66.000000	1091.067993	2600.927734
66.000000	1088.727173	2547.335938
66.000000	1086.385376	2582.300781
66.000000	1084.043579	2594.602539
66.000000	1081.699829	2625.403809
66.000000	1079.355103	2642.815674
66.000000	1077.009399	2654.047607
66.000000	1074.663696	2703.271240
66.000000	1072.316040	2945.463867
66.000000	1069.967407	3732.379883
66.000000	1067.617798	5355.691406
66.000000	1065.267212	7567.240234
66.000000	1062.916626	9159.930664
66.000000	1060.564087	9088.500977
66.000000	1058.210571	7792.314453
66.000000	1055.856079	5971.040527
66.000000	1053.500610	4299.651367
66.000000	1051.145142	3522.568115
66.000000	1048.787720	3166.332520
66.000000	1046.429321	3030.114502
66.000000	1044.069946	2925.676758
66.000000	1041.709595	2827.452148
66.000000	1039.349243	2769.115234
66.000000	1036.986938	2711.846436
66.000000	1034.623657	2689.299072
66.000000	1032.259399	2666.769775
66.000000	1029.894165	2625.916748
66.000000	1027.527954	2638.062256
66.000000	1025.160767	2634.925049
66.000000	1022.793579	2603.293945
66.000000	1020.424438	2613.397217
66.000000	1018.054321	2580.783203
66.000000	1015.683228	2671.184326
66.000000	1013.311157	2586.755859
66.000000	1010.938110	2574.503418
66.000000	1008.564087	2647.534180
66.000000	1006.189087	2635.265381
66.000000	1003.813110	2629.092285
66.000000	1001.436157	2583.381836
66.000000	999.058228	2655.270508
66.000000	996.679321	2645.042480
66.000000	994.299438	2665.200684
66.000000	991.917603	2702.548584
66.000000	989.535767	2693.323242
66.000000	987.152954	2687.139160
66.000000	984.769165	2705.221436
66.000000	982.384399	2688.930908
66.000000	979.997681	2676.693848
66.000000	977.610962	2743.218994
66.000000	975.223267	2636.100586
66.000000	972.834595	2664.251221
66.000000	970.443970	2674.226318
66.000000	968.053345	2676.129150
66.000000	965.661743	2627.652588
66.000000	963.268188	2695.034180
66.000000	960.874634	2680.816406
66.000000	958.479126	2734.030029
66.000000	956.083618	2657.444092
66.000000	953.686157	2773.963135
66.000000	951.288696	2698.428467
66.000000	948.889282	2711.359375
66.000000	946.488892	2750.386963
66.000000	944.088501	2768.302490
66.000000	941.686157	2758.109375
66.000000	939.282837	2785.031250
66.000000	936.879517	2714.690186
66.000000	934.474243	2755.635010
66.000000	932.067993	2810.567383
66.000000	929.660767	2804.379395
66.000000	927.252563	2728.140625
66.000000	924.843384	2783.013184
66.000000	922.433228	2791.841553
66.000000	920.022095	2827.648682
66.000000	917.609985	2806.476318
66.000000	915.196899	2771.339600
66.000000	912.782837	2806.109619
66.000000	910.367798	2865.795898
66.000000	907.951782	2794.769287
66.000000	905.533813	2843.441406
66.000000	903.115845	2774.475586
66.000000	900.696899	2853.994873
66.000000	898.276001	2845.821533
66.000000	895.855103	2868.509033
66.000000	893.432251	2755.870361
66.000000	891.009399	2769.625000
66.000000	888.584595	2842.016602
66.000000	886.159790	2804.052490
66.000000	883.733032	2772.079102
66.000000	881.305298	2822.534424
66.000000	878.876587	2776.685303
66.000000	876.447876	2785.432129
66.000000	874.017212	2769.382324
66.000000	871.585571	2810.830566
66.000000	869.152954	2779.921387
66.000000	866.719360	2720.319580
66.000000	864.284790	2798.358887
66.000000	861.848267	2781.344482
66.000000	859.411743	2788.080322
66.000000	856.974243	2766.140137
66.000000	854.535767	2770.898926
66.000000	852.095337	2783.555176
66.000000	849.654907	2766.579346
66.000000	847.212524	2763.434326
66.000000	844.770142	2787.913818
66.000000	842.325806	2719.677979
66.000000	839.880493	2723.454346
66.000000	837.435181	2716.388916
66.000000	834.987915	2712.283447
66.000000	832.539673	2724.916016
66.000000	830.090454	2731.633057
66.000000	827.640259	2681.294678
66.000000	825.189087	2687.040039
66.000000	822.736938	2730.124756
66.000000	820.283813	2782.995850
66.000000	817.829712	2688.531250
66.000000	815.373657	2745.299805
66.000000	812.917603	2738.247803
66.000000	810.459595	2752.776123
66.000000	808.001587	2747.686279
66.000000	805.541626	2729.861816
66.000000	803.081665	2774.735596
66.000000	800.619751	2752.018066
66.000000	798.156860	2813.479248
66.000000	795.692993	2734.028564
66.000000	793.228149	2751.443848
66.000000	790.762329	2769.820801
66.000000	788.295532	2730.542236
66.000000	785.827759	2741.099121
66.000000	783.359009	2713.577881
66.000000	780.888306	2738.766846
66.000000	778.417603	2763.933838
66.000000	775.945923	2799.801758
66.000000	773.472290	2783.992920
66.000000	770.997681	2826.638916
66.000000	768.523071	2867.300293
66.000000	766.046509	2786.276367
66.000000	763.568970	2805.517578
66.000000	761.090454	2862.664062
66.000000	758.610962	2809.930176
66.000000	756.130493	2872.854004
66.000000	753.649048	2928.925537
66.000000	751.165649	2928.646973
66.000000	748.682251	2973.001709
66.000000	746.197876	2946.516113
66.000000	743.711548	2877.395508
66.000000	741.224243	2878.105469
66.000000	738.736938	2958.242920
66.000000	736.247681	2935.678711
66.000000	733.757446	2971.201904
66.000000	731.266235	2835.463379
66.000000	728.774048	2881.634521
66.000000	726.280884	2882.336182
66.000000	723.785767	2868.544189
66.000000	721.290649	2904.016357
66.000000	718.794556	2897.947998
66.000000	716.296509	2878.375000
66.000000	713.797485	2937.907959
66.000000	711.298462	2947.256104
66.000000	708.797485	2981.651611
66.000000	706.295532	2931.248291
66.000000	703.792603	2916.513428
66.000000	701.288696	2962.424805
66.000000	698.783813	3050.625732
66.000000	696.276978	3147.405029
66.000000	693.770142	3148.940186
66.000000	691.261353	3238.867188
66.000000	688.752563	3283.577881
66.000000	686.241821	3330.169434
66.000000	683.730103	3224.148682
66.000000	681.217407	3205.501221
66.000000	678.703735	3069.902100
66.000000	676.189087	3010.126709
66.000000	673.673462	2963.812744
66.000000	671.155884	2993.181152
66.000000	668.638306	2926.813477
66.000000	666.118774	2911.206543
66.000000	663.599243	2909.000244
66.000000	661.077759	2903.927490
66.000000	658.555298	2952.363770
66.000000	656.031860	2904.297852
66.000000	653.507446	2890.639648
66.000000	650.982056	2936.154297
66.000000	648.454712	2939.661133
66.000000	645.927368	3022.296875
66.000000	643.398071	3058.163818
66.000000	640.868774	3016.839600
66.000000	638.337524	2960.315430
66.000000	635.805298	2951.427490
66.000000	633.272095	2866.437744
66.000000	630.737915	2873.762451
66.000000	628.202759	2808.839111
66.000000	625.665649	2836.133301
66.000000	623.128540	2776.978760
66.000000	620.589478	2865.017578
66.000000	618.049438	2859.038574
66.000000	615.509399	2878.673096
66.000000	612.967407	2880.276367
66.000000	610.424438	2885.668213
66.000000	607.879517	2892.001953
66.000000	605.334595	2868.977051
66.000000	602.787720	2827.041992
66.000000	600.240845	2887.314697
66.000000	597.692017	2894.579346
66.000000	595.142212	2892.384766
66.000000	592.591431	2878.853271
66.000000	590.039673	2837.000732
66.000000	587.486938	2831.055420
66.000000	584.933228	2898.714600
66.000000	582.377563	2929.530273
66.000000	579.820923	2917.893799
66.000000	577.264282	2904.381836
66.000000	574.705688	2967.179443
66.000000	572.146118	2960.247314
66.000000	569.585571	3006.965332
66.000000	567.023071	3062.109131
66.000000	564.460571	3000.603027
66.000000	561.896118	3008.703613
66.000000	559.331665	3029.010498
66.000000	556.765259	3007.977783
66.000000	554.197876	3053.610596
66.000000	551.629517	3044.781738
66.000000	549.059204	3022.829102
66.000000	546.488892	3104.955811
66.000000	543.916626	2969.607910
66.000000	541.344360	3052.621582
66.000000	538.770142	3058.788330
66.000000	536.194946	3047.167480
66.000000	533.618774	3033.685303
66.000000	531.041626	3086.602295
66.000000	528.462524	3072.178223
66.000000	525.883423	3077.384766
66.000000	523.302368	3116.203857
66.000000	520.720337	3039.243408
66.000000	518.137329	3154.551758
66.000000	515.553345	3115.877197
66.000000	512.968384	3089.354004
66.000000	510.381439	3093.602783
66.000000	507.794525	3068.042236
66.000000	505.205658	3090.914795
66.000000	502.615814	3117.489014
66.000000	500.024994	3070.554199
66.000000	497.433197	283.584320
66.000000	494.839447	31.598928
66.000000	492.245697	0.928976
66.000000	489.649994	4.642859
66.000000	487.053314	5.569005
66.000000	484.455658	2.783291
66.000000	481.857025	4.636798
66.000000	479.257416	6.488691
77.000000	2681.806152	-382.562073
77.000000	2680.073730	-75.121284
77.000000	2678.340332	-20.859930
77.000000	2676.606934	0.000000
77.000000	2674.872559	-4.169149
77.000000	2673.138184	-1.389243
77.000000	2671.402832	5.555083
77.000000	2669.666504	12.494680
77.000000	2667.930176	212.337204
77.000000	2666.192871	228.913086
77.000000	2664.455566	221.900665
77.000000	2662.717285	225.984222
77.000000	2660.978027	239.766464
77.000000	2659.238770	242.455566
77.000000	2657.498535	228.522934
77.000000	2655.758301	263.057770
77.000000	2654.017090	253.279617
77.000000	2652.274902	240.740952
77.000000	2650.532715	255.872711
77.000000	2648.789551	244.724243
77.000000	2647.045410	234.965469
77.000000	2645.301270	248.701843
77.000000	2643.556152	234.804672
77.000000	2641.811035	238.866455
77.000000	2640.064941	263.629272
77.000000	2638.318848	244.221939
77.000000	2636.570801	266.207214
77.000000	2634.823730	246.812180
77.000000	2633.074707	232.943863
77.000000	2631.325684	245.264954
77.000000	2629.575684	249.313034
77.000000	2627.825684	280.897186
77.000000	2626.074707	269.788910
77.000000	2624.323730	265.568207
77.000000	2622.571777	257.223724
77.000000	2620.818848	283.261322
77.000000	2619.065918	283.163879
77.000000	2617.312012	261.080719
77.000000	2615.557129	282.969025
77.000000	2613.802246	243.049850
77.000000	2612.046387	247.084183
77.000000	2610.290527	266.210083
77.000000	2608.533691	285.322723
77.000000	2606.775879	283.853088
77.000000	2605.018066	279.642761
77.000000	2603.259277	287.768219
77.000000	2601.499512	279.449768
77.000000	2599.739746	280.722656
77.000000	2597.979004	275.150055
77.000000	2596.218262	265.475952
77.000000	2594.456543	298.215240
77.000000	2592.693848	278.967316
77.000000	2590.931152	285.705872
77.000000	2589.167480	281.507416
77.000000	2587.403809	300.534912
77.000000	2585.638184	282.678131
77.000000	2583.873535	297.596558
77.000000	2582.106934	296.128784
77.000000	2580.340332	276.927704
77.000000	2578.572754	316.379059
77.000000	2576.805176	293.094421
77.000000	2575.036621	278.002411
77.000000	2573.268066	286.079620
77.000000	2571.498535	309.131073
77.000000	2569.728027	310.385071
77.000000	2567.956543	304.833771
77.000000	2566.185059	272.078430
77.000000	2564.413574	312.781403
77.000000	2562.640137	303.156494
77.000000	2560.866699	309.845917
77.000000	2559.093262	298.870087
77.000000	2557.317871	305.556183
77.000000	2555.543457	332.600861
77.000000	2553.767090	343.341644
77.000000	2551.990723	317.446442
77.000000	2550.213379	328.184875
77.000000	2548.436035	337.560059
77.000000	2546.657715	321.180054
77.000000	2544.878418	321.067963
77.000000	2543.099121	335.852600
77.000000	2541.318848	326.258942
77.000000	2539.537598	311.258698
77.000000	2537.756348	321.972534
77.000000	2535.974121	313.745880
77.000000	2534.191895	336.618164
77.000000	2532.408691	348.663116
77.000000	2530.624512	344.488312
77.000000	2528.839355	337.615448
77.000000	2527.054199	338.847260
77.000000	2525.269043	309.039215
77.000000	2523.481934	331.864716
77.000000	2521.694824	333.096985
77.000000	2519.907715	332.980225
77.000000	2518.119629	351.730225
77.000000	2516.330566	348.912537
77.000000	2514.540527	321.856506
77.000000	2512.750488	321.743530
77.000000	2510.959473	336.433655
77.000000	2509.168457	360.530212
77.000000	2507.376465	364.437897
77.000000	2505.583496	341.456421
77.000000	2503.789551	345.367920
77.000000	2501.995605	351.963318
77.000000	2500.201660	363.925598
77.000000	2498.405762	343.661133
77.000000	2496.609863	379.772919
77.000000	2494.813965	399.761383
77.000000	2493.016113	360.731323
77.000000	2491.219238	360.604218
77.000000	2489.420410	347.076477
77.000000	2487.621582	353.652069
77.000000	2485.821777	372.274994
77.000000	2484.020996	370.804993
77.000000	2482.220215	376.026825
77.000000	2480.418457	375.894073
77.000000	2478.616699	378.435791
77.000000	2476.813965	386.322662
77.000000	2475.010254	406.230408
77.000000	2473.205566	383.377991
77.000000	2471.400879	408.613892
77.000000	2469.596191	407.134491
77.000000	2467.789551	392.312103
77.000000	2465.982910	406.846405
77.000000	2464.175293	388.034058
77.000000	2462.367676	433.217896
77.000000	2460.559082	406.414276
77.000000	2458.749512	412.930420
77.000000	2456.939941	420.773438
77.000000	2455.129395	403.320068
77.000000	2453.317871	392.532043
77.000000	2451.506348	395.053070
77.000000	2449.693848	442.781067
77.000000	2447.880371	388.126648
77.000000	2446.066895	406.591003
77.000000	2444.252441	452.935516
77.000000	2442.437012	439.496704
77.000000	2440.621582	420.758118
77.000000	2438.805176	429.896362
77.000000	2436.988770	428.417084
77.000000	2435.170410	420.309265
77.000000	2433.352051	409.556274
77.000000	2431.533691	430.609680
77.000000	2429.714355	443.701141
77.000000	2427.894043	430.302979
77.000000	2426.072754	455.296844
77.000000	2424.251465	439.257751
77.000000	2422.429199	469.520782
77.000000	2420.605957	442.910858
77.000000	2418.782715	452.004364
77.000000	2416.958496	433.346558
77.000000	2415.134277	472.813019
77.000000	2413.308105	426.435944
77.000000	2411.482910	450.039337
77.000000	2409.655762	468.348602
77.000000	2407.828613	462.905914
77.000000	2406.000488	466.695435
77.000000	2404.171387	469.164246
77.000000	2402.342285	475.583435
77.000000	2400.512207	442.489868
77.000000	2398.681152	458.128998
77.000000	2396.850098	475.072815
77.000000	2395.018066	505.159576
77.000000	2393.186035	487.882935
77.000000	2391.352051	482.449768
77.000000	2389.518066	486.219086
77.000000	2387.684082	465.026550
77.000000	2385.848145	453.041260
77.000000	2384.012207	462.067505
77.000000	2382.176270	489.458252
77.000000	2380.338379	461.735779
77.000000	2378.500488	495.663147
77.000000	2376.662598	483.687805
77.000000	2374.822754	490.065613
77.000000	2372.982910	480.720398
77.000000	2371.143066	496.260223
77.000000	2369.301270	484.301392
77.000000	2367.459473	491.977844
77.000000	2365.616699	516.652405
77.000000	2363.773926	495.546204
77.000000	2361.930176	525.429626
77.000000	2360.085449	504.335236
77.000000	2358.240723	483.255920
77.000000	2356.394043	513.111145
77.000000	2354.548340	494.653931
77.000000	2352.700684	510.131714
77.000000	2350.853027	495.601318
77.000000	2349.004395	512.371094
77.000000	2347.154785	504.366486
77.000000	2345.305176	513.303955
77.000000	2343.454590	509.211548
77.000000	2341.604004	535.064758
77.000000	2339.751465	520.556091
77.000000	2337.898926	525.571533
77.000000	2336.046387	518.879211
77.000000	2334.191895	513.491577
77.000000	2332.337402	544.493958
77.000000	2330.481934	528.708435
77.000000	2328.626465	531.114136
77.000000	2326.770020	536.114197
77.000000	2324.912598	521.646057
77.000000	2323.054199	570.748962
77.000000	2321.195801	530.344788
77.000000	2319.336426	521.078979
77.000000	2317.477051	554.579346
77.000000	2315.616699	516.815125
77.000000	2313.755371	532.165222
77.000000	2311.893066	550.092773
77.000000	2310.030762	562.831665
77.000000	2308.167480	557.453613
77.000000	2306.303223	526.220886
77.000000	2304.437988	560.925964
77.000000	2302.572754	576.225830
77.000000	2300.707520	556.643555
77.000000	2298.840332	553.858948
77.000000	2296.973145	582.050110
77.000000	2295.104980	594.739380
77.000000	2293.235840	546.806274
77.000000	2291.366699	593.017151
77.000000	2289.496582	560.583679
77.000000	2287.625488	552.650024
77.000000	2285.754395	582.067078
77.000000	2283.882324	581.854858
77.000000	2282.009277	615.099976
77.000000	2280.136230	581.430481
77.000000	2278.261230	594.077087
77.000000	2276.387207	613.141418
77.000000	2274.511230	585.933777
77.000000	2272.635254	619.116089
77.000000	2270.758301	611.185913
77.000000	2268.880371	622.514404
77.000000	2267.002441	604.323914
77.000000	2265.123535	638.733093
77.000000	2263.243652	644.910095
77.000000	2261.362793	633.139282
77.000000	2259.481934	622.658081
77.000000	2257.600098	646.763855
77.000000	2255.718262	675.972778
77.000000	2253.834473	615.575439
77.000000	2251.950684	619.187866
77.000000	2250.065918	631.749451
77.000000	2248.181152	654.528625
77.000000	2246.295410	627.452576
77.000000	2244.408691	636.164551
77.000000	2242.520996	616.776611
77.000000	2240.633301	645.909851
77.000000	2238.744629	632.912415
77.000000	2236.854980	665.844727
77.000000	2234.965332	628.622375
77.000000	2233.074707	629.666077
77.000000	2231.183105	670.207764
77.000000	2229.290527	624.108582
77.000000	2227.397949	634.064880
77.000000	2225.504395	661.832275
77.000000	2223.610840	662.861084
77.000000	2221.715332	684.238098
77.000000	2219.819824	691.614319
77.000000	2217.923340	659.587646
77.000000	2216.026855	595.824036
77.000000	2214.128418	664.181641
77.000000	2212.229980	675.362183
77.000000	2210.331543	695.417419
77.000000	2208.431152	683.744202
77.000000	2206.530762	665.738953
77.000000	2204.629395	713.662476
77.000000	2202.728027	699.460571
77.000000	2200.824707	724.535828
77.000000	2198.921387	681.217468
77.000000	2197.018066	686.028809
77.000000	2195.112793	690.836487
77.000000	2193.207520	719.671631
77.000000	2191.301270	699.176331
77.000000	2189.395020	649.627075
77.000000	2187.486816	711.293396
77.000000	2185.578613	685.771667
77.000000	2183.669434	708.242310
77.000000	2181.760254	735.744141
77.000000	2179.850098	724.117981
77.000000	2177.938965	707.456055
77.000000	2176.026855	727.363525
77.000000	2174.114746	724.573792
77.000000	2172.201660	701.631409
77.000000	2170.287598	711.444885
77.000000	2168.372559	709.922363
77.000000	2166.457520	736.082520
77.000000	2164.541504	723.231506
77.000000	2162.624512	724.220459
77.000000	2160.706543	739.033997
77.000000	2158.788574	694.785828
77.000000	2156.869629	743.508972
77.000000	2154.950684	770.852905
77.000000	2153.029785	759.271484
77.000000	2151.108887	732.644226
77.000000	2149.187012	690.987793
77.000000	2147.265137	724.577942
77.000000	2145.341309	739.345947
77.000000	2143.417480	775.398071
77.000000	2141.492676	745.056763
77.000000	2139.567871	733.513855
77.000000	2137.642090	759.517273
77.000000	2135.714355	761.735962
77.000000	2133.787598	792.710510
77.000000	2131.858887	773.667114
77.000000	2129.930176	774.628113
77.000000	2128.000488	785.579712
77.000000	2126.069824	765.311218
77.000000	2124.139160	811.201782
77.000000	2122.207520	777.215637
77.000000	2120.274902	793.137451
77.000000	2118.341309	790.348145
77.000000	2116.407715	783.822266
77.000000	2114.473145	794.740540
77.000000	2112.537598	849.232849
77.000000	2110.601074	810.328369
77.000000	2108.664551	838.643860
77.000000	2106.727051	844.549377
77.000000	2104.788574	884.020630
77.000000	2102.849121	816.574219
77.000000	2100.909668	828.692810
77.000000	2098.969238	844.528015
77.000000	2097.027832	840.487366
77.000000	2095.086426	838.931519
77.000000	2093.143066	834.895630
77.000000	2091.199707	823.421936
77.000000	2089.256348	880.136230
77.000000	2087.311035	850.066345
77.000000	2085.365723	838.599304
77.000000	2083.419434	853.143555
77.000000	2081.472168	857.774536
77.000000	2079.523926	867.351074
77.000000	2077.575684	870.736023
77.000000	2075.626465	861.754456
77.000000	2073.676270	846.599854
77.000000	2071.726074	914.231445
77.000000	2069.773926	896.598145
77.000000	2067.821777	886.385010
77.000000	2065.869629	870.009033
77.000000	2063.915527	874.616211
77.000000	2061.961426	890.317932
77.000000	2060.006348	896.146240
77.000000	2058.050293	861.307434
77.000000	2056.093262	896.703552
77.000000	2054.136230	898.828430
77.000000	2052.178223	923.106079
77.000000	2050.219238	885.848022
77.000000	2048.260254	901.502686
77.000000	2046.299438	922.062988
77.000000	2044.338501	902.052063
77.000000	2042.376587	900.483459
77.000000	2040.414673	927.160400
77.000000	2038.451782	883.845825
77.000000	2036.486938	898.237488
77.000000	2034.523071	944.510620
77.000000	2032.557251	950.284912
77.000000	2030.591431	900.897583
77.000000	2028.623657	939.765198
77.000000	2026.655884	930.836609
77.000000	2024.688110	896.203735
77.000000	2022.718384	1002.340698
77.000000	2020.748657	970.153381
77.000000	2018.777954	908.639771
77.000000	2016.806274	952.304932
77.000000	2014.834595	961.720642
77.000000	2012.861938	943.033447
77.000000	2010.888306	931.686646
77.000000	2008.913696	964.290588
77.000000	2006.938110	976.126892
77.000000	2004.962524	1005.029724
77.000000	2002.985962	991.237244
77.000000	2001.008423	1007.924316
77.000000	1999.029907	1000.232300
77.000000	1997.051392	936.524841
77.000000	1995.071899	986.082397
77.000000	1993.091431	967.454346
77.000000	1991.109985	990.199951
77.000000	1989.128540	1009.280029
77.000000	1987.145142	1031.991943
77.000000	1985.161743	998.792908
77.000000	1983.178345	1027.564209
77.000000	1981.192993	1033.244507
77.000000	1979.207642	1035.279175
77.000000	1977.221313	1030.032593
77.000000	1975.234009	1033.279175
77.000000	1973.245728	1092.289185
77.000000	1971.257446	1039.764282
77.000000	1969.268188	1050.270996
77.000000	1967.277954	1066.824097
77.000000	1965.286743	1082.153931
77.000000	1963.294556	1108.361816
77.000000	1961.302368	1063.186646
77.000000	1959.309204	1076.081421
77.000000	1957.315063	1051.498901
77.000000	1955.319946	1025.726685
77.000000	1953.324829	1084.512817
77.000000	1951.328735	1117.901733
77.000000	1949.331665	1099.373657
77.000000	1947.333618	1068.796265
77.000000	1945.334595	1125.063477
77.000000	1943.335571	1106.553101
77.000000	1941.335571	1112.155151
77.000000	1939.334595	1132.206421
77.000000	1937.332642	1120.937744
77.000000	1935.330688	1131.341431
77.000000	1933.327759	1110.456299
77.000000	1931.323853	1160.542480
77.000000	1929.318970	1132.448608
77.000000	1927.313110	1132.015381
77.000000	1925.307251	1149.601196
77.000000	1923.300415	1129.948486
77.000000	1921.292603	1113.911621
77.000000	1919.283813	1147.081665
77.000000	1917.274048	1174.228882
77.000000	1915.264282	1173.779175
77.000000	1913.253540	1179.321899
77.000000	1911.241821	1224.395386
77.000000	1909.229126	1167.639771
77.000000	1907.216431	1243.807739
77.000000	1905.202759	1160.761108
77.000000	1903.188110	1137.588013
77.000000	1901.172485	1170.632324
77.000000	1899.155884	1183.331177
77.000000	1897.139282	1218.721680
77.000000	1895.120728	1236.169189
77.000000	1893.102173	1247.633545
77.000000	1891.083618	1217.317993
77.000000	1889.063110	1259.797974
77.000000	1887.042603	1230.692993
77.000000	1885.020142	1250.485107
77.000000	1882.997681	1254.770752
77.000000	1880.975220	1223.318115
77.000000	1878.950806	1299.052246
77.000000	1876.926392	1279.508545
77.000000	1874.900024	1314.709595
77.000000	1872.873657	1264.251831
77.000000	1870.847290	1294.675537
77.000000	1868.818970	1282.292847
77.000000	1866.790649	1292.490356
77.000000	1864.760376	1324.054688
77.000000	1862.730103	1335.414673
77.000000	1860.699829	1362.191162
77.000000	1858.667603	1299.987671
77.000000	1856.635376	1311.342896
77.000000	1854.601196	1334.541138
77.000000	1852.567017	1375.492310
77.000000	1850.532837	1334.695557
77.000000	1848.496704	1316.422852
77.000000	1846.460571	1349.049072
77.000000	1844.422485	1326.052490
77.000000	1842.384399	1333.817505
77.000000	1840.345337	1364.034302
77.000000	1838.306274	1369.414795
77.000000	1836.265259	1351.169067
77.000000	1834.224243	1358.911011
77.000000	1832.182251	1370.187256
77.000000	1830.139282	1374.376099
77.000000	1828.095337	1369.127197
77.000000	1826.051392	1414.570923
77.000000	1824.006470	1373.959229
77.000000	1821.959595	1358.114624
77.000000	1819.913696	1378.782593
77.000000	1817.865845	1419.442871
77.000000	1815.817017	1388.303101
77.000000	1813.768188	1413.638672
77.000000	1811.718384	1416.617554
77.000000	1809.667603	1438.396240
77.000000	1807.615845	1454.284302
77.000000	1805.563110	1386.787964
77.000000	1803.510376	1402.682983
77.000000	1801.455688	1375.151855
77.000000	1799.401001	1429.743530
77.000000	1797.346313	1418.636597
77.000000	1795.289673	1421.601562
77.000000	1793.232056	1436.279053
77.000000	1791.174438	1418.155029
77.000000	1789.115845	1433.992432
77.000000	1787.056274	1473.220093
77.000000	1784.995728	1408.314087
77.000000	1782.934204	1480.259277
77.000000	1780.872681	1457.476562
77.000000	1778.810181	1490.791138
77.000000	1776.745728	1490.211060
77.000000	1774.682251	1469.784790
77.000000	1772.616821	1485.550171
77.000000	1770.550415	1465.140869
77.000000	1768.484009	1471.566528
77.000000	1766.416626	1537.432739
77.000000	1764.348267	1503.044189
77.000000	1762.278931	1567.681396
77.000000	1760.208618	1551.935059
77.000000	1758.137329	1568.786743
77.000000	1756.066040	1514.661499
77.000000	1753.993774	1490.812988
77.000000	1751.920532	1547.190186
77.000000	1749.846313	1543.100342
77.000000	1747.771118	1503.006348
77.000000	1745.695923	1529.124023
77.000000	1743.619751	1543.614746
77.000000	1741.541626	1577.816528
77.000000	1739.463501	1586.477661
77.000000	1737.385376	1556.876343
77.000000	1735.305298	1579.443726
77.000000	1733.225220	1571.876099
77.000000	1731.143188	1565.471924
77.000000	1729.061157	1582.221191
77.000000	1726.978149	1597.799927
77.000000	1724.894165	1571.730835
77.000000	1722.810181	1646.260986
77.000000	1720.724243	1617.881348
77.000000	1718.638306	1616.092651
77.000000	1716.551392	1663.958008
77.000000	1714.463501	1633.295044
77.000000	1712.374634	1587.656128
77.000000	1710.284790	1659.695923
77.000000	1708.194946	1663.656982
77.000000	1706.103149	1673.376831
77.000000	1704.011353	1683.088623
77.000000	1701.918579	1666.306519
77.000000	1699.824829	1688.674805
77.000000	1697.730103	1706.422607
77.000000	1695.635376	1746.009888
77.000000	1693.538696	1732.677002
77.000000	1691.442017	1698.666870
77.000000	1689.344360	1679.618042
77.000000	1687.245728	1778.868774
77.000000	1685.146118	1729.955933
77.000000	1683.046509	1732.718384
77.000000	1680.944946	1710.243286
77.000000	1678.843384	1743.968628
77.000000	1676.740845	1737.551880
77.000000	1674.637329	1772.384766
77.000000	1672.532837	1761.380249
77.000000	1670.427368	1795.030640
77.000000	1668.321899	1726.807983
77.000000	1666.214478	1803.912476
77.000000	1664.107056	1813.492920
77.000000	1661.998657	1801.348755
77.000000	1659.889282	1788.071045
77.000000	1657.778931	1791.934692
77.000000	1655.667603	1812.919434
77.000000	1653.556274	1755.145386
77.000000	1651.442993	1819.475220
77.000000	1649.329712	1811.915771
77.000000	1647.215454	1790.683838
77.000000	1645.100220	1876.570679
77.000000	1642.984009	1846.217651
77.000000	1640.867798	1820.442017
77.000000	1638.749634	1767.373413
77.000000	1636.631470	1796.252686
77.000000	1634.512329	1853.537231
77.000000	1632.392212	1841.437988
77.000000	1630.271118	1872.525024
77.000000	1628.149048	1826.353149
77.000000	1626.026001	1843.796509
77.000000	1623.902954	1900.946899
77.000000	1621.777954	1854.817261
77.000000	1619.652954	1838.207397
77.000000	1617.526978	1805.740723
77.000000	1615.400024	1876.411133
77.000000	1613.272095	1797.515503
77.000000	1611.143188	1834.166382
77.000000	1609.014282	1857.206787
77.000000	1606.884399	1812.350098
77.000000	1604.752563	1836.510864
77.000000	1602.620728	1895.694702
77.000000	1600.487915	1889.293457
77.000000	1598.354126	1879.508301
77.000000	1596.219360	1843.761963
77.000000	1594.084595	1893.818359
77.000000	1591.947876	1887.426147
77.000000	1589.811157	1855.101074
77.000000	1587.673462	1909.601074
77.000000	1585.534790	1900.955200
77.000000	1583.395142	1837.123291
77.000000	1581.254517	1897.193848
77.000000	1579.112915	1826.660278
77.000000	1576.971313	1920.437500
77.000000	1574.827759	1891.559570
77.000000	1572.684204	1969.497681
77.000000	1570.539673	1897.921875
77.000000	1568.394165	1971.301514
77.000000	1566.247681	1912.131714
77.000000	1564.100220	1855.253296
77.000000	1561.951782	1925.195312
77.000000	1559.803345	1941.250977
77.000000	1557.652954	1933.752075
77.000000	1555.502563	1937.464478
77.000000	1553.351196	1963.575806
77.000000	1551.198853	1952.716553
77.000000	1549.045532	1941.865479
77.000000	1546.891235	1900.815430
77.000000	1544.735962	1990.643188
77.000000	1542.580688	1968.609619
77.000000	1540.423462	1958.885010
77.000000	1538.266235	1964.805786
77.000000	1536.108032	2022.082886
77.000000	1533.948853	2016.811646
77.000000	1531.788696	2042.782715
77.000000	1529.627563	2076.539062
77.000000	1527.465454	2045.611084
77.000000	1525.302368	2049.251465
77.000000	1523.139282	2072.938477
77.000000	1520.974243	2026.459351
77.000000	1518.809204	2021.197632
77.000000	1516.643188	2051.541260
77.000000	1514.476196	2071.851074
77.000000	1512.308228	2097.702393
77.000000	1510.139282	2105.753174
77.000000	1507.969360	2076.031006
77.000000	1505.799438	2110.730713
77.000000	1503.627563	2056.611816
77.000000	1501.455688	2075.758545
77.000000	1499.281860	2202.461670
77.000000	1497.108032	2100.701904
77.000000	1494.933228	2069.941650
77.000000	1492.757446	2105.665283
77.000000	1490.580688	2161.289795
77.000000	1488.403931	2043.105469
77.000000	1486.225220	2045.605469
77.000000	1484.045532	2085.703125
77.000000	1481.865845	2156.720703
77.000000	1479.685181	2141.490723
77.000000	1477.502563	2104.181152
77.000000	1475.319946	2103.336914
77.000000	1473.136353	2104.699951
77.000000	1470.951782	2122.610107
77.000000	1468.766235	2128.374512
77.000000	1466.580688	2079.016846
77.000000	1464.393188	2095.812012
77.000000	1462.205688	2124.709473
77.000000	1460.016235	2079.814941
77.000000	1457.826782	2171.427246
77.000000	1455.636353	2132.049805
77.000000	1453.444946	2154.285889
77.000000	1451.251587	2142.427002
77.000000	1449.059204	2165.739014
77.000000	1446.864868	2162.670898
77.000000	1444.669556	2248.536133
77.000000	1442.473267	2129.103760
77.000000	1440.276978	2142.508057
77.000000	1438.078735	2120.810059
77.000000	1435.880493	2168.186523
77.000000	1433.681274	2205.662842
77.000000	1431.480103	2148.915527
77.000000	1429.278931	2214.833984
77.000000	1427.076782	2185.487305
77.000000	1424.873657	2202.109375
77.000000	1422.670532	2197.940918
77.000000	1420.465454	2213.450195
77.000000	1418.259399	2220.205811
77.000000	1416.053345	2226.955078
77.000000	1413.845337	2323.221191
77.000000	1411.637329	2276.448975
77.000000	1409.428345	2337.708740
77.000000	1407.217407	2282.243896
77.000000	1405.006470	2273.692383
77.000000	1402.794556	2328.340088
77.000000	1400.581665	2289.281006
77.000000	1398.367798	2241.543701
77.000000	1396.153931	2224.314209
77.000000	1393.938110	2198.395996
77.000000	1391.721313	2176.847656
77.000000	1389.504517	2211.834717
77.000000	1387.285767	2222.891113
77.000000	1385.067017	2177.464844
77.000000	1382.847290	2212.407715
77.000000	1380.625610	2162.680908
77.000000	1378.403931	2153.127686
77.000000	1376.181274	2189.120605
77.000000	1373.957642	2214.245605
77.000000	1371.733032	2267.517578
77.000000	1369.507446	2231.944580
77.000000	1367.281860	2244.030029
77.000000	1365.054321	2291.813477
77.000000	1362.825806	2285.476074
77.000000	1360.597290	2270.493652
77.000000	1358.366821	2226.342773
77.000000	1356.136353	2270.812744
77.000000	1353.904907	2278.530273
77.000000	1351.672485	2298.114746
77.000000	1349.438110	2278.838867
77.000000	1347.203735	2269.285156
77.000000	1344.968384	2315.800781
77.000000	1342.732056	2321.326416
77.000000	1340.494751	2334.387451
77.000000	1338.257446	2267.753662
77.000000	1336.018188	2352.941406
77.000000	1333.777954	2358.440430
77.000000	1331.537720	2338.122803
77.000000	1329.295532	2351.147461
77.000000	1327.053345	2447.981445
77.000000	1324.809204	2358.902832
77.000000	1322.565063	2408.408936
77.000000	1320.318970	2431.041260
77.000000	1318.072876	2406.448486
77.000000	1315.825806	2393.671875
77.000000	1313.577759	2415.208984
77.000000	1311.328735	2438.871094
77.000000	1309.078735	2413.241699
77.000000	1306.827759	2492.559814
77.000000	1304.575806	2455.155518
77.000000	1302.322876	2453.084717
77.000000	1300.069946	2451.015137
77.000000	1297.815063	2420.085205
77.000000	1295.559204	2398.796631
77.000000	1293.303345	2433.064209
77.000000	1291.045532	2427.800781
77.000000	1288.787720	2409.734863
77.000000	1286.528931	2425.819336
77.000000	1284.268188	2487.742188
77.000000	1282.007446	2400.388916
77.000000	1279.745728	2454.812256
77.000000	1277.483032	2432.508789
77.000000	1275.218384	2429.385742
77.000000	1272.953735	2495.434326
77.000000	1270.688110	2411.444336
77.000000	1268.421509	2418.964600
77.000000	1266.153931	2430.729492
77.000000	1263.886353	2374.489990
77.000000	1261.616821	2358.650879
77.000000	1259.346313	2417.132080
77.000000	1257.074829	2380.064941
77.000000	1254.803345	2396.061523
77.000000	1252.529907	2420.526123
77.000000	1250.255493	2367.604492
77.000000	1247.981079	2330.616211
77.000000	1245.704712	2348.722168
77.000000	1243.428345	2328.706787
77.000000	1241.151001	2383.830078
77.000000	1238.871704	2349.008545
77.000000	1236.592407	2383.990234
77.000000	1234.312134	2407.318359
77.000000	1232.029907	2377.809814
77.000000	1229.747681	2384.225586
77.000000	1227.464478	2346.305908
77.000000	1225.180298	2332.682617
77.000000	1222.895142	2338.052734
77.000000	1220.609009	2382.421875
77.000000	1218.321899	2314.004395
77.000000	1216.033813	2383.625488
77.000000	1213.744751	2335.267090
77.000000	1211.454712	2313.258789
77.000000	1209.163696	2364.908203
77.000000	1206.871704	2322.924805
77.000000	1204.579712	2388.191650
77.000000	1202.285767	2366.195312
77.000000	1199.990845	2380.976318
77.000000	1197.695923	2423.040527
77.000000	1195.399048	2379.017578
77.000000	1193.101196	2380.136475
77.000000	1190.803345	2411.661621
77.000000	1188.503540	2364.551758
77.000000	1186.203735	2341.576660
77.000000	1183.901978	2347.942871
77.000000	1181.600220	2394.082764
77.000000	1179.296509	2389.957275
77.000000	1176.992798	2386.880371
77.000000	1174.687134	2390.078613
77.000000	1172.381470	2409.995117
77.000000	1170.074829	2404.822754
77.000000	1167.767212	2394.432861
77.000000	1165.457642	2451.898193
77.000000	1163.148071	2403.934814
77.000000	1160.837524	2418.586914
77.000000	1158.526001	2454.076416
77.000000	1156.212524	2448.895020
77.000000	1153.899048	2402.051025
77.000000	1151.584595	2382.317139
77.000000	1149.269165	2477.085938
77.000000	1146.952759	2444.851562
77.000000	1144.635376	2470.879639
77.000000	1142.317017	2434.515137
77.000000	1139.997681	2445.977783
77.000000	1137.677368	2489.627930
77.000000	1135.356079	2527.012207
77.000000	1133.033813	2480.304443
77.000000	1130.710571	2480.315674
77.000000	1128.386353	2540.468018
77.000000	1126.061157	2532.161133
77.000000	1123.734985	2530.076660
77.000000	1121.407837	2541.456787
77.000000	1119.079712	2500.031250
77.000000	1116.750610	2506.239014
77.000000	1114.420532	2549.677979
77.000000	1112.089478	2554.824951
77.000000	1109.758423	2612.675293
77.000000	1107.425415	2543.409912
77.000000	1105.091431	2625.999023
77.000000	1102.756470	2639.361084
77.000000	1100.420532	2601.122314
77.000000	1098.083618	2577.353271
77.000000	1095.746704	2613.397217
77.000000	1093.407837	2619.526123
77.000000	1091.067993	2621.529053
77.000000	1088.727173	2593.669922
77.000000	1086.385376	2649.199707
77.000000	1084.043579	2566.825195
77.000000	1081.699829	2677.850098
77.000000	1079.355103	2733.273926
77.000000	1077.009399	2727.000488
77.000000	1074.663696	2785.437500
77.000000	1072.316040	2973.183350
77.000000	1069.967407	3787.795898
77.000000	1067.617798	5377.233398
77.000000	1065.267212	7450.348145
77.000000	1062.916626	9306.498047
77.000000	1060.564087	9068.010742
77.000000	1058.210571	7802.555176
77.000000	1055.856079	5684.414062
77.000000	1053.500610	4185.048340
77.000000	1051.145142	3454.039795
77.000000	1048.787720	3121.347656
77.000000	1046.429321	3003.543701
77.000000	1044.069946	2896.052246
77.000000	1041.709595	2845.832031
77.000000	1039.349243	2825.252686
77.000000	1036.986938	2800.608887
77.000000	1034.623657	2675.021240
77.000000	1032.259399	2684.099609
77.000000	1029.894165	2718.644287
77.000000	1027.527954	2642.136475
77.000000	1025.160767	2559.583252
77.000000	1022.793579	2596.170166
77.000000	1020.424438	2644.932861
77.000000	1018.054321	2704.839844
77.000000	1015.683228	2742.334473
77.000000	1013.311157	2630.444092
77.000000	1010.938110	2627.313965
77.000000	1008.564087	2654.640381
77.000000	1006.189087	2612.941406
77.000000	1003.813110	2637.206543
77.000000	1001.436157	2642.187256
77.000000	999.058228	2670.472656
77.000000	996.679321	2754.450684
77.000000	994.299438	2664.188232
77.000000	991.917603	2646.878174
77.000000	989.535767	2730.758789
77.000000	987.152954	2736.694824
77.000000	984.769165	2617.271484
77.000000	982.384399	2602.028320
77.000000	979.997681	2655.482422
77.000000	977.610962	2730.093506
77.000000	975.223267	2683.534424
77.000000	972.834595	2662.233398
77.000000	970.443970	2728.678955
77.000000	968.053345	2642.866455
77.000000	965.661743	2733.443848
77.000000	963.268188	2648.706787
77.000000	960.874634	2692.896729
77.000000	958.479126	2725.979980
77.000000	956.083618	2733.888428
77.000000	953.686157	2672.415527
77.000000	951.288696	2758.728516
77.000000	948.889282	2705.332031
77.000000	946.488892	2775.490723
77.000000	944.088501	2740.197754
77.000000	941.686157	2806.268555
77.000000	939.282837	2723.854980
77.000000	936.879517	2749.776611
77.000000	934.474243	2771.667725
77.000000	932.067993	2764.492432
77.000000	929.660767	2762.328613
77.000000	927.252563	2812.206787
77.000000	924.843384	2788.015137
77.000000	922.433228	2824.839600
77.000000	920.022095	2790.666504
77.000000	917.609985	2816.467285
77.000000	915.196899	2771.339600
77.000000	912.782837	2800.120117
77.000000	910.367798	2796.945068
77.000000	907.951782	2852.619629
77.000000	905.533813	2848.426514
77.000000	903.115845	2842.243164
77.000000	900.696899	2816.140869
77.000000	898.276001	2830.885498
77.000000	895.855103	2835.663574
77.000000	893.432251	2896.151123
77.000000	891.009399	2786.531006
77.000000	888.584595	2816.171143
77.000000	886.159790	2793.122559
77.000000	883.733032	2761.153564
77.000000	881.305298	2764.951904
77.000000	878.876587	2801.494873
77.000000	876.447876	2788.407959
77.000000	874.017212	2747.568359
77.000000	871.585571	2810.830566
77.000000	869.152954	2762.088867
77.000000	866.719360	2767.853271
77.000000	864.284790	2755.794678
77.000000	861.848267	2782.333984
77.000000	859.411743	2711.925049
77.000000	856.974243	2771.083252
77.000000	854.535767	2762.005127
77.000000	852.095337	2744.044189
77.000000	849.654907	2785.339111
77.000000	847.212524	2748.630127
77.000000	844.770142	2775.089111
77.000000	842.325806	2746.302734
77.000000	839.880493	2772.738770
77.000000	837.435181	2751.858643
77.000000	834.987915	2699.480225
77.000000	832.539673	2667.818604
77.000000	830.090454	2688.336182
77.000000	827.640259	2652.770264
77.000000	825.189087	2686.056885
77.000000	822.736938	2710.469482
77.000000	820.283813	2669.043213
77.000000	817.829712	2725.844727
77.000000	815.373657	2736.466064
77.000000	812.917603	2699.003906
77.000000	810.459595	2766.505859
77.000000	808.001587	2739.843994
77.000000	805.541626	2732.801270
77.000000	803.081665	2766.900146
77.000000	800.619751	2771.598633
77.000000	798.156860	2780.206787
77.000000	795.692993	2791.741455
77.000000	793.228149	2812.065430
77.000000	790.762329	2795.232178
77.000000	788.295532	2792.089355
77.000000	785.827759	2758.676514
77.000000	783.359009	2773.120605
77.000000	780.888306	2688.031006
77.000000	778.417603	2734.675537
77.000000	775.945923	2726.687256
77.000000	773.472290	2834.664307
77.000000	770.997681	2739.949951
77.000000	768.523071	2862.432373
77.000000	766.046509	2797.954590
77.000000	763.568970	2779.252197
77.000000	761.090454	2839.327148
77.000000	758.610962	2916.845459
77.000000	756.130493	2886.455566
77.000000	753.649048	2905.618408
77.000000	751.165649	2944.178467
77.000000	748.682251	2917.694580
77.000000	746.197876	2923.238770
77.000000	743.711548	2923.930176
77.000000	741.224243	2923.651123
77.000000	738.736938	2873.970703
77.000000	736.247681	2925.996338
77.000000	733.757446	2946.038574
77.000000	731.266235	2888.670654
77.000000	728.774048	2868.096680
77.000000	726.280884	2892.001953
77.000000	723.785767	2901.393799
77.000000	721.290649	2892.427246
77.000000	718.794556	2936.561523
77.000000	716.296509	2964.253418
77.000000	713.797485	2898.363037
77.000000	711.298462	2925.081787
77.000000	708.797485	2976.833008
77.000000	706.295532	2942.807617
77.000000	703.792603	2991.616699
77.000000	701.288696	2985.523438
77.000000	698.783813	3039.081299
77.000000	696.276978	3048.357422
77.000000	693.770142	3058.585938
77.000000	691.261353	3218.690430
77.000000	688.752563	3349.844971
77.000000	686.241821	3277.370361
77.000000	683.730103	3298.994873
77.000000	681.217407	3162.339111
77.000000	678.703735	3082.365723
77.000000	676.189087	3047.501709
77.000000	673.673462	2949.443848
77.000000	671.155884	2960.625732
77.000000	668.638306	2924.899414
77.000000	666.118774	2940.864014
77.000000	663.599243	2884.136963
77.000000	661.077759	2949.809082
77.000000	658.555298	2908.412842
77.000000	656.031860	2914.803467
77.000000	653.507446	2960.328125
77.000000	650.982056	2952.375977
77.000000	648.454712	2973.044678
77.000000	645.927368	3028.970703
77.000000	643.398071	3039.104004
77.000000	640.868774	3096.856934
77.000000	638.337524	2934.606689
77.000000	635.805298	2824.842529
77.000000	633.272095	2910.200195
77.000000	630.737915	2828.116943
77.000000	628.202759	2886.783203
77.000000	625.665649	2873.188232
77.000000	623.128540	2912.788574
77.000000	620.589478	2919.128174
77.000000	618.049438	2861.885254
77.000000	615.509399	2864.445801
77.000000	612.967407	2850.885742
77.000000	610.424438	2889.458984
77.000000	607.879517	2853.164062
77.000000	605.334595	2945.672363
77.000000	602.787720	2839.345703
77.000000	600.240845	2875.962158
77.000000	597.692017	2927.676514
77.000000	595.142212	2903.727295
77.000000	592.591431	2865.625977
77.000000	590.039673	2883.276611
77.000000	587.486938	2866.927246
77.000000	584.933228	2893.052979
77.000000	582.377563	2946.507812
77.000000	579.820923	2895.267090
77.000000	577.264282	2929.825684
77.000000	574.705688	2998.264404
77.000000	572.146118	2995.084717
77.000000	569.585571	3006.024170
77.000000	567.023071	2977.442383
77.000000	564.460571	2993.080322
77.000000	561.896118	2967.346924
77.000000	559.331665	2994.248291
77.000000	556.765259	3014.551514
77.000000	554.197876	3032.020264
77.000000	551.629517	3057.917969
77.000000	549.059204	2956.238770
77.000000	546.488892	3014.019775
77.000000	543.916626	3007.091064
77.000000	541.344360	3073.228271
77.000000	538.770142	3063.469727
77.000000	536.194946	3069.628174
77.000000	533.618774	3098.231689
77.000000	531.041626	3080.056885
77.000000	528.462524	3103.956055
77.000000	525.883423	3031.606934
77.000000	523.302368	3105.931885
77.000000	520.720337	3083.114746
77.000000	518.137329	3115.364990
77.000000	515.553345	3106.551025
77.000000	512.968384	3111.727295
77.000000	510.381439	3129.943359
77.000000	507.794525	3112.749512
77.000000	505.205658	3035.054932
77.000000	502.615814	3098.877197
77.000000	500.024994	3058.461914
77.000000	497.433197	278.935394
77.000000	494.839447	28.810787
77.000000	492.245697	6.502831
77.000000	489.649994	4.642859
77.000000	487.053314	10.209844
77.000000	484.455658	10.205400
77.000000	481.857025	6.491518
77.000000	479.257416	9.269559
88.000000	2681.806152	-395.082306
88.000000	2680.073730	-90.423767
88.000000	2678.340332	-13.906620
88.000000	2676.606934	-6.950946
88.000000	2674.872559	13.897163
88.000000	2673.138184	0.000000
88.000000	2671.402832	1.388771
88.000000	2669.666504	9.718084
88.000000	2667.930176	201.234619
88.000000	2666.192871	221.976318
88.000000	2664.455566	224.674423
88.000000	2662.717285	213.506561
88.000000	2660.978027	221.749329
88.000000	2659.238770	223.059128
88.000000	2657.498535	228.522934
88.000000	2655.758301	240.905533
88.000000	2654.017090	232.518997
88.000000	2652.274902	232.439545
88.000000	2650.532715	240.658661
88.000000	2648.789551	247.489487
88.000000	2647.045410	221.143982
88.000000	2645.301270	222.449982
88.000000	2643.556152	245.854294
88.000000	2641.811035	270.623260
88.000000	2640.064941	248.446442
88.000000	2638.318848	249.741089
88.000000	2636.570801	253.793411
88.000000	2634.823730	250.948700
88.000000	2633.074707	259.132812
88.000000	2631.325684	253.532318
88.000000	2629.575684	236.916245
88.000000	2627.825684	250.604355
88.000000	2626.074707	239.506485
88.000000	2624.323730	262.816193
88.000000	2622.571777	254.472687
88.000000	2620.818848	273.635956
88.000000	2619.065918	265.294312
88.000000	2617.312012	283.066437
88.000000	2615.557129	288.463562
88.000000	2613.802246	269.139954
88.000000	2612.046387	266.301849
88.000000	2610.290527	279.932251
88.000000	2608.533691	242.798676
88.000000	2606.775879	268.769104
88.000000	2605.018066	274.159576
88.000000	2603.259277	293.249512
88.000000	2601.499512	280.819641
88.000000	2599.739746	287.569550
88.000000	2597.979004	284.732422
88.000000	2596.218262	287.370880
88.000000	2594.456543	285.903595
88.000000	2592.693848	276.232330
88.000000	2590.931152	288.439911
88.000000	2589.167480	297.905884
88.000000	2587.403809	267.749298
88.000000	2585.638184	271.753357
88.000000	2583.873535	283.945343
88.000000	2582.106934	292.034851
88.000000	2580.340332	301.482849
88.000000	2578.572754	286.377594
88.000000	2576.805176	301.273804
88.000000	2575.036621	287.541687
88.000000	2573.268066	294.253326
88.000000	2571.498535	288.703918
88.000000	2569.728027	309.023712
88.000000	2567.956543	318.442413
88.000000	2566.185059	295.205078
88.000000	2564.413574	301.902039
88.000000	2562.640137	296.359283
88.000000	2560.866699	322.076660
88.000000	2559.093262	331.474091
88.000000	2557.317871	309.630249
88.000000	2555.543457	309.522430
88.000000	2553.767090	337.913330
88.000000	2551.990723	325.586090
88.000000	2550.213379	343.102356
88.000000	2548.436035	324.003448
88.000000	2546.657715	304.917755
88.000000	2544.878418	307.520813
88.000000	2543.099121	291.162537
88.000000	2541.318848	312.721222
88.000000	2539.537598	338.324646
88.000000	2537.756348	317.914062
88.000000	2535.974121	342.145294
88.000000	2534.191895	324.451233
88.000000	2532.408691	291.903992
88.000000	2530.624512	341.786438
88.000000	2528.839355	347.068695
88.000000	2527.054199	340.197235
88.000000	2525.269043	373.816010
88.000000	2523.481934	348.053223
88.000000	2521.694824	361.416962
88.000000	2519.907715	334.328308
88.000000	2518.119629	336.906342
88.000000	2516.330566	351.606842
88.000000	2514.540527	356.870178
88.000000	2512.750488	341.936646
88.000000	2510.959473	351.236725
88.000000	2509.168457	375.328094
88.000000	2507.376465	376.541016
88.000000	2505.583496	333.390533
88.000000	2503.789551	358.806366
88.000000	2501.995605	345.246460
88.000000	2500.201660	362.582703
88.000000	2498.405762	357.085388
88.000000	2496.609863	366.353363
88.000000	2494.813965	336.711792
88.000000	2493.016113	374.141418
88.000000	2491.219238	368.647430
88.000000	2489.420410	372.537689
88.000000	2487.621582	381.783478
88.000000	2485.821777	360.222931
88.000000	2484.020996	377.498230
88.000000	2482.220215	366.659607
88.000000	2480.418457	375.894073
88.000000	2478.616699	370.412415
88.000000	2476.813965	362.261047
88.000000	2475.010254	387.522430
88.000000	2473.205566	384.713806
88.000000	2471.400879	392.589813
88.000000	2469.596191	391.116089
88.000000	2467.789551	377.633759
88.000000	2465.982910	389.505402
88.000000	2464.175293	425.370667
88.000000	2462.367676	374.566833
88.000000	2460.559082	397.086761
88.000000	2458.749512	399.610107
88.000000	2456.939941	399.468445
88.000000	2455.129395	405.982239
88.000000	2453.317871	412.491302
88.000000	2451.506348	420.325836
88.000000	2449.693848	428.154663
88.000000	2447.880371	390.785034
88.000000	2446.066895	407.919708
88.000000	2444.252441	403.790039
88.000000	2442.437012	411.613251
88.000000	2440.621582	398.193787
88.000000	2438.805176	428.569519
88.000000	2436.988770	462.902679
88.000000	2435.170410	421.635162
88.000000	2433.352051	414.857971
88.000000	2431.533691	406.760529
88.000000	2429.714355	411.913605
88.000000	2427.894043	439.571045
88.000000	2426.072754	431.473175
88.000000	2424.251465	426.027100
88.000000	2422.429199	443.068909
88.000000	2420.605957	464.064819
88.000000	2418.782715	441.431183
88.000000	2416.958496	445.237152
88.000000	2415.134277	451.681732
88.000000	2413.308105	434.357361
88.000000	2411.482910	463.236969
88.000000	2409.655762	457.794281
88.000000	2407.828613	472.137665
88.000000	2406.000488	444.283508
88.000000	2404.171387	454.667603
88.000000	2402.342285	442.648285
88.000000	2400.512207	456.976135
88.000000	2398.681152	473.926544
88.000000	2396.850098	473.756836
88.000000	2395.018066	489.373352
88.000000	2393.186035	456.321777
88.000000	2391.352051	462.731110
88.000000	2389.518066	471.763916
88.000000	2387.684082	489.985596
88.000000	2385.848145	504.254608
88.000000	2384.012207	468.630981
88.000000	2382.176270	476.336060
88.000000	2380.338379	473.541504
88.000000	2378.500488	511.398499
88.000000	2376.662598	499.417480
88.000000	2374.822754	454.686554
88.000000	2372.982910	480.720398
88.000000	2371.143066	498.879028
88.000000	2369.301270	465.976471
88.000000	2367.459473	474.967957
88.000000	2365.616699	497.032684
88.000000	2363.773926	513.851318
88.000000	2361.930176	496.674774
88.000000	2360.085449	474.284180
88.000000	2358.240723	478.031525
88.000000	2356.394043	498.749237
88.000000	2354.548340	506.400330
88.000000	2352.700684	485.342712
88.000000	2350.853027	489.080231
88.000000	2349.004395	477.170044
88.000000	2347.154785	518.702515
88.000000	2345.305176	482.036713
88.000000	2343.454590	518.327881
88.000000	2341.604004	501.216400
88.000000	2339.751465	529.665833
88.000000	2337.898926	525.571533
88.000000	2336.046387	503.273834
88.000000	2334.191895	530.391296
88.000000	2332.337402	528.899902
88.000000	2330.481934	505.325745
88.000000	2328.626465	533.711304
88.000000	2326.770020	528.325562
88.000000	2324.912598	545.003357
88.000000	2323.054199	551.291626
88.000000	2321.195801	518.674622
88.000000	2319.336426	557.372986
88.000000	2317.477051	545.509155
88.000000	2315.616699	554.378174
88.000000	2313.755371	538.639282
88.000000	2311.893066	539.738098
88.000000	2310.030762	546.011414
88.000000	2308.167480	547.106445
88.000000	2306.303223	543.028931
88.000000	2304.437988	536.369263
88.000000	2302.572754	534.882263
88.000000	2300.707520	564.392639
88.000000	2298.840332	568.060486
88.000000	2296.973145	592.374756
88.000000	2295.104980	566.356995
88.000000	2293.235840	555.833740
88.000000	2291.366699	567.233826
88.000000	2289.496582	548.985413
88.000000	2287.625488	551.361816
88.000000	2285.754395	584.642578
88.000000	2283.882324	583.142151
88.000000	2282.009277	613.813171
88.000000	2280.136230	613.589233
88.000000	2278.261230	601.792419
88.000000	2276.387207	584.862366
88.000000	2274.511230	591.073547
88.000000	2272.635254	619.116089
88.000000	2270.758301	611.185913
88.000000	2268.880371	600.694275
88.000000	2267.002441	640.249756
88.000000	2265.123535	609.233337
88.000000	2263.243652	643.627991
88.000000	2261.362793	589.562866
88.000000	2259.481934	629.064026
88.000000	2257.600098	616.026550
88.000000	2255.718262	627.323242
88.000000	2253.834473	596.378723
88.000000	2251.950684	671.639771
88.000000	2250.065918	634.307129
88.000000	2248.181152	641.744873
88.000000	2246.295410	613.395630
88.000000	2244.408691	629.777344
88.000000	2242.520996	604.006897
88.000000	2240.633301	647.186340
88.000000	2238.744629	638.016541
88.000000	2236.854980	644.160095
88.000000	2234.965332	638.823120
88.000000	2233.074707	624.567566
88.000000	2231.183105	671.481934
88.000000	2229.290527	617.740112
88.000000	2227.397949	648.070312
88.000000	2225.504395	660.559509
88.000000	2223.610840	685.762268
88.000000	2221.715332	671.519897
88.000000	2219.819824	650.931152
88.000000	2217.923340	663.400330
88.000000	2216.026855	659.344727
88.000000	2214.128418	671.801331
88.000000	2212.229980	690.595947
88.000000	2210.331543	691.610413
88.000000	2208.431152	663.447510
88.000000	2206.530762	644.181702
88.000000	2204.629395	716.197632
88.000000	2202.728027	695.659180
88.000000	2200.824707	682.735718
88.000000	2198.921387	697.678101
88.000000	2197.018066	696.154724
88.000000	2195.112793	692.101746
88.000000	2193.207520	714.612427
88.000000	2191.301270	680.211365
88.000000	2189.395020	696.390137
88.000000	2187.486816	722.664001
88.000000	2185.578613	718.607910
88.000000	2183.669434	751.166077
88.000000	2181.760254	711.766174
88.000000	2179.850098	721.594971
88.000000	2177.938965	721.327759
88.000000	2176.026855	726.102966
88.000000	2174.114746	717.013062
88.000000	2172.201660	702.891052
88.000000	2170.287598	708.926514
88.000000	2168.372559	673.419250
88.000000	2166.457520	728.532959
88.000000	2164.541504	710.653564
88.000000	2162.624512	763.197632
88.000000	2160.706543	741.547729
88.000000	2158.788574	757.605530
88.000000	2156.869629	744.764893
88.000000	2154.950684	733.189087
88.000000	2153.029785	705.306763
88.000000	2151.108887	738.916870
88.000000	2149.187012	739.896240
88.000000	2147.265137	743.381836
88.000000	2145.341309	771.927307
88.000000	2143.417480	736.565552
88.000000	2141.492676	747.561157
88.000000	2139.567871	761.051941
88.000000	2137.642090	745.753357
88.000000	2135.714355	760.485168
88.000000	2133.787598	746.448181
88.000000	2131.858887	773.667114
88.000000	2129.930176	779.625671
88.000000	2128.000488	761.849915
88.000000	2126.069824	761.565796
88.000000	2124.139160	767.521729
88.000000	2122.207520	757.255005
88.000000	2120.274902	748.242859
88.000000	2118.341309	800.320984
88.000000	2116.407715	772.606995
88.000000	2114.473145	795.986267
88.000000	2112.537598	786.972351
88.000000	2110.601074	805.349426
88.000000	2108.664551	822.468262
88.000000	2106.727051	820.916870
88.000000	2104.788574	784.552734
88.000000	2102.849121	805.388245
88.000000	2100.909668	838.632141
88.000000	2098.969238	819.688965
88.000000	2097.027832	814.416077
88.000000	2095.086426	826.521301
88.000000	2093.143066	839.857849
88.000000	2091.199707	856.904419
88.000000	2089.256348	828.071838
88.000000	2087.311035	869.892944
88.000000	2085.365723	842.315369
88.000000	2083.419434	884.099426
88.000000	2081.472168	871.390015
88.000000	2079.523926	921.792480
88.000000	2077.575684	864.551819
88.000000	2075.626465	849.390686
88.000000	2073.676270	898.508179
88.000000	2071.726074	879.638916
88.000000	2069.773926	887.953247
88.000000	2067.821777	892.557617
88.000000	2065.869629	870.009033
88.000000	2063.915527	819.104614
88.000000	2061.961426	853.324097
88.000000	2060.006348	887.517639
88.000000	2058.050293	871.165039
88.000000	2056.093262	883.154419
88.000000	2054.136230	898.828430
88.000000	2052.178223	880.027832
88.000000	2050.219238	916.606628
88.000000	2048.260254	871.985535
88.000000	2046.299438	897.474609
88.000000	2044.338501	903.281067
88.000000	2042.376587	949.623047
88.000000	2040.414673	891.547607
88.000000	2038.451782	902.259277
88.000000	2036.486938	906.827209
88.000000	2034.523071	916.297974
88.000000	2032.557251	946.606384
88.000000	2030.591431	894.769043
88.000000	2028.623657	916.485474
88.000000	2026.655884	927.162231
88.000000	2024.688110	937.830688
88.000000	2022.718384	910.551270
88.000000	2020.748657	923.664307
88.000000	2018.777954	911.085632
88.000000	2016.806274	964.529663
88.000000	2014.834595	965.386658
88.000000	2012.861938	943.033447
88.000000	2010.888306	952.445068
88.000000	2008.913696	956.966858
88.000000	2006.938110	1006.630859
88.000000	2004.962524	955.022217
88.000000	2002.985962	972.948792
88.000000	2001.008423	981.111328
88.000000	1999.029907	962.464661
88.000000	1997.051392	1004.724304
88.000000	1995.071899	958.082520
88.000000	1993.091431	995.443604
88.000000	1991.109985	1007.230408
88.000000	1989.128540	1019.007996
88.000000	1987.145142	1016.190002
88.000000	1985.161743	958.695435
88.000000	1983.178345	1003.271912
88.000000	1981.192993	1022.317139
88.000000	1979.207642	1077.758301
88.000000	1977.221313	1112.532227
88.000000	1975.234009	1024.789795
88.000000	1973.245728	1014.701538
88.000000	1971.257446	1032.493164
88.000000	1969.268188	1049.059570
88.000000	1967.277954	1037.761963
88.000000	1965.286743	1043.419189
88.000000	1963.294556	1023.661743
88.000000	1961.302368	1063.186646
88.000000	1959.309204	997.491150
88.000000	1957.315063	1080.505737
88.000000	1955.319946	1047.473511
88.000000	1953.324829	1099.005127
88.000000	1951.328735	1104.622192
88.000000	1949.331665	1051.102539
88.000000	1947.333618	1079.653076
88.000000	1945.334595	1140.739624
88.000000	1943.335571	1055.926392
88.000000	1941.335571	1080.826904
88.000000	1939.334595	1080.414062
88.000000	1937.332642	1105.285522
88.000000	1935.330688	1096.438354
88.000000	1933.327759	1053.910889
88.000000	1931.323853	1154.529297
88.000000	1929.318970	1151.683350
88.000000	1927.313110	1116.393188
88.000000	1925.307251	1118.368530
88.000000	1923.300415	1079.515015
88.000000	1921.292603	1163.125366
88.000000	1919.283813	1112.285278
88.000000	1917.274048	1111.859253
88.000000	1915.264282	1145.004150
88.000000	1913.253540	1161.344360
88.000000	1911.241821	1186.058105
88.000000	1909.229126	1147.280884
88.000000	1907.216431	1144.446777
88.000000	1905.202759	1170.334473
88.000000	1903.188110	1254.815796
88.000000	1901.172485	1223.244995
88.000000	1899.155884	1185.721802
88.000000	1897.139282	1217.526855
88.000000	1895.120728	1182.422729
88.000000	1893.102173	1201.071167
88.000000	1891.083618	1214.931152
88.000000	1889.063110	1202.534424
88.000000	1887.042603	1230.692993
88.000000	1885.020142	1246.908936
88.000000	1882.997681	1247.621094
88.000000	1880.975220	1284.067139
88.000000	1878.950806	1257.377808
88.000000	1876.926392	1268.796387
88.000000	1874.900024	1251.651123
88.000000	1872.873657	1249.979858
88.000000	1870.847290	1267.331543
88.000000	1868.818970	1271.597168
88.000000	1866.790649	1275.859009
88.000000	1864.760376	1327.617065
88.000000	1862.730103	1310.486938
88.000000	1860.699829	1268.451538
88.000000	1858.667603	1311.848877
88.000000	1856.635376	1351.655396
88.000000	1854.601196	1293.058960
88.000000	1852.567017	1315.070190
88.000000	1850.532837	1326.405518
88.000000	1848.496704	1325.893433
88.000000	1846.460571	1313.547729
88.000000	1844.422485	1350.893799
88.000000	1842.384399	1355.101807
88.000000	1840.345337	1369.944336
88.000000	1838.306274	1358.780884
88.000000	1836.265259	1358.255615
88.000000	1834.224243	1364.814209
88.000000	1832.182251	1343.043091
88.000000	1830.139282	1344.883057
88.000000	1828.095337	1386.816162
88.000000	1826.051392	1374.491333
88.000000	1824.006470	1378.672729
88.000000	1821.959595	1369.893555
88.000000	1819.913696	1338.749512
88.000000	1817.865845	1392.372192
88.000000	1815.817017	1405.951050
88.000000	1813.768188	1372.476196
88.000000	1811.718384	1395.456421
88.000000	1809.667603	1413.717896
88.000000	1807.615845	1420.217896
88.000000	1805.563110	1437.280640
88.000000	1803.510376	1430.854004
88.000000	1801.455688	1384.538574
88.000000	1799.401001	1461.411377
88.000000	1797.346313	1413.946777
88.000000	1795.289673	1467.308472
88.000000	1793.232056	1463.223877
88.000000	1791.174438	1479.050171
88.000000	1789.115845	1398.874268
88.000000	1787.056274	1413.542480
88.000000	1784.995728	1439.895874
88.000000	1782.934204	1495.459473
88.000000	1780.872681	1404.881226
88.000000	1778.810181	1489.622803
88.000000	1776.745728	1449.335327
88.000000	1774.682251	1493.133179
88.000000	1772.616821	1512.390381
88.000000	1770.550415	1482.638550
88.000000	1768.484009	1483.227173
88.000000	1766.416626	1551.419922
88.000000	1764.348267	1508.869995
88.000000	1762.278931	1560.693237
88.000000	1760.208618	1515.843628
88.000000	1758.137329	1587.407349
88.000000	1756.066040	1547.234863
88.000000	1753.993774	1552.445679
88.000000	1751.920532	1542.540405
88.000000	1749.846313	1515.213013
88.000000	1747.771118	1491.391113
88.000000	1745.695923	1556.989502
88.000000	1743.619751	1515.760010
88.000000	1741.541626	1582.457153
88.000000	1739.463501	1549.367065
88.000000	1737.385376	1554.557861
88.000000	1735.305298	1541.203369
88.000000	1733.225220	1562.609375
88.000000	1731.143188	1553.892944
88.000000	1729.061157	1579.906250
88.000000	1726.978149	1570.032227
88.000000	1724.894165	1575.200439
88.000000	1722.810181	1604.642090
88.000000	1720.724243	1617.881348
88.000000	1718.638306	1583.747681
88.000000	1716.551392	1606.221802
88.000000	1714.463501	1573.272949
88.000000	1712.374634	1599.194336
88.000000	1710.284790	1578.960205
88.000000	1708.194946	1630.222412
88.000000	1706.103149	1665.309570
88.000000	1704.011353	1656.592285
88.000000	1701.918579	1689.337646
88.000000	1699.824829	1673.710449
88.000000	1697.730103	1697.217285
88.000000	1695.635376	1704.602539
88.000000	1693.538696	1645.295898
88.000000	1691.442017	1677.979492
88.000000	1689.344360	1679.618042
88.000000	1687.245728	1677.809692
88.000000	1685.146118	1687.481812
88.000000	1683.046509	1723.538452
88.000000	1680.944946	1726.302002
88.000000	1678.843384	1742.822021
88.000000	1676.740845	1746.721069
88.000000	1674.637329	1744.888184
88.000000	1672.532837	1763.670654
88.000000	1670.427368	1757.252563
88.000000	1668.321899	1711.931519
88.000000	1666.214478	1729.559692
88.000000	1664.107056	1747.173584
88.000000	1661.998657	1809.349609
88.000000	1659.889282	1766.362793
88.000000	1657.778931	1754.245850
88.000000	1655.667603	1775.245483
88.000000	1653.556274	1773.404297
88.000000	1651.442993	1832.023315
88.000000	1649.329712	1801.653198
88.000000	1647.215454	1813.480591
88.000000	1645.100220	1808.207397
88.000000	1642.984009	1790.409668
88.000000	1640.867798	1805.641724
88.000000	1638.749634	1812.895020
88.000000	1636.631470	1812.178955
88.000000	1634.512329	1789.857422
88.000000	1632.392212	1776.646606
88.000000	1630.271118	1842.982666
88.000000	1628.149048	1785.464600
88.000000	1626.026001	1804.059448
88.000000	1623.902954	1791.997070
88.000000	1621.777954	1803.767212
88.000000	1619.652954	1801.919556
88.000000	1617.526978	1772.867798
88.000000	1615.400024	1867.346436
88.000000	1613.272095	1809.974609
88.000000	1611.143188	1827.373169
88.000000	1609.014282	1843.625732
88.000000	1606.884399	1838.370117
88.000000	1604.752563	1805.977783
88.000000	1602.620728	1834.652710
88.000000	1600.487915	1885.903564
88.000000	1598.354126	1862.565552
88.000000	1596.219360	1885.537354
88.000000	1594.084595	1918.647949
88.000000	1591.947876	1851.324829
88.000000	1589.811157	1872.016846
88.000000	1587.673462	1861.128418
88.000000	1585.534790	1851.374878
88.000000	1583.395142	1876.546509
88.000000	1581.254517	1872.423462
88.000000	1579.112915	1885.185425
88.000000	1576.971313	1865.310791
88.000000	1574.827759	1870.192383
88.000000	1572.684204	1891.931885
88.000000	1570.539673	1932.756470
88.000000	1568.394165	1901.660156
88.000000	1566.247681	1893.044067
88.000000	1564.100220	1922.594604
88.000000	1561.951782	1938.658203
88.000000	1559.803345	1899.756958
88.000000	1557.652954	1919.178955
88.000000	1555.502563	1985.648926
88.000000	1553.351196	1906.449585
88.000000	1551.198853	1970.631348
88.000000	1549.045532	1901.573120
88.000000	1546.891235	1954.517090
88.000000	1544.735962	1948.146362
88.000000	1542.580688	1960.784424
88.000000	1540.423462	2001.348022
88.000000	1538.266235	1978.209839
88.000000	1536.108032	2008.684204
88.000000	1533.948853	1953.193359
88.000000	1531.788696	1985.883789
88.000000	1529.627563	1973.938843
88.000000	1527.465454	1930.789307
88.000000	1525.302368	2069.309570
88.000000	1523.139282	1991.624878
88.000000	1520.974243	2010.871216
88.000000	1518.809204	2015.632568
88.000000	1516.643188	2014.827026
88.000000	1514.476196	2072.963135
88.000000	1512.308228	2079.916016
88.000000	1510.139282	2103.530762
88.000000	1507.969360	2058.258545
88.000000	1505.799438	2116.282471
88.000000	1503.627563	2097.677490
88.000000	1501.455688	2073.539551
88.000000	1499.281860	2090.453369
88.000000	1497.108032	2122.872803
88.000000	1494.933228	2158.590088
88.000000	1492.757446	2115.634277
88.000000	1490.580688	2103.714355
88.000000	1488.403931	2053.066406
88.000000	1486.225220	2134.112061
88.000000	1484.045532	2079.067871
88.000000	1481.865845	2129.084473
88.000000	1479.685181	2081.820557
88.000000	1477.502563	2095.344727
88.000000	1475.319946	2049.235352
88.000000	1473.136353	2146.639404
88.000000	1470.951782	2141.364990
88.000000	1468.766235	2139.402344
88.000000	1466.580688	2117.598633
88.000000	1464.393188	2107.932861
88.000000	1462.205688	2110.390381
88.000000	1460.016235	2104.037354
88.000000	1457.826782	2127.404297
88.000000	1455.636353	2160.653076
88.000000	1453.444946	2120.195557
88.000000	1451.251587	2124.839111
88.000000	1449.059204	2160.244873
88.000000	1446.864868	2149.490479
88.000000	1444.669556	2156.311035
88.000000	1442.473267	2159.833008
88.000000	1440.276978	2118.373291
88.000000	1438.078735	2132.872559
88.000000	1435.880493	2184.628906
88.000000	1433.681274	2151.973145
88.000000	1431.480103	2122.629150
88.000000	1429.278931	2190.747803
88.000000	1427.076782	2150.467041
88.000000	1424.873657	2249.148926
88.000000	1422.670532	2215.436768
88.000000	1420.465454	2162.076416
88.000000	1418.259399	2153.555908
88.000000	1416.053345	2282.656250
88.000000	1413.845337	2212.955566
88.000000	1411.637329	2296.092285
88.000000	1409.428345	2301.710449
88.000000	1407.217407	2338.945557
88.000000	1405.006470	2379.420166
88.000000	1402.794556	2378.458740
88.000000	1400.581665	2263.142578
88.000000	1398.367798	2231.745605
88.000000	1396.153931	2275.460449
88.000000	1393.938110	2226.678223
88.000000	1391.721313	2124.655518
88.000000	1389.504517	2239.007324
88.000000	1387.285767	2215.285889
88.000000	1385.067017	2190.497070
88.000000	1382.847290	2124.475830
88.000000	1380.625610	2189.809326
88.000000	1378.403931	2185.668701
88.000000	1376.181274	2193.457520
88.000000	1373.957642	2233.754395
88.000000	1371.733032	2258.850586
88.000000	1369.507446	2242.774170
88.000000	1367.281860	2265.680176
88.000000	1365.054321	2232.299805
88.000000	1362.825806	2245.455811
88.000000	1360.597290	2281.305664
88.000000	1358.366821	2284.703369
88.000000	1356.136353	2258.929199
88.000000	1353.904907	2275.290527
88.000000	1351.672485	2258.175537
88.000000	1349.438110	2231.363037
88.000000	1347.203735	2233.692871
88.000000	1344.968384	2288.847900
88.000000	1342.732056	2295.461914
88.000000	1340.494751	2310.687988
88.000000	1338.257446	2321.593994
88.000000	1336.018188	2348.635986
88.000000	1333.777954	2307.871826
88.000000	1331.537720	2362.859131
88.000000	1329.295532	2383.399170
88.000000	1327.053345	2303.982666
88.000000	1324.809204	2359.976807
88.000000	1322.565063	2404.113770
88.000000	1320.318970	2429.968018
88.000000	1318.072876	2392.501221
88.000000	1315.825806	2443.003906
88.000000	1313.577759	2395.913086
88.000000	1311.328735	2375.649170
88.000000	1309.078735	2391.819336
88.000000	1306.827759	2466.863525
88.000000	1304.575806	2409.134766
88.000000	1302.322876	2363.220459
88.000000	1300.069946	2383.644531
88.000000	1297.815063	2477.808105
88.000000	1295.559204	2408.413086
88.000000	1293.303345	2430.927979
88.000000	1291.045532	2423.530273
88.000000	1288.787720	2367.046875
88.000000	1286.528931	2395.949951
88.000000	1284.268188	2410.966553
88.000000	1282.007446	2457.947021
88.000000	1279.745728	2430.306641
88.000000	1277.483032	2378.192871
88.000000	1275.218384	2405.964844
88.000000	1272.953735	2353.902100
88.000000	1270.688110	2377.405518
88.000000	1268.421509	2343.471680
88.000000	1266.153931	2376.524414
88.000000	1263.886353	2348.991943
88.000000	1261.616821	2322.543457
88.000000	1259.346313	2290.808350
88.000000	1257.074829	2347.170654
88.000000	1254.803345	2373.787354
88.000000	1252.529907	2337.827637
88.000000	1250.255493	2317.793701
88.000000	1247.981079	2324.260010
88.000000	1245.704712	2316.954102
88.000000	1243.428345	2337.174805
88.000000	1241.151001	2331.984619
88.000000	1238.871704	2279.204590
88.000000	1236.592407	2265.583740
88.000000	1234.312134	2351.309570
88.000000	1232.029907	2350.345215
88.000000	1229.747681	2368.387207
88.000000	1227.464478	2367.415283
88.000000	1225.180298	2387.544434
88.000000	1222.895142	2376.018311
88.000000	1220.609009	2343.417725
88.000000	1218.321899	2385.658447
88.000000	1216.033813	2359.399414
88.000000	1213.744751	2334.214111
88.000000	1211.454712	2381.667236
88.000000	1209.163696	2308.099854
88.000000	1206.871704	2301.893311
88.000000	1204.579712	2295.691162
88.000000	1202.285767	2311.558594
88.000000	1199.990845	2285.401123
88.000000	1197.695923	2310.707031
88.000000	1195.399048	2333.892822
88.000000	1193.101196	2314.050781
88.000000	1190.803345	2357.137207
88.000000	1188.503540	2346.733643
88.000000	1186.203735	2325.861328
88.000000	1183.901978	2321.761719
88.000000	1181.600220	2352.209961
88.000000	1179.296509	2379.493164
88.000000	1176.992798	2363.869141
88.000000	1174.687134	2362.894775
88.000000	1172.381470	2418.355957
88.000000	1170.074829	2395.420654
88.000000	1167.767212	2347.442139
88.000000	1165.457642	2377.788086
88.000000	1163.148071	2412.281738
88.000000	1160.837524	2433.187988
88.000000	1158.526001	2429.056152
88.000000	1156.212524	2409.295898
88.000000	1153.899048	2362.468262
88.000000	1151.584595	2515.593506
88.000000	1149.269165	2461.474121
88.000000	1146.952759	2455.255371
88.000000	1144.635376	2467.759766
88.000000	1142.317017	2463.621338
88.000000	1139.997681	2514.556396
88.000000	1137.677368	2459.507324
88.000000	1135.356079	2516.630127
88.000000	1133.033813	2519.740234
88.000000	1130.710571	2459.568604
88.000000	1128.386353	2537.357178
88.000000	1126.061157	2593.314209
88.000000	1123.734985	2493.814453
88.000000	1121.407837	2474.140381
88.000000	1119.079712	2546.615723
88.000000	1116.750610	2506.239014
88.000000	1114.420532	2560.021484
88.000000	1112.089478	2612.724609
88.000000	1109.758423	2558.933594
88.000000	1107.425415	2505.186523
88.000000	1105.091431	2537.192139
88.000000	1102.756470	2552.655518
88.000000	1100.420532	2525.802246
88.000000	1098.083618	2596.948975
88.000000	1095.746704	2658.758057
88.000000	1093.407837	2561.818359
88.000000	1091.067993	2584.446533
88.000000	1088.727173	2559.691650
88.000000	1086.385376	2590.534424
88.000000	1084.043579	2630.610107
88.000000	1081.699829	2631.573975
88.000000	1079.355103	2663.374512
88.000000	1077.009399	2752.688232
88.000000	1074.663696	2757.706543
88.000000	1072.316040	2955.730469
88.000000	1069.967407	3727.248535
88.000000	1067.617798	5243.879395
88.000000	1065.267212	7513.920898
88.000000	1062.916626	9116.882812
88.000000	1060.564087	8996.293945
88.000000	1058.210571	7695.025391
88.000000	1055.856079	5705.911133
88.000000	1053.500610	4125.700684
88.000000	1051.145142	3460.176514
88.000000	1048.787720	3224.608643
88.000000	1046.429321	3035.224365
88.000000	1044.069946	2928.741455
88.000000	1041.709595	2790.692139
88.000000	1039.349243	2681.336426
88.000000	1036.986938	2671.036133
88.000000	1034.623657	2699.497314
88.000000	1032.259399	2675.944336
88.000000	1029.894165	2676.865967
88.000000	1027.527954	2690.008789
88.000000	1025.160767	2672.595947
88.000000	1022.793579	2608.382568
88.000000	1020.424438	2632.725586
88.000000	1018.054321	2644.845215
88.000000	1015.683228	2595.968262
88.000000	1013.311157	2604.027832
88.000000	1010.938110	2609.033447
88.000000	1008.564087	2547.033447
88.000000	1006.189087	2588.587646
88.000000	1003.813110	2588.519775
88.000000	1001.436157	2633.062256
88.000000	999.058228	2572.166748
88.000000	996.679321	2622.755615
88.000000	994.299438	2609.507080
88.000000	991.917603	2713.682861
88.000000	989.535767	2602.264404
88.000000	987.152954	2615.333740
88.000000	984.769165	2643.555420
88.000000	982.384399	2628.301270
88.000000	979.997681	2648.411865
88.000000	977.610962	2711.919922
88.000000	975.223267	2663.349854
88.000000	972.834595	2685.436035
88.000000	970.443970	2614.731934
88.000000	968.053345	2677.136963
88.000000	965.661743	2657.878662
88.000000	963.268188	2674.891846
88.000000	960.874634	2640.548828
88.000000	958.479126	2681.704102
88.000000	956.083618	2657.444092
88.000000	953.686157	2728.719238
88.000000	951.288696	2719.533447
88.000000	948.889282	2690.263184
88.000000	946.488892	2747.374512
88.000000	944.088501	2732.167969
88.000000	941.686157	2789.212158
88.000000	939.282837	2806.092041
88.000000	936.879517	2704.665527
88.000000	934.474243	2778.682129
88.000000	932.067993	2748.466553
88.000000	929.660767	2757.322510
88.000000	927.252563	2791.190186
88.000000	924.843384	2773.009521
88.000000	922.433228	2770.842773
88.000000	920.022095	2813.655518
88.000000	917.609985	2829.455566
88.000000	915.196899	2784.322266
88.000000	912.782837	2781.153320
88.000000	910.367798	2759.027100
88.000000	907.951782	2825.689209
88.000000	905.533813	2868.366455
88.000000	903.115845	2821.314941
88.000000	900.696899	2883.879639
88.000000	898.276001	2817.940674
88.000000	895.855103	2770.967773
88.000000	893.432251	2828.498047
88.000000	891.009399	2811.393066
88.000000	888.584595	2770.444336
88.000000	886.159790	2788.154297
88.000000	883.733032	2783.997803
88.000000	881.305298	2763.959229
88.000000	878.876587	2815.388184
88.000000	876.447876	2739.801758
88.000000	874.017212	2714.847412
88.000000	871.585571	2767.220947
88.000000	869.152954	2774.968018
88.000000	866.719360	2748.047607
88.000000	864.284790	2775.592041
88.000000	861.848267	2770.460449
88.000000	859.411743	2711.925049
88.000000	856.974243	2773.060547
88.000000	854.535767	2730.383057
88.000000	852.095337	2819.115234
88.000000	849.654907	2749.794189
88.000000	847.212524	2739.747803
88.000000	844.770142	2812.576904
88.000000	842.325806	2687.136475
88.000000	839.880493	2787.524170
88.000000	837.435181	2796.195801
88.000000	834.987915	2762.510742
88.000000	832.539673	2684.554199
88.000000	830.090454	2696.208252
88.000000	827.640259	2701.950439
88.000000	825.189087	2692.939209
88.000000	822.736938	2690.814209
88.000000	820.283813	2726.019531
88.000000	817.829712	2701.296387
88.000000	815.373657	2637.333008
88.000000	812.917603	2737.266846
88.000000	810.459595	2730.220459
88.000000	808.001587	2708.475586
88.000000	805.541626	2709.284912
88.000000	803.081665	2732.619873
88.000000	800.619751	2740.270020
88.000000	798.156860	2739.105469
88.000000	795.692993	2741.854004
88.000000	793.228149	2726.999512
88.000000	790.762329	2748.319092
88.000000	788.295532	2690.487793
88.000000	785.827759	2711.803467
88.000000	783.359009	2752.622314
88.000000	780.888306	2701.690674
88.000000	778.417603	2688.837402
88.000000	775.945923	2780.304688
88.000000	773.472290	2804.456299
88.000000	770.997681	2764.300781
88.000000	768.523071	2759.229004
88.000000	766.046509	2791.142334
88.000000	763.568970	2791.898438
88.000000	761.090454	2834.465332
88.000000	758.610962	2810.902100
88.000000	756.130493	2899.085693
88.000000	753.649048	2853.177490
88.000000	751.165649	2967.475586
88.000000	748.682251	2909.932129
88.000000	746.197876	2891.232666
88.000000	743.711548	2895.815430
88.000000	741.224243	2902.332031
88.000000	738.736938	2882.688477
88.000000	736.247681	2894.044678
88.000000	733.757446	2905.390137
88.000000	731.266235	2907.051270
88.000000	728.774048	2944.489014
88.000000	726.280884	2884.269287
88.000000	723.785767	2856.950195
88.000000	721.290649	2895.324463
88.000000	718.794556	2938.492188
88.000000	716.296509	2919.866699
88.000000	713.797485	2916.688721
88.000000	711.298462	2924.117676
88.000000	708.797485	2948.885986
88.000000	706.295532	2912.946045
88.000000	703.792603	2941.547852
88.000000	701.288696	2946.062988
88.000000	698.783813	2956.345947
88.000000	696.276978	3052.203857
88.000000	693.770142	3130.677246
88.000000	691.261353	3227.337646
88.000000	688.752563	3273.973877
88.000000	686.241821	3222.651611
88.000000	683.730103	3154.100098
88.000000	681.217407	3119.177002
88.000000	678.703735	3025.799805
88.000000	676.189087	3021.626709
88.000000	673.673462	2983.929199
88.000000	671.155884	2912.750244
88.000000	668.638306	2896.186279
88.000000	666.118774	2854.761963
88.000000	663.599243	2880.312012
88.000000	661.077759	2831.281494
88.000000	658.555298	2838.664307
88.000000	656.031860	2894.747559
88.000000	653.507446	2876.320068
88.000000	650.982056	2932.337402
88.000000	648.454712	2954.922119
88.000000	645.927368	3003.228760
88.000000	643.398071	3050.539795
88.000000	640.868774	2982.546631
88.000000	638.337524	2880.332764
88.000000	635.805298	2894.321533
88.000000	633.272095	2866.437744
88.000000	630.737915	2856.645264
88.000000	628.202759	2852.563721
88.000000	625.665649	2868.437500
88.000000	623.128540	2809.269287
88.000000	620.589478	2861.220215
88.000000	618.049438	2822.031250
88.000000	615.509399	2905.230957
88.000000	612.967407	2846.145508
88.000000	610.424438	2800.377686
88.000000	607.879517	2853.164062
88.000000	605.334595	2815.006104
88.000000	602.787720	2815.684570
88.000000	600.240845	2843.796875
88.000000	597.692017	2862.427979
88.000000	595.142212	2861.192383
88.000000	592.591431	2901.528809
88.000000	590.039673	2911.608887
88.000000	587.486938	2865.039307
88.000000	584.933228	2853.422119
88.000000	582.377563	2852.189209
88.000000	579.820923	2921.665039
88.000000	577.264282	2995.791504
88.000000	574.705688	2936.094727
88.000000	572.146118	2951.773193
88.000000	569.585571	2985.319092
88.000000	567.023071	2949.220215
88.000000	564.460571	2983.677002
88.000000	561.896118	3022.802490
88.000000	559.331665	3041.224121
88.000000	556.765259	3045.542236
88.000000	554.197876	3056.426758
88.000000	551.629517	2964.087891
88.000000	549.059204	3050.966064
88.000000	546.488892	3029.019531
88.000000	543.916626	3028.644043
88.000000	541.344360	3059.178223
88.000000	538.770142	3097.175293
88.000000	536.194946	3045.295898
88.000000	533.618774	3057.071533
88.000000	531.041626	3084.732178
88.000000	528.462524	3064.700928
88.000000	525.883423	3094.200928
88.000000	523.302368	3078.850586
88.000000	520.720337	3105.516846
88.000000	518.137329	3101.369629
88.000000	515.553345	3073.909424
88.000000	512.968384	3083.760742
88.000000	510.381439	3084.284668
88.000000	507.794525	3084.807373
88.000000	505.205658	3089.052734
88.000000	502.615814	2989.997559
88.000000	500.024994	3051.020264
88.000000	497.433197	275.216248
88.000000	494.839447	32.528309
88.000000	492.245697	8.360784
88.000000	489.649994	5.571430
88.000000	487.053314	0.928168
88.000000	484.455658	13.916453
88.000000	481.857025	9.273597
88.000000	479.257416	5.561735
99.000000	2681.806152	-381.170959
99.000000	2680.073730	-83.468094
99.000000	2678.340332	-13.906620
99.000000	2676.606934	0.000000
99.000000	2674.872559	2.779433
99.000000	2673.138184	13.892435
99.000000	2671.402832	12.498936
99.000000	2669.666504	11.106382
99.000000	2667.930176	217.888504
99.000000	2666.192871	238.624542
99.000000	2664.455566	257.959534
99.000000	2662.717285	231.529846
99.000000	2660.978027	246.696136
99.000000	2659.238770	217.517288
99.000000	2657.498535	228.522934
99.000000	2655.758301	225.675873
99.000000	2654.017090	236.671127
99.000000	2652.274902	225.521698
99.000000	2650.532715	255.872711
99.000000	2648.789551	247.489487
99.000000	2647.045410	214.233231
99.000000	2645.301270	230.740036
99.000000	2643.556152	259.666351
99.000000	2641.811035	266.481079
99.000000	2640.064941	247.066177
99.000000	2638.318848	256.640015
99.000000	2636.570801	264.827911
99.000000	2634.823730	252.327545
99.000000	2633.074707	243.970795
99.000000	2631.325684	257.665985
99.000000	2629.575684	245.180771
99.000000	2627.825684	268.504669
99.000000	2626.074707	276.671295
99.000000	2624.323730	260.064209
99.000000	2622.571777	265.476898
99.000000	2620.818848	272.260895
99.000000	2619.065918	269.418060
99.000000	2617.312012	263.828918
99.000000	2615.557129	270.606293
99.000000	2613.802246	282.871582
99.000000	2612.046387	286.892212
99.000000	2610.290527	295.026642
99.000000	2608.533691	275.720520
99.000000	2606.775879	320.877380
99.000000	2605.018066	276.901184
99.000000	2603.259277	254.880417
99.000000	2601.499512	273.970367
99.000000	2599.739746	305.371490
99.000000	2597.979004	287.470215
99.000000	2596.218262	298.318359
99.000000	2594.456543	291.375427
99.000000	2592.693848	309.052002
99.000000	2590.931152	280.237823
99.000000	2589.167480	289.706635
99.000000	2587.403809	292.338501
99.000000	2585.638184	285.409302
99.000000	2583.873535	326.264099
99.000000	2582.106934	290.670197
99.000000	2580.340332	304.211212
99.000000	2578.572754	287.741302
99.000000	2576.805176	297.184113
99.000000	2575.036621	306.620300
99.000000	2573.268066	313.325287
99.000000	2571.498535	326.834625
99.000000	2569.728027	283.158295
99.000000	2567.956543	303.472900
99.000000	2566.185059	319.692139
99.000000	2564.413574	319.580994
99.000000	2562.640137	323.548187
99.000000	2560.866699	312.563843
99.000000	2559.093262	308.379578
99.000000	2557.317871	310.988281
99.000000	2555.543457	319.025299
99.000000	2553.767090	343.341644
99.000000	2551.990723	298.453918
99.000000	2550.213379	318.691925
99.000000	2548.436035	371.451630
99.000000	2546.657715	317.114471
99.000000	2544.878418	331.905701
99.000000	2543.099121	316.893158
99.000000	2541.318848	346.565491
99.000000	2539.537598	349.151062
99.000000	2537.756348	327.383850
99.000000	2535.974121	335.383545
99.000000	2534.191895	336.618164
99.000000	2532.408691	347.311707
99.000000	2530.624512	314.767761
99.000000	2528.839355	326.811768
99.000000	2527.054199	337.497253
99.000000	2525.269043	306.340179
99.000000	2523.481934	331.864716
99.000000	2521.694824	350.628387
99.000000	2519.907715	365.334564
99.000000	2518.119629	355.773102
99.000000	2516.330566	336.788147
99.000000	2514.540527	358.216858
99.000000	2512.750488	356.744934
99.000000	2510.959473	357.965393
99.000000	2509.168457	368.601776
99.000000	2507.376465	345.610840
99.000000	2505.583496	352.210968
99.000000	2503.789551	325.210266
99.000000	2501.995605	351.963318
99.000000	2500.201660	384.069061
99.000000	2498.405762	346.345978
99.000000	2496.609863	358.301636
99.000000	2494.813965	358.175476
99.000000	2493.016113	362.072327
99.000000	2491.219238	375.350128
99.000000	2489.420410	379.238007
99.000000	2487.621582	377.764709
99.000000	2485.821777	387.005310
99.000000	2484.020996	361.434479
99.000000	2482.220215	397.437622
99.000000	2480.418457	420.038239
99.000000	2478.616699	382.447479
99.000000	2476.813965	366.271301
99.000000	2475.010254	387.522430
99.000000	2473.205566	382.042175
99.000000	2471.400879	407.278564
99.000000	2469.596191	401.795013
99.000000	2467.789551	378.968140
99.000000	2465.982910	400.176788
99.000000	2464.175293	413.369598
99.000000	2462.367676	379.898743
99.000000	2460.559082	382.429169
99.000000	2458.749512	398.278076
99.000000	2456.939941	440.746857
99.000000	2455.129395	433.935120
99.000000	2453.317871	413.821930
99.000000	2451.506348	433.627258
99.000000	2449.693848	416.187622
99.000000	2447.880371	430.661072
99.000000	2446.066895	406.591003
99.000000	2444.252441	418.400848
99.000000	2442.437012	403.646545
99.000000	2440.621582	403.503052
99.000000	2438.805176	415.301117
99.000000	2436.988770	403.216064
99.000000	2435.170410	440.197723
99.000000	2433.352051	432.088501
99.000000	2431.533691	408.085480
99.000000	2429.714355	467.541809
99.000000	2427.894043	468.699249
99.000000	2426.072754	430.149628
99.000000	2424.251465	435.288544
99.000000	2422.429199	445.714081
99.000000	2420.605957	427.045380
99.000000	2418.782715	445.396118
99.000000	2416.958496	429.382996
99.000000	2415.134277	422.626160
99.000000	2413.308105	458.121582
99.000000	2411.482910	457.957916
99.000000	2409.655762	465.710022
99.000000	2407.828613	476.094116
99.000000	2406.000488	450.875244
99.000000	2404.171387	470.482147
99.000000	2402.342285	478.218231
99.000000	2400.512207	453.025330
99.000000	2398.681152	471.293610
99.000000	2396.850098	452.700958
99.000000	2395.018066	473.587128
99.000000	2393.186035	479.992645
99.000000	2391.352051	495.595520
99.000000	2389.518066	465.193390
99.000000	2387.684082	474.221985
99.000000	2385.848145	488.496643
99.000000	2384.012207	485.695953
99.000000	2382.176270	488.146057
99.000000	2380.338379	501.088257
99.000000	2378.500488	483.861633
99.000000	2376.662598	487.620209
99.000000	2374.822754	509.720673
99.000000	2372.982910	501.678223
99.000000	2371.143066	517.210510
99.000000	2369.301270	510.479858
99.000000	2367.459473	515.529968
99.000000	2365.616699	494.416718
99.000000	2363.773926	504.698761
99.000000	2361.930176	501.902924
99.000000	2360.085449	516.094360
99.000000	2358.240723	521.132751
99.000000	2356.394043	503.971741
99.000000	2354.548340	507.705475
99.000000	2352.700684	506.217651
99.000000	2350.853027	521.685608
99.000000	2349.004395	508.459869
99.000000	2347.154785	518.702515
99.000000	2345.305176	519.817993
99.000000	2343.454590	515.723206
99.000000	2341.604004	512.933105
99.000000	2339.751465	507.542175
99.000000	2337.898926	520.367859
99.000000	2336.046387	521.480103
99.000000	2334.191895	522.591431
99.000000	2332.337402	541.894958
99.000000	2330.481934	552.091125
99.000000	2328.626465	555.786926
99.000000	2326.770020	547.797058
99.000000	2324.912598	556.681946
99.000000	2323.054199	561.668884
99.000000	2321.195801	548.498413
99.000000	2319.336426	530.152466
99.000000	2317.477051	539.030396
99.000000	2315.616699	536.244263
99.000000	2313.755371	515.332764
99.000000	2311.893066	575.979492
99.000000	2310.030762	536.954346
99.000000	2308.167480	552.280029
99.000000	2306.303223	549.493530
99.000000	2304.437988	575.142944
99.000000	2302.572754	545.218201
99.000000	2300.707520	551.477478
99.000000	2298.840332	553.858948
99.000000	2296.973145	558.819763
99.000000	2295.104980	535.394409
99.000000	2293.235840	581.626465
99.000000	2291.366699	583.992981
99.000000	2289.496582	564.449768
99.000000	2287.625488	578.414612
99.000000	2285.754395	579.491516
99.000000	2283.882324	571.556519
99.000000	2282.009277	620.247253
99.000000	2280.136230	611.016541
99.000000	2278.261230	570.931274
99.000000	2276.387207	595.145691
99.000000	2274.511230	615.487488
99.000000	2272.635254	621.685059
99.000000	2270.758301	603.481873
99.000000	2268.880371	634.066223
99.000000	2267.002441	612.022339
99.000000	2265.123535	643.863464
99.000000	2263.243652	623.113953
99.000000	2261.362793	620.322693
99.000000	2259.481934	634.188782
99.000000	2257.600098	633.956604
99.000000	2255.718262	610.679993
99.000000	2253.834473	629.653076
99.000000	2251.950684	643.494873
99.000000	2250.065918	667.557068
99.000000	2248.181152	657.085388
99.000000	2246.295410	650.454956
99.000000	2244.408691	656.603577
99.000000	2242.520996	623.161438
99.000000	2240.633301	662.504333
99.000000	2238.744629	660.985107
99.000000	2236.854980	647.986816
99.000000	2234.965332	650.299011
99.000000	2233.074707	634.764587
99.000000	2231.183105	626.886353
99.000000	2229.290527	645.761292
99.000000	2227.397949	642.977417
99.000000	2225.504395	656.741272
99.000000	2223.610840	711.208008
99.000000	2221.715332	694.412659
99.000000	2219.819824	668.730042
99.000000	2217.923340	672.296448
99.000000	2216.026855	661.885559
99.000000	2214.128418	698.470154
99.000000	2212.229980	670.284302
99.000000	2210.331543	699.224487
99.000000	2208.431152	655.836243
99.000000	2206.530762	672.079346
99.000000	2204.629395	674.366638
99.000000	2202.728027	722.269104
99.000000	2200.824707	715.669128
99.000000	2198.921387	698.944275
99.000000	2197.018066	710.077820
99.000000	2195.112793	727.529297
99.000000	2193.207520	712.082825
99.000000	2191.301270	720.669983
99.000000	2189.395020	674.904419
99.000000	2187.486816	698.659424
99.000000	2185.578613	708.504456
99.000000	2183.669434	714.554626
99.000000	2181.760254	719.338196
99.000000	2179.850098	695.102844
99.000000	2177.938965	706.195007
99.000000	2176.026855	727.363525
99.000000	2174.114746	725.833923
99.000000	2172.201660	712.968384
99.000000	2170.287598	750.479919
99.000000	2168.372559	713.698547
99.000000	2166.457520	714.692078
99.000000	2164.541504	720.715942
99.000000	2162.624512	729.249756
99.000000	2160.706543	716.410522
99.000000	2158.788574	745.041565
99.000000	2156.869629	733.461548
99.000000	2154.950684	769.597412
99.000000	2153.029785	759.271484
99.000000	2151.108887	710.062744
99.000000	2149.187012	751.182739
99.000000	2147.265137	759.678589
99.000000	2145.341309	728.067810
99.000000	2143.417480	787.924683
99.000000	2141.492676	748.813354
99.000000	2139.567871	766.058838
99.000000	2137.642090	763.271057
99.000000	2135.714355	750.478821
99.000000	2133.787598	765.203186
99.000000	2131.858887	756.168945
99.000000	2129.930176	769.630493
99.000000	2128.000488	800.566895
99.000000	2126.069824	782.789795
99.000000	2124.139160	746.305664
99.000000	2122.207520	817.136780
99.000000	2120.274902	834.290833
99.000000	2118.341309	800.320984
99.000000	2116.407715	773.853149
99.000000	2114.473145	810.934326
99.000000	2112.537598	801.914856
99.000000	2110.601074	810.328369
99.000000	2108.664551	817.491150
99.000000	2106.727051	769.920532
99.000000	2104.788574	785.796082
99.000000	2102.849121	852.617798
99.000000	2100.909668	831.177612
99.000000	2098.969238	838.318237
99.000000	2097.027832	857.868164
99.000000	2095.086426	826.521301
99.000000	2093.143066	821.249451
99.000000	2091.199707	840.783203
99.000000	2089.256348	840.468140
99.000000	2087.311035	862.457947
99.000000	2085.365723	832.405762
99.000000	2083.419434	860.572937
99.000000	2081.472168	887.481018
99.000000	2079.523926	842.604980
99.000000	2077.575684	848.472900
99.000000	2075.626465	866.699951
99.000000	2073.676270	855.251221
99.000000	2071.726074	866.048950
99.000000	2069.773926	868.193542
99.000000	2067.821777	871.570740
99.000000	2065.869629	878.647400
99.000000	2063.915527	909.156799
99.000000	2061.961426	861.955994
99.000000	2060.006348	904.774902
99.000000	2058.050293	892.112427
99.000000	2056.093262	918.874756
99.000000	2054.136230	892.672058
99.000000	2052.178223	923.106079
99.000000	2050.219238	888.308716
99.000000	2048.260254	950.697876
99.000000	2046.299438	895.015808
99.000000	2044.338501	882.388855
99.000000	2042.376587	900.483459
99.000000	2040.414673	901.371826
99.000000	2038.451782	942.768921
99.000000	2036.486938	916.643982
99.000000	2034.523071	945.737305
99.000000	2032.557251	939.249329
99.000000	2030.591431	986.697327
99.000000	2028.623657	965.495361
99.000000	2026.655884	971.254517
99.000000	2024.688110	940.279358
99.000000	2022.718384	921.565979
99.000000	2020.748657	979.940552
99.000000	2018.777954	941.658936
99.000000	2016.806274	990.201538
99.000000	2014.834595	962.942627
99.000000	2012.861938	991.895264
99.000000	2010.888306	991.519714
99.000000	2008.913696	982.599854
99.000000	2006.938110	968.805908
99.000000	2004.962524	984.294922
99.000000	2002.985962	968.071838
99.000000	2001.008423	970.142395
99.000000	1999.029907	988.049194
99.000000	1997.051392	1009.595703
99.000000	1995.071899	989.734558
99.000000	1993.091431	993.009766
99.000000	1991.109985	1030.343140
99.000000	1989.128540	1031.167969
99.000000	1987.145142	1001.603516
99.000000	1985.161743	1021.879395
99.000000	1983.178345	981.408875
99.000000	1981.192993	1058.741699
99.000000	1979.207642	1032.851807
99.000000	1977.221313	1040.951660
99.000000	1975.234009	1050.257935
99.000000	1973.245728	1023.187683
99.000000	1971.257446	1062.789307
99.000000	1969.268188	1034.522949
99.000000	1967.277954	1046.238403
99.000000	1965.286743	1054.313354
99.000000	1963.294556	1004.301697
99.000000	1961.302368	1025.690796
99.000000	1959.309204	1036.181763
99.000000	1957.315063	1087.757446
99.000000	1955.319946	1111.505981
99.000000	1953.324829	1042.243286
99.000000	1951.328735	1074.441284
99.000000	1949.331665	1065.583862
99.000000	1947.333618	1107.398315
99.000000	1945.334595	1068.388306
99.000000	1943.335571	1102.936890
99.000000	1941.335571	1083.236694
99.000000	1939.334595	1085.231934
99.000000	1937.332642	1112.509644
99.000000	1935.330688	1094.031250
99.000000	1933.327759	1121.284180
99.000000	1931.323853	1143.705566
99.000000	1929.318970	1098.787720
99.000000	1927.313110	1175.277222
99.000000	1925.307251	1130.381104
99.000000	1923.300415	1125.145264
99.000000	1921.292603	1111.510864
99.000000	1919.283813	1117.084717
99.000000	1917.274048	1105.862183
99.000000	1915.264282	1100.642700
99.000000	1913.253540	1140.969971
99.000000	1911.241821	1152.513062
99.000000	1909.229126	1159.256714
99.000000	1907.216431	1146.841064
99.000000	1905.202759	1178.711060
99.000000	1903.188110	1187.828491
99.000000	1901.172485	1263.900269
99.000000	1899.155884	1220.385010
99.000000	1897.139282	1262.930176
99.000000	1895.120728	1226.614258
99.000000	1893.102173	1180.774780
99.000000	1891.083618	1201.803223
99.000000	1889.063110	1196.569458
99.000000	1887.042603	1262.891357
99.000000	1885.020142	1262.405884
99.000000	1882.997681	1263.112061
99.000000	1880.975220	1270.964355
99.000000	1878.950806	1300.242920
99.000000	1876.926392	1268.796387
99.000000	1874.900024	1243.322632
99.000000	1872.873657	1271.387695
99.000000	1870.847290	1294.675537
99.000000	1868.818970	1319.133423
99.000000	1866.790649	1311.497559
99.000000	1864.760376	1293.179810
99.000000	1862.730103	1264.192505
99.000000	1860.699829	1336.086426
99.000000	1858.667603	1294.057007
99.000000	1856.635376	1304.228882
99.000000	1854.601196	1339.281982
99.000000	1852.567017	1345.873657
99.000000	1850.532837	1320.484131
99.000000	1848.496704	1337.731812
99.000000	1846.460571	1358.515991
99.000000	1844.422485	1340.247559
99.000000	1842.384399	1358.649170
99.000000	1840.345337	1392.402344
99.000000	1838.306274	1316.245117
99.000000	1836.265259	1346.444702
99.000000	1834.224243	1382.523682
99.000000	1832.182251	1416.214233
99.000000	1830.139282	1367.297729
99.000000	1828.095337	1395.071045
99.000000	1826.051392	1350.915161
99.000000	1824.006470	1399.883057
99.000000	1821.959595	1446.456787
99.000000	1819.913696	1429.412476
99.000000	1817.865845	1395.903198
99.000000	1815.817017	1402.421509
99.000000	1813.768188	1445.392578
99.000000	1811.718384	1408.388184
99.000000	1809.667603	1381.988647
99.000000	1807.615845	1406.121460
99.000000	1805.563110	1418.492676
99.000000	1803.510376	1439.070557
99.000000	1801.455688	1447.898804
99.000000	1799.401001	1450.855347
99.000000	1797.346313	1447.947266
99.000000	1795.289673	1426.289429
99.000000	1793.232056	1470.252930
99.000000	1791.174438	1469.681763
99.000000	1789.115845	1418.774536
99.000000	1787.056274	1498.963501
99.000000	1784.995728	1446.914062
99.000000	1782.934204	1445.182129
99.000000	1780.872681	1518.253540
99.000000	1778.810181	1440.552856
99.000000	1776.745728	1522.911621
99.000000	1774.682251	1451.106079
99.000000	1772.616821	1447.040161
99.000000	1770.550415	1514.134399
99.000000	1768.484009	1549.692505
99.000000	1766.416626	1497.802124
99.000000	1764.348267	1529.842651
99.000000	1762.278931	1511.776001
99.000000	1760.208618	1548.442383
99.000000	1758.137329	1560.640259
99.000000	1756.066040	1529.784790
99.000000	1753.993774	1557.097168
99.000000	1751.920532	1503.017944
99.000000	1749.846313	1589.579346
99.000000	1747.771118	1540.174927
99.000000	1745.695923	1567.439209
99.000000	1743.619751	1544.775391
99.000000	1741.541626	1509.367065
99.000000	1739.463501	1591.116455
99.000000	1737.385376	1595.131714
99.000000	1735.305298	1573.649780
99.000000	1733.225220	1562.609375
99.000000	1731.143188	1571.261353
99.000000	1729.061157	1562.544678
99.000000	1726.978149	1598.956909
99.000000	1724.894165	1605.270386
99.000000	1722.810181	1576.896118
99.000000	1720.724243	1612.103271
99.000000	1718.638306	1611.471924
99.000000	1716.551392	1595.829346
99.000000	1714.463501	1599.821167
99.000000	1712.374634	1594.578979
99.000000	1710.284790	1664.309448
99.000000	1708.194946	1672.880371
99.000000	1706.103149	1653.784912
99.000000	1704.011353	1642.768188
99.000000	1701.918579	1651.336182
99.000000	1699.824829	1746.230225
99.000000	1697.730103	1681.108154
99.000000	1695.635376	1686.199219
99.000000	1693.538696	1694.735229
99.000000	1691.442017	1679.128784
99.000000	1689.344360	1743.953613
99.000000	1687.245728	1649.099731
99.000000	1685.146118	1687.481812
99.000000	1683.046509	1710.916016
99.000000	1680.944946	1730.890137
99.000000	1678.843384	1784.099365
99.000000	1676.740845	1740.990356
99.000000	1674.637329	1732.285645
99.000000	1672.532837	1748.782593
99.000000	1670.427368	1745.804688
99.000000	1668.321899	1747.406128
99.000000	1666.214478	1746.718018
99.000000	1664.107056	1784.906982
99.000000	1661.998657	1787.632812
99.000000	1659.889282	1780.073242
99.000000	1657.778931	1809.066040
99.000000	1655.667603	1792.369995
99.000000	1653.556274	1803.075195
99.000000	1651.442993	1779.549438
99.000000	1649.329712	1757.182007
99.000000	1647.215454	1791.823730
99.000000	1645.100220	1788.837891
99.000000	1642.984009	1817.744141
99.000000	1640.867798	1853.458130
99.000000	1638.749634	1829.965576
99.000000	1636.631470	1831.517944
99.000000	1634.512329	1878.554321
99.000000	1632.392212	1807.337280
99.000000	1630.271118	1785.034424
99.000000	1628.149048	1788.871948
99.000000	1626.026001	1847.202515
99.000000	1623.902954	1826.043945
99.000000	1621.777954	1846.876099
99.000000	1619.652954	1796.249634
99.000000	1617.526978	1820.476807
99.000000	1615.400024	1853.749268
99.000000	1613.272095	1889.260132
99.000000	1611.143188	1801.332520
99.000000	1609.014282	1842.494019
99.000000	1606.884399	1838.370117
99.000000	1604.752563	1846.688599
99.000000	1602.620728	1825.609375
99.000000	1600.487915	1867.824219
99.000000	1598.354126	1851.270508
99.000000	1596.219360	1894.569824
99.000000	1594.084595	1889.303833
99.000000	1591.947876	1923.527588
99.000000	1589.811157	1882.166260
99.000000	1587.673462	1931.019287
99.000000	1585.534790	1889.687012
99.000000	1583.395142	1841.628784
99.000000	1581.254517	1856.660400
99.000000	1579.112915	1893.063843
99.000000	1576.971313	1901.311890
99.000000	1574.827759	1900.556274
99.000000	1572.684204	1907.669800
99.000000	1570.539673	1927.137939
99.000000	1568.394165	1888.181152
99.000000	1566.247681	1873.956543
99.000000	1564.100220	1882.189819
99.000000	1561.951782	1915.098145
99.000000	1559.803345	1889.663696
99.000000	1557.652954	1903.484741
99.000000	1555.502563	1954.272949
99.000000	1553.351196	1980.377686
99.000000	1551.198853	1971.751099
99.000000	1549.045532	1876.950073
99.000000	1546.891235	1947.804321
99.000000	1544.735962	1963.803101
99.000000	1542.580688	2018.914795
99.000000	1540.423462	1985.703735
99.000000	1538.266235	1992.730835
99.000000	1536.108032	2000.868286
99.000000	1533.948853	1942.032227
99.000000	1531.788696	2065.095947
99.000000	1529.627563	2005.165039
99.000000	1527.465454	2045.611084
99.000000	1525.302368	2016.936035
99.000000	1523.139282	2019.472046
99.000000	1520.974243	2070.996826
99.000000	1518.809204	2124.706055
99.000000	1516.643188	2060.441650
99.000000	1514.476196	2112.999023
99.000000	1512.308228	2139.945557
99.000000	1510.139282	2092.418701
99.000000	1507.969360	2133.791016
99.000000	1505.799438	2111.841064
99.000000	1503.627563	2081.029053
99.000000	1501.455688	2134.558594
99.000000	1499.281860	2115.960205
99.000000	1497.108032	2145.043701
99.000000	1494.933228	2107.617188
99.000000	1492.757446	2120.064941
99.000000	1490.580688	2148.003174
99.000000	1488.403931	2112.832275
99.000000	1486.225220	2074.370117
99.000000	1484.045532	2135.468018
99.000000	1481.865845	2126.873779
99.000000	1479.685181	2091.765625
99.000000	1477.502563	2100.867432
99.000000	1475.319946	2144.188965
99.000000	1473.136353	2195.200928
99.000000	1470.951782	2193.216553
99.000000	1468.766235	2161.458008
99.000000	1466.580688	2202.479004
99.000000	1464.393188	2145.397461
99.000000	1462.205688	2122.506592
99.000000	1460.016235	2098.532227
99.000000	1457.826782	2164.823730
99.000000	1455.636353	2168.354004
99.000000	1453.444946	2190.575439
99.000000	1451.251587	2185.297607
99.000000	1449.059204	2189.912598
99.000000	1446.864868	2111.047852
99.000000	1444.669556	2135.450439
99.000000	1442.473267	2122.518799
99.000000	1440.276978	2150.187256
99.000000	1438.078735	2184.412354
99.000000	1435.880493	2146.263428
99.000000	1433.681274	2179.365967
99.000000	1431.480103	2162.058838
99.000000	1429.278931	2152.428955
99.000000	1427.076782	2188.770508
99.000000	1424.873657	2211.954834
99.000000	1422.670532	2178.257812
99.000000	1420.465454	2279.033936
99.000000	1418.259399	2211.464844
99.000000	1416.053345	2187.636719
99.000000	1413.845337	2252.258301
99.000000	1411.637329	2396.491699
99.000000	1409.428345	2350.799072
99.000000	1407.217407	2348.759277
99.000000	1405.006470	2297.671875
99.000000	1402.794556	2345.772705
99.000000	1400.581665	2259.875488
99.000000	1398.367798	2244.809570
99.000000	1396.153931	2248.255127
99.000000	1393.938110	2244.082764
99.000000	1391.721313	2254.048584
99.000000	1389.504517	2242.267822
99.000000	1387.285767	2208.767090
99.000000	1385.067017	2194.841064
99.000000	1382.847290	2218.921143
99.000000	1380.625610	2235.385254
99.000000	1378.403931	2212.786133
99.000000	1376.181274	2258.513184
99.000000	1373.957642	2218.580811
99.000000	1371.733032	2266.434326
99.000000	1369.507446	2264.432861
99.000000	1367.281860	2234.287598
99.000000	1365.054321	2216.068848
99.000000	1362.825806	2163.252197
99.000000	1360.597290	2245.626465
99.000000	1358.366821	2272.815186
99.000000	1356.136353	2255.688232
99.000000	1353.904907	2269.891357
99.000000	1351.672485	2316.465088
99.000000	1349.438110	2307.971680
99.000000	1347.203735	2290.856201
99.000000	1344.968384	2358.925537
99.000000	1342.732056	2323.481689
99.000000	1340.494751	2305.301758
99.000000	1338.257446	2338.822754
99.000000	1336.018188	2336.795898
99.000000	1333.777954	2318.631104
99.000000	1331.537720	2377.916016
99.000000	1329.295532	2329.646484
99.000000	1327.053345	2366.310547
99.000000	1324.809204	2373.941162
99.000000	1322.565063	2342.910400
99.000000	1320.318970	2428.894775
99.000000	1318.072876	2463.310791
99.000000	1315.825806	2437.641846
99.000000	1313.577759	2394.841064
99.000000	1311.328735	2407.795898
99.000000	1309.078735	2390.748047
99.000000	1306.827759	2440.096191
99.000000	1304.575806	2471.209229
99.000000	1302.322876	2411.362061
99.000000	1300.069946	2406.101318
99.000000	1297.815063	2478.877197
99.000000	1295.559204	2405.207520
99.000000	1293.303345	2418.111328
99.000000	1291.045532	2405.380615
99.000000	1288.787720	2399.062744
99.000000	1286.528931	2439.687256
99.000000	1284.268188	2446.155273
99.000000	1282.007446	2416.377197
99.000000	1279.745728	2413.259277
99.000000	1277.483032	2430.378906
99.000000	1275.218384	2395.318848
99.000000	1272.953735	2361.351318
99.000000	1270.688110	2449.738037
99.000000	1268.421509	2377.496582
99.000000	1266.153931	2399.906982
99.000000	1263.886353	2363.865723
99.000000	1261.616821	2405.377686
99.000000	1259.346313	2373.608887
99.000000	1257.074829	2354.598389
99.000000	1254.803345	2313.329102
99.000000	1252.529907	2372.815430
99.000000	1250.255493	2355.946777
99.000000	1247.981079	2351.803467
99.000000	1245.704712	2369.900879
99.000000	1243.428345	2359.403320
99.000000	1241.151001	2354.204102
99.000000	1238.871704	2350.066162
99.000000	1236.592407	2318.443604
99.000000	1234.312134	2366.104248
99.000000	1232.029907	2373.584473
99.000000	1229.747681	2395.840576
99.000000	1227.464478	2360.027100
99.000000	1225.180298	2325.297363
99.000000	1222.895142	2281.104004
99.000000	1220.609009	2338.146973
99.000000	1218.321899	2348.777832
99.000000	1216.033813	2253.015869
99.000000	1213.744751	2359.482910
99.000000	1211.454712	2376.405029
99.000000	1209.163696	2352.284180
99.000000	1206.871704	2410.205322
99.000000	1204.579712	2395.549561
99.000000	1202.285767	2367.246094
99.000000	1199.990845	2326.361816
99.000000	1197.695923	2349.551270
99.000000	1195.399048	2340.189209
99.000000	1193.101196	2353.911865
99.000000	1190.803345	2324.632080
99.000000	1188.503540	2324.723145
99.000000	1186.203735	2330.052002
99.000000	1183.901978	2385.644043
99.000000	1181.600220	2416.065918
99.000000	1179.296509	2363.797363
99.000000	1176.992798	2380.604492
99.000000	1174.687134	2395.306152
99.000000	1172.381470	2404.769775
99.000000	1170.074829	2402.733398
99.000000	1167.767212	2460.219727
99.000000	1165.457642	2428.934570
99.000000	1163.148071	2420.628662
99.000000	1160.837524	2413.372070
99.000000	1158.526001	2391.525635
99.000000	1156.212524	2437.432129
99.000000	1153.899048	2457.258789
99.000000	1151.584595	2443.749268
99.000000	1149.269165	2444.821289
99.000000	1146.952759	2464.618408
99.000000	1144.635376	2449.041016
99.000000	1142.317017	2422.041260
99.000000	1139.997681	2515.595459
99.000000	1137.677368	2469.893799
99.000000	1135.356079	2501.056885
99.000000	1133.033813	2517.664795
99.000000	1130.710571	2559.154785
99.000000	1128.386353	2485.510986
99.000000	1126.061157	2465.825195
99.000000	1123.734985	2516.607910
99.000000	1121.407837	2563.205322
99.000000	1119.079712	2519.700195
99.000000	1116.750610	2537.282471
99.000000	1114.420532	2514.510010
99.000000	1112.089478	2594.114014
99.000000	1109.758423	2636.445801
99.000000	1107.425415	2619.856934
99.000000	1105.091431	2528.931152
99.000000	1102.756470	2574.331787
99.000000	1100.420532	2590.804443
99.000000	1098.083618	2619.638916
99.000000	1095.746704	2602.057129
99.000000	1093.407837	2549.452393
99.000000	1091.067993	2619.468994
99.000000	1088.727173	2631.766846
99.000000	1086.385376	2649.199707
99.000000	1084.043579	2725.258545
99.000000	1081.699829	2639.800781
99.000000	1079.355103	2663.374512
99.000000	1077.009399	2693.092773
99.000000	1074.663696	2699.162842
99.000000	1072.316040	2948.543701
99.000000	1069.967407	3735.458496
99.000000	1067.617798	5316.711426
99.000000	1065.267212	7559.037598
99.000000	1062.916626	9211.177734
99.000000	1060.564087	9126.408203
99.000000	1058.210571	7758.519043
99.000000	1055.856079	5724.337402
99.000000	1053.500610	4164.583496
99.000000	1051.145142	3512.340088
99.000000	1048.787720	3119.302734
99.000000	1046.429321	3032.158447
99.000000	1044.069946	2868.470947
99.000000	1041.709595	2827.452148
99.000000	1039.349243	2756.866943
99.000000	1036.986938	2762.859375
99.000000	1034.623657	2746.409668
99.000000	1032.259399	2721.817627
99.000000	1029.894165	2667.695068
99.000000	1027.527954	2696.120117
99.000000	1025.160767	2651.215332
99.000000	1022.793579	2640.949219
99.000000	1020.424438	2616.448975
99.000000	1018.054321	2659.081299
99.000000	1015.683228	2667.118652
99.000000	1013.311157	2620.283936
99.000000	1010.938110	2663.874756
99.000000	1008.564087	2630.276611
99.000000	1006.189087	2609.897217
99.000000	1003.813110	2611.848877
99.000000	1001.436157	2624.951172
99.000000	999.058228	2668.445557
99.000000	996.679321	2689.616211
99.000000	994.299438	2675.326904
99.000000	991.917603	2623.597900
99.000000	989.535767	2676.123291
99.000000	987.152954	2703.320557
99.000000	984.769165	2661.751953
99.000000	982.384399	2717.224854
99.000000	979.997681	2670.633545
99.000000	977.610962	2714.948730
99.000000	975.223267	2726.931152
99.000000	972.834595	2677.365479
99.000000	970.443970	2652.041992
99.000000	968.053345	2595.492432
99.000000	965.661743	2693.142334
99.000000	963.268188	2701.076660
99.000000	960.874634	2657.662598
99.000000	958.479126	2757.174316
99.000000	956.083618	2672.531982
99.000000	953.686157	2701.572754
99.000000	951.288696	2680.338379
99.000000	948.889282	2709.350342
99.000000	946.488892	2740.345215
99.000000	944.088501	2808.451904
99.000000	941.686157	2759.112793
99.000000	939.282837	2779.013916
99.000000	936.879517	2762.808838
99.000000	934.474243	2776.677979
99.000000	932.067993	2797.546143
99.000000	929.660767	2814.391357
99.000000	927.252563	2820.212891
99.000000	924.843384	2800.019531
99.000000	922.433228	2790.841553
99.000000	920.022095	2830.647461
99.000000	917.609985	2805.477295
99.000000	915.196899	2812.285400
99.000000	912.782837	2781.153320
99.000000	910.367798	2838.854248
99.000000	907.951782	2808.733154
99.000000	905.533813	2873.351562
99.000000	903.115845	2787.431152
99.000000	900.696899	2848.018066
99.000000	898.276001	2854.783203
99.000000	895.855103	2955.101807
99.000000	893.432251	2835.462402
99.000000	891.009399	2832.277100
99.000000	888.584595	2826.111816
99.000000	886.159790	2885.531006
99.000000	883.733032	2793.929932
99.000000	881.305298	2819.555908
99.000000	878.876587	2838.212891
99.000000	876.447876	2788.407959
99.000000	874.017212	2747.568359
99.000000	871.585571	2739.469482
99.000000	869.152954	2732.367676
99.000000	866.719360	2769.833984
99.000000	864.284790	2784.500732
99.000000	861.848267	2751.660889
99.000000	859.411743	2806.872070
99.000000	856.974243	2791.843994
99.000000	854.535767	2803.509521
99.000000	852.095337	2765.775391
99.000000	849.654907	2754.731201
99.000000	847.212524	2741.721680
99.000000	844.770142	2770.156494
99.000000	842.325806	2758.135986
99.000000	839.880493	2657.413330
99.000000	837.435181	2714.418457
99.000000	834.987915	2762.510742
99.000000	832.539673	2679.631836
99.000000	830.090454	2684.400146
99.000000	827.640259	2748.179688
99.000000	825.189087	2753.896484
99.000000	822.736938	2752.728516
99.000000	820.283813	2820.324951
99.000000	817.829712	2850.550293
99.000000	815.373657	2730.576904
99.000000	812.917603	2746.096680
99.000000	810.459595	2780.235352
99.000000	808.001587	2844.732666
99.000000	805.541626	2790.612549
99.000000	803.081665	2784.529785
99.000000	800.619751	2733.416748
99.000000	798.156860	2743.998535
99.000000	795.692993	2711.530273
99.000000	793.228149	2763.177002
99.000000	790.762329	2763.956787
99.000000	788.295532	2749.104248
99.000000	785.827759	2755.746826
99.000000	783.359009	2718.458496
99.000000	780.888306	2752.426514
99.000000	778.417603	2727.848389
99.000000	775.945923	2793.952637
99.000000	773.472290	2805.430908
99.000000	770.997681	2788.651611
99.000000	768.523071	2828.355713
99.000000	766.046509	2812.552734
99.000000	763.568970	2877.503662
99.000000	761.090454	2842.244385
99.000000	758.610962	2831.313232
99.000000	756.130493	2855.366211
99.000000	753.649048	2933.781006
99.000000	751.165649	2921.852051
99.000000	748.682251	2950.684814
99.000000	746.197876	2934.877441
99.000000	743.711548	2904.540771
99.000000	741.224243	2912.022461
99.000000	738.736938	2870.096191
99.000000	736.247681	2850.474121
99.000000	733.757446	2887.001709
99.000000	731.266235	2878.996582
99.000000	728.774048	2914.512207
99.000000	726.280884	2890.068848
99.000000	723.785767	2919.750732
99.000000	721.290649	2881.803955
99.000000	718.794556	2887.329102
99.000000	716.296509	2918.901855
99.000000	713.797485	2944.659668
99.000000	711.298462	2960.753662
99.000000	708.797485	2926.721191
99.000000	706.295532	2933.174805
99.000000	703.792603	2992.579590
99.000000	701.288696	2972.049316
99.000000	698.783813	3026.574707
99.000000	696.276978	3088.745850
99.000000	693.770142	3163.358398
99.000000	691.261353	3208.121582
99.000000	688.752563	3288.379883
99.000000	686.241821	3348.408936
99.000000	683.730103	3289.399170
99.000000	681.217407	3187.277344
99.000000	678.703735	3047.850830
99.000000	676.189087	3066.668457
99.000000	673.673462	3073.973877
99.000000	671.155884	2884.024902
99.000000	668.638306	2909.585693
99.000000	666.118774	2866.242188
99.000000	663.599243	2950.120361
99.000000	661.077759	2896.280518
99.000000	658.555298	2892.169922
99.000000	656.031860	2838.399658
99.000000	653.507446	2954.600342
99.000000	650.982056	2951.421875
99.000000	648.454712	3009.289551
99.000000	645.927368	3001.321777
99.000000	643.398071	3016.231934
99.000000	640.868774	2966.352539
99.000000	638.337524	2876.524170
99.000000	635.805298	2918.115723
99.000000	633.272095	2867.389160
99.000000	630.737915	2860.449219
99.000000	628.202759	2830.701416
99.000000	625.665649	2787.676758
99.000000	623.128540	2823.514893
99.000000	620.589478	2771.985107
99.000000	618.049438	2878.965332
99.000000	615.509399	2869.188232
99.000000	612.967407	2880.276367
99.000000	610.424438	2907.464844
99.000000	607.879517	2889.160156
99.000000	605.334595	2886.967285
99.000000	602.787720	2866.792725
99.000000	600.240845	2853.257324
99.000000	597.692017	2839.732666
99.000000	595.142212	2829.054688
99.000000	592.591431	2857.122559
99.000000	590.039673	2874.776855
99.000000	587.486938	2882.031250
99.000000	584.933228	2974.201904
99.000000	582.377563	2933.303223
99.000000	579.820923	3021.599365
99.000000	577.264282	2969.405273
99.000000	574.705688	3016.161621
99.000000	572.146118	2935.766846
99.000000	569.585571	2987.201416
99.000000	567.023071	2955.805420
99.000000	564.460571	3003.423828
99.000000	561.896118	3022.802490
99.000000	559.331665	3055.316895
99.000000	556.765259	3072.776611
99.000000	554.197876	3008.552734
99.000000	551.629517	3000.681641
99.000000	549.059204	3011.574463
99.000000	546.488892	3025.269531
99.000000	543.916626	3126.100342
99.000000	541.344360	3043.254639
99.000000	538.770142	3067.214844
99.000000	536.194946	3018.155762
99.000000	533.618774	3045.846191
99.000000	531.041626	3070.706299
99.000000	528.462524	3035.727051
99.000000	525.883423	3040.015137
99.000000	523.302368	3089.122803
99.000000	520.720337	3108.317139
99.000000	518.137329	3175.078369
99.000000	515.553345	3109.348877
99.000000	512.968384	3027.828125
99.000000	510.381439	3095.466553
99.000000	507.794525	3085.738770
99.000000	505.205658	3013.641846
99.000000	502.615814	2989.067139
99.000000	500.024994	3095.669434
99.000000	497.433197	292.882141
99.000000	494.839447	31.598928
99.000000	492.245697	10.218735
99.000000	489.649994	10.214289
99.000000	487.053314	8.353508
99.000000	484.455658	1.855527
99.000000	481.857025	0.000000
99.000000	479.257416	7.415647
110.000000	2681.806152	-388.126617
110.000000	2680.073730	-65.383339
110.000000	2678.340332	-22.250593
110.000000	2676.606934	-11.121513
110.000000	2674.872559	0.000000
110.000000	2673.138184	12.503192
110.000000	2671.402832	13.887707
110.000000	2669.666504	15.271276
110.000000	2667.930176	205.398087
110.000000	2666.192871	233.075134
110.000000	2664.455566	246.864487
110.000000	2662.717285	221.824997
110.000000	2660.978027	217.591537
110.000000	2659.238770	236.913727
110.000000	2657.498535	231.292908
110.000000	2655.758301	218.753296
110.000000	2654.017090	232.518997
110.000000	2652.274902	229.672409
110.000000	2650.532715	215.762939
110.000000	2648.789551	218.454407
110.000000	2647.045410	225.290421
110.000000	2645.301270	259.755249
110.000000	2643.556152	265.191162
110.000000	2641.811035	285.811310
110.000000	2640.064941	263.629272
110.000000	2638.318848	259.399567
110.000000	2636.570801	257.931335
110.000000	2634.823730	256.464050
110.000000	2633.074707	250.862610
110.000000	2631.325684	275.578613
110.000000	2629.575684	282.371094
110.000000	2627.825684	264.373840
110.000000	2626.074707	231.247635
110.000000	2624.323730	244.928177
110.000000	2622.571777	259.974792
110.000000	2620.818848	266.760681
110.000000	2619.065918	281.789307
110.000000	2617.312012	280.318237
110.000000	2615.557129	250.001740
110.000000	2613.802246	265.020447
110.000000	2612.046387	262.183777
110.000000	2610.290527	284.048889
110.000000	2608.533691	288.066223
110.000000	2606.775879	276.996735
110.000000	2605.018066	264.563995
110.000000	2603.259277	298.730804
110.000000	2601.499512	309.586517
110.000000	2599.739746	288.938934
110.000000	2597.979004	294.314758
110.000000	2596.218262	291.476196
110.000000	2594.456543	294.111359
110.000000	2592.693848	291.274689
110.000000	2590.931152	315.780182
110.000000	2589.167480	308.838226
110.000000	2587.403809	319.659851
110.000000	2585.638184	331.839539
110.000000	2583.873535	311.247772
110.000000	2582.106934	309.775269
110.000000	2580.340332	309.667908
110.000000	2578.572754	275.467957
110.000000	2576.805176	297.184113
110.000000	2575.036621	327.061646
110.000000	2573.268066	321.498993
110.000000	2571.498535	324.110992
110.000000	2569.728027	311.746399
110.000000	2567.956543	298.029449
110.000000	2566.185059	315.610962
110.000000	2564.413574	292.382599
110.000000	2562.640137	314.032074
110.000000	2560.866699	303.051025
110.000000	2559.093262	293.436066
110.000000	2557.317871	320.494476
110.000000	2555.543457	309.522430
110.000000	2553.767090	314.842926
110.000000	2551.990723	313.376617
110.000000	2550.213379	336.321686
110.000000	2548.436035	302.312836
110.000000	2546.657715	317.114471
110.000000	2544.878418	342.743439
110.000000	2543.099121	333.144104
110.000000	2541.318848	320.843842
110.000000	2539.537598	327.498260
110.000000	2537.756348	350.381897
110.000000	2535.974121	332.678833
110.000000	2534.191895	327.154999
110.000000	2532.408691	306.769470
110.000000	2530.624512	309.364014
110.000000	2528.839355	317.358521
110.000000	2527.054199	336.147278
110.000000	2525.269043	327.932465
110.000000	2523.481934	345.355133
110.000000	2521.694824	343.885559
110.000000	2519.907715	354.549774
110.000000	2518.119629	346.339722
110.000000	2516.330566	350.259674
110.000000	2514.540527	348.790100
110.000000	2512.750488	360.783539
110.000000	2510.959473	344.508057
110.000000	2509.168457	352.458618
110.000000	2507.376465	334.852539
110.000000	2505.583496	350.866638
110.000000	2503.789551	352.087128
110.000000	2501.995605	361.366913
110.000000	2500.201660	371.982971
110.000000	2498.405762	358.427826
110.000000	2496.609863	385.140717
110.000000	2494.813965	371.590302
110.000000	2493.016113	360.731323
110.000000	2491.219238	394.117615
110.000000	2489.420410	397.998901
110.000000	2487.621582	393.839813
110.000000	2485.821777	366.918518
110.000000	2484.020996	386.868774
110.000000	2482.220215	373.350494
110.000000	2480.418457	351.815460
110.000000	2478.616699	397.157013
110.000000	2476.813965	395.679932
110.000000	2475.010254	383.513580
110.000000	2473.205566	400.743561
110.000000	2471.400879	377.901093
110.000000	2469.596191	408.469360
110.000000	2467.789551	404.321655
110.000000	2465.982910	353.489502
110.000000	2464.175293	416.036499
110.000000	2462.367676	414.556183
110.000000	2460.559082	419.739349
110.000000	2458.749512	395.613983
110.000000	2456.939941	386.152832
110.000000	2455.129395	392.671356
110.000000	2453.317871	404.507599
110.000000	2451.506348	415.005249
110.000000	2449.693848	429.484344
110.000000	2447.880371	429.331848
110.000000	2446.066895	429.179382
110.000000	2444.252441	446.294250
110.000000	2442.437012	439.496704
110.000000	2440.621582	419.430786
110.000000	2438.805176	436.530579
110.000000	2436.988770	419.132507
110.000000	2435.170410	392.465424
110.000000	2433.352051	434.739349
110.000000	2431.533691	449.159027
110.000000	2429.714355	437.078735
110.000000	2427.894043	440.895050
110.000000	2426.072754	430.149628
110.000000	2424.251465	478.949707
110.000000	2422.429199	453.649658
110.000000	2420.605957	483.896637
110.000000	2418.782715	409.711578
110.000000	2416.958496	442.594788
110.000000	2415.134277	413.381226
110.000000	2413.308105	464.722748
110.000000	2411.482910	455.318390
110.000000	2409.655762	465.710022
110.000000	2407.828613	451.036530
110.000000	2406.000488	478.560577
110.000000	2404.171387	461.256989
110.000000	2402.342285	465.044189
110.000000	2400.512207	483.314819
110.000000	2398.681152	463.394836
110.000000	2396.850098	477.704803
110.000000	2395.018066	526.207886
110.000000	2393.186035	491.828094
110.000000	2391.352051	439.068726
110.000000	2389.518066	458.622864
110.000000	2387.684082	478.162903
110.000000	2385.848145	475.365021
110.000000	2384.012207	489.634033
110.000000	2382.176270	460.589417
110.000000	2380.338379	465.671021
110.000000	2378.500488	516.643616
110.000000	2376.662598	471.890533
110.000000	2374.822754	491.375977
110.000000	2372.982910	474.171051
110.000000	2371.143066	476.619324
110.000000	2369.301270	501.317383
110.000000	2367.459473	503.753906
110.000000	2365.616699	508.804504
110.000000	2363.773926	508.621307
110.000000	2361.930176	503.209961
110.000000	2360.085449	513.481201
110.000000	2358.240723	525.051025
110.000000	2356.394043	527.473022
110.000000	2354.548340	536.418884
110.000000	2352.700684	531.006653
110.000000	2350.853027	494.297089
110.000000	2349.004395	528.015991
110.000000	2347.154785	504.366486
110.000000	2345.305176	498.973145
110.000000	2343.454590	519.630188
110.000000	2341.604004	497.310791
110.000000	2339.751465	520.556091
110.000000	2337.898926	532.076172
110.000000	2336.046387	548.789551
110.000000	2334.191895	534.291260
110.000000	2332.337402	544.493958
110.000000	2330.481934	541.698792
110.000000	2328.626465	541.502686
110.000000	2326.770020	521.835083
110.000000	2324.912598	528.134155
110.000000	2323.054199	555.183044
110.000000	2321.195801	542.014954
110.000000	2319.336426	537.929749
110.000000	2317.477051	536.438904
110.000000	2315.616699	560.854553
110.000000	2313.755371	532.165222
110.000000	2311.893066	566.919128
110.000000	2310.030762	544.717529
110.000000	2308.167480	615.656433
110.000000	2306.303223	553.372314
110.000000	2304.437988	554.463684
110.000000	2302.572754	581.393799
110.000000	2300.707520	582.473877
110.000000	2298.840332	575.806763
110.000000	2296.973145	567.853821
110.000000	2295.104980	580.548157
110.000000	2293.235840	570.019714
110.000000	2291.366699	613.643860
110.000000	2289.496582	595.378540
110.000000	2287.625488	556.514709
110.000000	2285.754395	556.311890
110.000000	2283.882324	592.153137
110.000000	2282.009277	591.937195
110.000000	2280.136230	611.016541
110.000000	2278.261230	606.935913
110.000000	2276.387207	607.999817
110.000000	2274.511230	585.933777
110.000000	2272.635254	604.986877
110.000000	2270.758301	606.049866
110.000000	2268.880371	630.215576
110.000000	2267.002441	621.003784
110.000000	2265.123535	631.037476
110.000000	2263.243652	609.010559
110.000000	2261.362793	594.689514
110.000000	2259.481934	638.032349
110.000000	2257.600098	627.553040
110.000000	2255.718262	641.406006
110.000000	2253.834473	627.093506
110.000000	2251.950684	658.846619
110.000000	2250.065918	670.114807
110.000000	2248.181152	664.755676
110.000000	2246.295410	621.063049
110.000000	2244.408691	638.719421
110.000000	2242.520996	623.161438
110.000000	2240.633301	630.591797
110.000000	2238.744629	636.740479
110.000000	2236.854980	647.986816
110.000000	2234.965332	651.574097
110.000000	2233.074707	639.863098
110.000000	2231.183105	671.481934
110.000000	2229.290527	621.561157
110.000000	2227.397949	679.900879
110.000000	2225.504395	684.741882
110.000000	2223.610840	661.588806
110.000000	2221.715332	676.607178
110.000000	2219.819824	682.714905
110.000000	2217.923340	671.025574
110.000000	2216.026855	679.671387
110.000000	2214.128418	713.709534
110.000000	2212.229980	661.397949
110.000000	2210.331543	672.575256
110.000000	2208.431152	652.030640
110.000000	2206.530762	682.223938
110.000000	2204.629395	723.803284
110.000000	2202.728027	691.857788
110.000000	2200.824707	647.268921
110.000000	2198.921387	659.692017
110.000000	2197.018066	679.700134
110.000000	2195.112793	666.796387
110.000000	2193.207520	685.522034
110.000000	2191.301270	689.061707
110.000000	2189.395020	706.501038
110.000000	2187.486816	691.079041
110.000000	2185.578613	707.241516
110.000000	2183.669434	723.391907
110.000000	2181.760254	728.172119
110.000000	2179.850098	753.133179
110.000000	2177.938965	727.633057
110.000000	2176.026855	721.060608
110.000000	2174.114746	729.614319
110.000000	2172.201660	690.294434
110.000000	2170.287598	697.593750
110.000000	2168.372559	731.320740
110.000000	2166.457520	719.725159
110.000000	2164.541504	704.364624
110.000000	2162.624512	738.051086
110.000000	2160.706543	732.749695
110.000000	2158.788574	753.836304
110.000000	2156.869629	740.997070
110.000000	2154.950684	763.320129
110.000000	2153.029785	745.466553
110.000000	2151.108887	752.716675
110.000000	2149.187012	763.723389
110.000000	2147.265137	738.367493
110.000000	2145.341309	746.864746
110.000000	2143.417480	754.102844
110.000000	2141.492676	755.074341
110.000000	2139.567871	756.044983
110.000000	2137.642090	794.552673
110.000000	2135.714355	793.005920
110.000000	2133.787598	798.962158
110.000000	2131.858887	761.168457
110.000000	2129.930176	787.122131
110.000000	2128.000488	765.596741
110.000000	2126.069824	759.068848
110.000000	2124.139160	789.985779
110.000000	2122.207520	782.205750
110.000000	2120.274902	783.160889
110.000000	2118.341309	851.431824
110.000000	2116.407715	777.591553
110.000000	2114.473145	757.370300
110.000000	2112.537598	793.198425
110.000000	2110.601074	855.139160
110.000000	2108.664551	831.178223
110.000000	2106.727051	845.793152
110.000000	2104.788574	825.583252
110.000000	2102.849121	826.517273
110.000000	2100.909668	844.844238
110.000000	2098.969238	814.721130
110.000000	2097.027832	870.283020
110.000000	2095.086426	840.172546
110.000000	2093.143066	860.947327
110.000000	2091.199707	839.543152
110.000000	2089.256348	849.145508
110.000000	2087.311035	833.957214
110.000000	2085.365723	884.431152
110.000000	2083.419434	879.146484
110.000000	2081.472168	866.438904
110.000000	2079.523926	895.809082
110.000000	2077.575684	871.972839
110.000000	2075.626465	848.154297
110.000000	2073.676270	879.969482
110.000000	2071.726074	854.929932
110.000000	2069.773926	857.078674
110.000000	2067.821777	881.446899
110.000000	2065.869629	892.222046
110.000000	2063.915527	885.718567
110.000000	2061.961426	905.115417
110.000000	2060.006348	865.329651
110.000000	2058.050293	861.307434
110.000000	2056.093262	905.325684
110.000000	2054.136230	840.958679
110.000000	2052.178223	897.259094
110.000000	2050.219238	895.690735
110.000000	2048.260254	910.111816
110.000000	2046.299438	859.362671
110.000000	2044.338501	840.604370
110.000000	2042.376587	877.142090
110.000000	2040.414673	912.424072
110.000000	2038.451782	919.445190
110.000000	2036.486938	947.321533
110.000000	2034.523071	886.858704
110.000000	2032.557251	939.249329
110.000000	2030.591431	943.797424
110.000000	2028.623657	967.945862
110.000000	2026.655884	959.006653
110.000000	2024.688110	951.298279
110.000000	2022.718384	968.072632
110.000000	2020.748657	915.100525
110.000000	2018.777954	950.219482
110.000000	2016.806274	948.637512
110.000000	2014.834595	950.722534
110.000000	2012.861938	957.691956
110.000000	2010.888306	948.781799
110.000000	2008.913696	972.834900
110.000000	2006.938110	960.264832
110.000000	2004.962524	995.272156
110.000000	2002.985962	1000.991150
110.000000	2001.008423	981.111328
110.000000	1999.029907	952.718201
110.000000	1997.051392	992.545837
110.000000	1995.071899	984.864990
110.000000	1993.091431	1006.395935
110.000000	1991.109985	1013.312683
110.000000	1989.128540	1025.088013
110.000000	1987.145142	1049.009521
110.000000	1985.161743	1035.245239
110.000000	1983.178345	1004.486572
110.000000	1981.192993	1023.531250
110.000000	1979.207642	1086.254150
110.000000	1977.221313	1089.480957
110.000000	1975.234009	1047.832397
110.000000	1973.245728	1058.344604
110.000000	1971.257446	1067.636719
110.000000	1969.268188	1038.157104
110.000000	1967.277954	1048.660278
110.000000	1965.286743	1030.104004
110.000000	1963.294556	1046.651733
110.000000	1961.302368	1038.995850
110.000000	1959.309204	1044.645264
110.000000	1957.315063	1088.966064
110.000000	1955.319946	1084.926514
110.000000	1953.324829	1070.020386
110.000000	1951.328735	1092.549805
110.000000	1949.331665	1043.861938
110.000000	1947.333618	1077.240479
110.000000	1945.334595	1078.035156
110.000000	1943.335571	1119.812378
110.000000	1941.335571	1065.162720
110.000000	1939.334595	1131.001953
110.000000	1937.332642	1128.161865
110.000000	1935.330688	1119.305786
110.000000	1933.327759	1120.081055
110.000000	1931.323853	1125.666016
110.000000	1929.318970	1125.235596
110.000000	1927.313110	1116.393188
110.000000	1925.307251	1139.991089
110.000000	1923.300415	1137.153198
110.000000	1921.292603	1173.928345
110.000000	1919.283813	1183.077881
110.000000	1917.274048	1129.850464
110.000000	1915.264282	1143.805176
110.000000	1913.253540	1192.505371
110.000000	1911.241821	1169.285645
110.000000	1909.229126	1180.813110
110.000000	1907.216431	1183.951782
110.000000	1905.202759	1196.661011
110.000000	1903.188110	1165.100708
110.000000	1901.172485	1190.959961
110.000000	1899.155884	1195.284058
110.000000	1897.139282	1231.864746
110.000000	1895.120728	1212.281860
110.000000	1893.102173	1195.101562
110.000000	1891.083618	1226.865601
110.000000	1889.063110	1208.499390
110.000000	1887.042603	1256.928711
110.000000	1885.020142	1258.829712
110.000000	1882.997681	1279.794678
110.000000	1880.975220	1268.582031
110.000000	1878.950806	1289.526611
110.000000	1876.926392	1267.606079
110.000000	1874.900024	1312.329956
110.000000	1872.873657	1257.115845
110.000000	1870.847290	1314.886230
110.000000	1868.818970	1276.350708
110.000000	1866.790649	1311.497559
110.000000	1864.760376	1300.304810
110.000000	1862.730103	1291.494385
110.000000	1860.699829	1300.489136
110.000000	1858.667603	1343.874146
110.000000	1856.635376	1340.984497
110.000000	1854.601196	1345.208008
110.000000	1852.567017	1310.331177
110.000000	1850.532837	1358.381348
110.000000	1848.496704	1334.180298
110.000000	1846.460571	1370.349854
110.000000	1844.422485	1388.747314
110.000000	1842.384399	1366.926392
110.000000	1840.345337	1374.672241
110.000000	1838.306274	1346.965332
110.000000	1836.265259	1463.372803
110.000000	1834.224243	1394.330078
110.000000	1832.182251	1417.394409
110.000000	1830.139282	1392.071899
110.000000	1828.095337	1406.863647
110.000000	1826.051392	1373.312500
110.000000	1824.006470	1373.959229
110.000000	1821.959595	1414.653687
110.000000	1819.913696	1405.863647
110.000000	1817.865845	1438.274658
110.000000	1815.817017	1381.244019
110.000000	1813.768188	1410.110474
110.000000	1811.718384	1409.563843
110.000000	1809.667603	1423.119263
110.000000	1807.615845	1421.392578
110.000000	1805.563110	1406.750244
110.000000	1803.510376	1374.511963
110.000000	1801.455688	1454.938843
110.000000	1799.401001	1449.682495
110.000000	1797.346313	1454.981812
110.000000	1795.289673	1447.384888
110.000000	1793.232056	1460.880859
110.000000	1791.174438	1464.997437
110.000000	1789.115845	1497.205078
110.000000	1787.056274	1432.264893
110.000000	1784.995728	1434.047363
110.000000	1782.934204	1488.443970
110.000000	1780.872681	1499.552856
110.000000	1778.810181	1522.336182
110.000000	1776.745728	1482.035889
110.000000	1774.682251	1504.807495
110.000000	1772.616821	1538.063721
110.000000	1770.550415	1530.465576
110.000000	1768.484009	1534.533691
110.000000	1766.416626	1489.642944
110.000000	1764.348267	1557.806274
110.000000	1762.278931	1531.575806
110.000000	1760.208618	1498.379883
110.000000	1758.137329	1580.424683
110.000000	1756.066040	1520.478149
110.000000	1753.993774	1544.305542
110.000000	1751.920532	1589.037598
110.000000	1749.846313	1544.262329
110.000000	1747.771118	1521.590698
110.000000	1745.695923	1527.962891
110.000000	1743.619751	1564.505737
110.000000	1741.541626	1512.847534
110.000000	1739.463501	1555.165649
110.000000	1737.385376	1549.920776
110.000000	1735.305298	1565.538086
110.000000	1733.225220	1542.917480
110.000000	1731.143188	1570.103516
110.000000	1729.061157	1593.795532
110.000000	1726.978149	1622.096680
110.000000	1724.894165	1621.461914
110.000000	1722.810181	1634.700195
110.000000	1720.724243	1561.255493
110.000000	1718.638306	1583.747681
110.000000	1716.551392	1611.995483
110.000000	1714.463501	1625.215210
110.000000	1712.374634	1603.809570
110.000000	1710.284790	1630.861816
110.000000	1708.194946	1626.763672
110.000000	1706.103149	1667.614502
110.000000	1704.011353	1701.520752
110.000000	1701.918579	1680.125244
110.000000	1699.824829	1652.990479
110.000000	1697.730103	1692.614746
110.000000	1695.635376	1704.602539
110.000000	1693.538696	1659.092896
110.000000	1691.442017	1633.156738
110.000000	1689.344360	1725.572021
110.000000	1687.245728	1747.861938
110.000000	1685.146118	1772.429932
110.000000	1683.046509	1687.966064
110.000000	1680.944946	1704.508057
110.000000	1678.843384	1749.701538
110.000000	1676.740845	1754.744019
110.000000	1674.637329	1750.616699
110.000000	1672.532837	1728.168213
110.000000	1670.427368	1777.858765
110.000000	1668.321899	1734.818359
110.000000	1666.214478	1790.185791
110.000000	1664.107056	1770.042358
110.000000	1661.998657	1796.776733
110.000000	1659.889282	1831.487427
110.000000	1657.778931	1764.524658
110.000000	1655.667603	1825.477417
110.000000	1653.556274	1813.345825
110.000000	1651.442993	1794.379028
110.000000	1649.329712	1792.530884
110.000000	1647.215454	1811.200928
110.000000	1645.100220	1774.025879
110.000000	1642.984009	1832.550415
110.000000	1640.867798	1850.042725
110.000000	1638.749634	1849.312256
110.000000	1636.631470	1813.316528
110.000000	1634.512329	1850.125854
110.000000	1632.392212	1883.495483
110.000000	1630.271118	1807.759277
110.000000	1628.149048	1801.365723
110.000000	1626.026001	1821.089600
110.000000	1623.902954	1781.783081
110.000000	1621.777954	1812.842773
110.000000	1619.652954	1824.599487
110.000000	1617.526978	1749.063354
110.000000	1615.400024	1823.155518
110.000000	1613.272095	1842.821533
110.000000	1611.143188	1877.190063
110.000000	1609.014282	1908.135620
110.000000	1606.884399	1887.016235
110.000000	1604.752563	1821.809814
110.000000	1602.620728	1886.651489
110.000000	1600.487915	1839.575195
110.000000	1598.354126	1872.731201
110.000000	1596.219360	1890.053589
110.000000	1594.084595	1897.204224
110.000000	1591.947876	1925.783936
110.000000	1589.811157	1861.867310
110.000000	1587.673462	1864.510132
110.000000	1585.534790	1863.770020
110.000000	1583.395142	1868.661865
110.000000	1581.254517	1896.067993
110.000000	1579.112915	1933.581177
110.000000	1576.971313	1901.311890
110.000000	1574.827759	1914.051392
110.000000	1572.684204	1917.787109
110.000000	1570.539673	1960.848755
110.000000	1568.394165	1871.332397
110.000000	1566.247681	1954.798218
110.000000	1564.100220	1924.839355
110.000000	1561.951782	1906.122803
110.000000	1559.803345	1946.858276
110.000000	1557.652954	1951.688354
110.000000	1555.502563	1925.138184
110.000000	1553.351196	1987.098389
110.000000	1551.198853	1980.708496
110.000000	1549.045532	1984.396240
110.000000	1546.891235	2056.326416
110.000000	1544.735962	2011.891602
110.000000	1542.580688	1999.910645
110.000000	1540.423462	1975.646729
110.000000	1538.266235	1977.092773
110.000000	1536.108032	1987.469727
110.000000	1533.948853	1994.489380
110.000000	1531.788696	1981.421143
110.000000	1529.627563	2015.202026
110.000000	1527.465454	2071.250977
110.000000	1525.302368	2042.565552
110.000000	1523.139282	2085.191162
110.000000	1520.974243	2033.140015
110.000000	1518.809204	2026.762573
110.000000	1516.643188	2033.740356
110.000000	1514.476196	2106.326172
110.000000	1512.308228	2042.119507
110.000000	1510.139282	2072.416748
110.000000	1507.969360	2074.920166
110.000000	1505.799438	2110.730713
110.000000	1503.627563	2112.105957
110.000000	1501.455688	2161.185303
110.000000	1499.281860	2114.851318
110.000000	1497.108032	2142.826660
110.000000	1494.933228	2126.455078
110.000000	1492.757446	2114.526611
110.000000	1490.580688	2062.747314
110.000000	1488.403931	2111.725586
110.000000	1486.225220	2114.197998
110.000000	1484.045532	2066.903076
110.000000	1481.865845	2163.353271
110.000000	1479.685181	2191.215576
110.000000	1477.502563	2114.122070
110.000000	1475.319946	2143.084961
110.000000	1473.136353	2136.706543
110.000000	1470.951782	2080.687500
110.000000	1468.766235	2104.113281
110.000000	1466.580688	2149.566650
110.000000	1464.393188	2109.034912
110.000000	1462.205688	2144.535645
110.000000	1460.016235	2160.188965
110.000000	1457.826782	2156.019043
110.000000	1455.636353	2106.746826
110.000000	1453.444946	2152.086426
110.000000	1451.251587	2156.717285
110.000000	1449.059204	2158.047363
110.000000	1446.864868	2123.129883
110.000000	1444.669556	2157.408936
110.000000	1442.473267	2205.927002
110.000000	1440.276978	2199.553711
110.000000	1438.078735	2232.662354
110.000000	1435.880493	2162.705811
110.000000	1433.681274	2154.164551
110.000000	1431.480103	2224.489014
110.000000	1429.278931	2198.411621
110.000000	1427.076782	2158.127686
110.000000	1424.873657	2182.418213
110.000000	1422.670532	2223.091309
110.000000	1420.465454	2198.147461
110.000000	1418.259399	2244.243408
110.000000	1416.053345	2232.416016
110.000000	1413.845337	2339.597412
110.000000	1411.637329	2370.300537
110.000000	1409.428345	2364.980225
110.000000	1407.217407	2355.302002
110.000000	1405.006470	2389.229980
110.000000	1402.794556	2367.563477
110.000000	1400.581665	2301.260986
110.000000	1398.367798	2318.838135
110.000000	1396.153931	2229.755371
110.000000	1393.938110	2237.556152
110.000000	1391.721313	2217.079102
110.000000	1389.504517	2199.878906
110.000000	1387.285767	2182.692139
110.000000	1385.067017	2185.066895
110.000000	1382.847290	2195.038574
110.000000	1380.625610	2145.318604
110.000000	1378.403931	2229.056641
110.000000	1376.181274	2269.355713
110.000000	1373.957642	2306.370361
110.000000	1371.733032	2243.683350
110.000000	1369.507446	2261.184082
110.000000	1367.281860	2223.462646
110.000000	1365.054321	2263.679688
110.000000	1362.825806	2235.721191
110.000000	1360.597290	2228.327393
110.000000	1358.366821	2282.541748
110.000000	1356.136353	2238.403320
110.000000	1353.904907	2282.849609
110.000000	1351.672485	2305.670654
110.000000	1349.438110	2276.680908
110.000000	1347.203735	2313.506104
110.000000	1344.968384	2284.535400
110.000000	1342.732056	2304.083496
110.000000	1340.494751	2316.074219
110.000000	1338.257446	2328.054688
110.000000	1336.018188	2310.963135
110.000000	1333.777954	2305.719971
110.000000	1331.537720	2399.425781
110.000000	1329.295532	2457.578125
110.000000	1327.053345	2429.713135
110.000000	1324.809204	2367.496094
110.000000	1322.565063	2346.131592
110.000000	1320.318970	2413.868408
110.000000	1318.072876	2398.938477
110.000000	1315.825806	2444.076416
110.000000	1313.577759	2399.129150
110.000000	1311.328735	2366.005127
110.000000	1309.078735	2367.183350
110.000000	1306.827759	2447.591064
110.000000	1304.575806	2425.188477
110.000000	1302.322876	2413.501709
110.000000	1300.069946	2437.113281
110.000000	1297.815063	2399.775391
110.000000	1295.559204	2344.302734
110.000000	1293.303345	2408.498535
110.000000	1291.045532	2417.124512
110.000000	1288.787720	2410.802002
110.000000	1286.528931	2445.020996
110.000000	1284.268188	2386.440918
110.000000	1282.007446	2455.815430
110.000000	1279.745728	2364.248291
110.000000	1277.483032	2396.298096
110.000000	1275.218384	2403.835693
110.000000	1272.953735	2407.109863
110.000000	1270.688110	2394.424805
110.000000	1268.421509	2404.078613
110.000000	1266.153931	2422.226807
110.000000	1263.886353	2387.238770
110.000000	1261.616821	2388.386230
110.000000	1259.346313	2377.854980
110.000000	1257.074829	2367.331787
110.000000	1254.803345	2396.061523
110.000000	1252.529907	2337.827637
110.000000	1250.255493	2347.468262
110.000000	1247.981079	2338.031738
110.000000	1245.704712	2367.782959
110.000000	1243.428345	2372.105469
110.000000	1241.151001	2361.610596
110.000000	1238.871704	2368.045898
110.000000	1236.592407	2385.047363
110.000000	1234.312134	2347.082520
110.000000	1232.029907	2384.147949
110.000000	1229.747681	2395.840576
110.000000	1227.464478	2401.190186
110.000000	1225.180298	2378.049072
110.000000	1222.895142	2390.782715
110.000000	1220.609009	2304.413574
110.000000	1218.321899	2314.004395
110.000000	1216.033813	2382.572021
110.000000	1213.744751	2387.910400
110.000000	1211.454712	2361.670898
110.000000	1209.163696	2374.376221
110.000000	1206.871704	2315.563721
110.000000	1204.579712	2319.867432
110.000000	1202.285767	2404.020996
110.000000	1199.990845	2298.004395
110.000000	1197.695923	2323.305176
110.000000	1195.399048	2347.535156
110.000000	1193.101196	2343.422119
110.000000	1190.803345	2361.331299
110.000000	1188.503540	2306.905273
110.000000	1186.203735	2395.008545
110.000000	1183.901978	2347.942871
110.000000	1181.600220	2386.754883
110.000000	1179.296509	2416.116943
110.000000	1176.992798	2405.707520
110.000000	1174.687134	2433.990723
110.000000	1172.381470	2323.252197
110.000000	1170.074829	2364.080811
110.000000	1167.767212	2398.609863
110.000000	1165.457642	2399.708008
110.000000	1163.148071	2403.934814
110.000000	1160.837524	2392.513184
110.000000	1158.526001	2416.546143
110.000000	1156.212524	2389.496338
110.000000	1153.899048	2409.342773
110.000000	1151.584595	2443.749268
110.000000	1149.269165	2466.677979
110.000000	1146.952759	2467.739502
110.000000	1144.635376	2416.802979
110.000000	1142.317017	2411.646240
110.000000	1139.997681	2519.751953
110.000000	1137.677368	2481.318848
110.000000	1135.356079	2525.974121
110.000000	1133.033813	2475.115479
110.000000	1130.710571	2538.407471
110.000000	1128.386353	2517.655518
110.000000	1126.061157	2488.628174
110.000000	1123.734985	2542.509521
110.000000	1121.407837	2515.565918
110.000000	1119.079712	2531.087402
110.000000	1116.750610	2575.569336
110.000000	1114.420532	2541.403076
110.000000	1112.089478	2466.941406
110.000000	1109.758423	2534.129639
110.000000	1107.425415	2578.534180
110.000000	1105.091431	2666.271973
110.000000	1102.756470	2540.269043
110.000000	1100.420532	2567.073486
110.000000	1098.083618	2589.729736
110.000000	1095.746704	2578.345703
110.000000	1093.407837	2606.129639
110.000000	1091.067993	2629.769531
110.000000	1088.727173	2634.855713
110.000000	1086.385376	2638.907715
110.000000	1084.043579	2601.803955
110.000000	1081.699829	2639.800781
110.000000	1079.355103	2623.285156
110.000000	1077.009399	2645.827637
110.000000	1074.663696	2736.137695
110.000000	1072.316040	2957.783691
110.000000	1069.967407	3741.615723
110.000000	1067.617798	5313.633789
110.000000	1065.267212	7488.286621
110.000000	1062.916626	9164.030273
110.000000	1060.564087	9061.863281
110.000000	1058.210571	7775.928711
110.000000	1055.856079	5768.354980
110.000000	1053.500610	4142.072266
110.000000	1051.145142	3456.085449
110.000000	1048.787720	3171.444580
110.000000	1046.429321	3043.400146
110.000000	1044.069946	2933.849121
110.000000	1041.709595	2890.760986
110.000000	1039.349243	2818.107910
110.000000	1036.986938	2728.170410
110.000000	1034.623657	2704.596436
110.000000	1032.259399	2683.080078
110.000000	1029.894165	2660.562256
110.000000	1027.527954	2704.268555
110.000000	1025.160767	2617.616943
110.000000	1022.793579	2623.648193
110.000000	1020.424438	2669.347656
110.000000	1018.054321	2634.676758
110.000000	1015.683228	2586.820312
110.000000	1013.311157	2553.227539
110.000000	1010.938110	2616.142334
110.000000	1008.564087	2682.049561
110.000000	1006.189087	2594.676025
110.000000	1003.813110	2592.576904
110.000000	1001.436157	2706.062012
110.000000	999.058228	2624.866699
110.000000	996.679321	2638.964355
110.000000	994.299438	2621.658447
110.000000	991.917603	2614.488037
110.000000	989.535767	2666.005615
110.000000	987.152954	2647.696777
110.000000	984.769165	2672.872070
110.000000	982.384399	2694.993896
110.000000	979.997681	2671.643555
110.000000	977.610962	2708.890869
110.000000	975.223267	2692.617432
110.000000	972.834595	2655.171875
110.000000	970.443970	2685.318604
110.000000	968.053345	2688.224609
110.000000	965.661743	2669.968994
110.000000	963.268188	2705.105225
110.000000	960.874634	2726.117432
110.000000	958.479126	2683.716553
110.000000	956.083618	2738.917725
110.000000	953.686157	2695.540283
110.000000	951.288696	2735.613525
110.000000	948.889282	2730.446533
110.000000	946.488892	2754.403564
110.000000	944.088501	2764.287598
110.000000	941.686157	2814.294922
110.000000	939.282837	2740.904053
110.000000	936.879517	2810.927490
110.000000	934.474243	2846.821533
110.000000	932.067993	2714.411133
110.000000	929.660767	2804.379395
110.000000	927.252563	2843.230957
110.000000	924.843384	2840.033936
110.000000	922.433228	2794.841309
110.000000	920.022095	2791.666016
110.000000	917.609985	2800.481689
110.000000	915.196899	2739.381592
110.000000	912.782837	2817.090576
110.000000	910.367798	2843.843506
110.000000	907.951782	2841.647949
110.000000	905.533813	2835.465576
110.000000	903.115845	2859.184814
110.000000	900.696899	2792.233154
110.000000	898.276001	2871.710693
110.000000	895.855103	2862.537109
110.000000	893.432251	2862.324463
110.000000	891.009399	2774.597412
110.000000	888.584595	2821.141357
110.000000	886.159790	2806.039795
110.000000	883.733032	2792.936768
110.000000	881.305298	2820.548828
110.000000	878.876587	2796.532959
110.000000	876.447876	2751.705322
110.000000	874.017212	2789.213135
110.000000	871.585571	2774.158936
110.000000	869.152954	2765.061035
110.000000	866.719360	2906.493652
110.000000	864.284790	2790.439941
110.000000	861.848267	2757.597656
110.000000	859.411743	2815.773193
110.000000	856.974243	2767.128662
110.000000	854.535767	2706.666260
110.000000	852.095337	2761.824219
110.000000	849.654907	2754.731201
110.000000	847.212524	2809.820557
110.000000	844.770142	2755.358643
110.000000	842.325806	2770.955566
110.000000	839.880493	2743.168213
110.000000	837.435181	2740.035400
110.000000	834.987915	2759.556396
110.000000	832.539673	2682.585205
110.000000	830.090454	2783.785889
110.000000	827.640259	2706.868408
110.000000	825.189087	2705.720459
110.000000	822.736938	2802.849365
110.000000	820.283813	2706.372559
110.000000	817.829712	2738.609863
110.000000	815.373657	2762.967041
110.000000	812.917603	2712.739258
110.000000	810.459595	2719.433105
110.000000	808.001587	2799.640381
110.000000	805.541626	2806.290039
110.000000	803.081665	2768.858887
110.000000	800.619751	2755.934326
110.000000	798.156860	2795.864258
110.000000	795.692993	2717.399414
110.000000	793.228149	2748.510498
110.000000	790.762329	2742.455078
110.000000	788.295532	2741.288574
110.000000	785.827759	2790.901855
110.000000	783.359009	2712.601807
110.000000	780.888306	2789.502930
110.000000	778.417603	2746.378662
110.000000	775.945923	2786.153809
110.000000	773.472290	2789.839600
110.000000	770.997681	2782.807373
110.000000	768.523071	2841.012695
110.000000	766.046509	2769.731934
110.000000	763.568970	2864.857422
110.000000	761.090454	2822.796875
110.000000	758.610962	2836.173096
110.000000	756.130493	2857.309326
110.000000	753.649048	2876.484619
110.000000	751.165649	2998.538330
110.000000	748.682251	2937.100586
110.000000	746.197876	2940.696777
110.000000	743.711548	2875.456543
110.000000	741.224243	2881.981689
110.000000	738.736938	2949.525146
110.000000	736.247681	2896.949219
110.000000	733.757446	2897.647705
110.000000	731.266235	2926.399414
110.000000	728.774048	2930.950928
110.000000	726.280884	2914.233154
110.000000	723.785767	2905.258301
110.000000	721.290649	2943.612061
110.000000	718.794556	2915.323975
110.000000	716.296509	2992.236328
110.000000	713.797485	2975.524170
110.000000	711.298462	2989.676758
110.000000	708.797485	2968.159912
110.000000	706.295532	2928.358398
110.000000	703.792603	3022.428467
110.000000	701.288696	2933.551270
110.000000	698.783813	3008.295898
110.000000	696.276978	3085.860840
110.000000	693.770142	3134.521973
110.000000	691.261353	3214.847168
110.000000	688.752563	3294.142090
110.000000	686.241821	3342.649170
110.000000	683.730103	3346.013672
110.000000	681.217407	3154.666016
110.000000	678.703735	3064.149658
110.000000	676.189087	2973.709961
110.000000	673.673462	3002.129639
110.000000	671.155884	2968.285889
110.000000	668.638306	2969.883057
110.000000	666.118774	2882.505859
110.000000	663.599243	2911.869141
110.000000	661.077759	2947.897461
110.000000	658.555298	2905.546387
110.000000	656.031860	2937.724609
110.000000	653.507446	2898.276611
110.000000	650.982056	2916.115479
110.000000	648.454712	3008.335693
110.000000	645.927368	3065.199951
110.000000	643.398071	2999.078125
110.000000	640.868774	3002.551025
110.000000	638.337524	2953.650391
110.000000	635.805298	2907.646240
110.000000	633.272095	2847.410645
110.000000	630.737915	2855.694336
110.000000	628.202759	2860.167969
110.000000	625.665649	2851.335205
110.000000	623.128540	2798.822266
110.000000	620.589478	2816.602783
110.000000	618.049438	2799.257812
110.000000	615.509399	2868.239746
110.000000	612.967407	2918.199707
110.000000	610.424438	2882.825195
110.000000	607.879517	2825.693359
110.000000	605.334595	2814.059326
110.000000	602.787720	2839.345703
110.000000	600.240845	2880.692383
110.000000	597.692017	2836.895752
110.000000	595.142212	2844.178223
110.000000	592.591431	2872.239746
110.000000	590.039673	2825.667725
110.000000	587.486938	2896.191406
110.000000	584.933228	2939.289062
110.000000	582.377563	2890.859863
110.000000	579.820923	2953.719238
110.000000	577.264282	2962.808594
110.000000	574.705688	2905.010010
110.000000	572.146118	2923.526611
110.000000	569.585571	2954.261230
110.000000	567.023071	2952.983154
110.000000	564.460571	2962.989502
110.000000	561.896118	2969.226807
110.000000	559.331665	2963.244141
110.000000	556.765259	3045.542236
110.000000	554.197876	3027.326904
110.000000	551.629517	3029.769043
110.000000	549.059204	3031.270264
110.000000	546.488892	3079.643799
110.000000	543.916626	3023.958496
110.000000	541.344360	2985.180908
110.000000	538.770142	3000.739746
110.000000	536.194946	3003.182129
110.000000	533.618774	3038.362549
110.000000	531.041626	3065.096191
110.000000	528.462524	3084.328613
110.000000	525.883423	3082.990234
110.000000	523.302368	3107.799561
110.000000	520.720337	3079.380859
110.000000	518.137329	3138.690430
110.000000	515.553345	3072.976807
110.000000	512.968384	3090.286377
110.000000	510.381439	3017.194580
110.000000	507.794525	3152.799805
110.000000	505.205658	3062.984863
110.000000	502.615814	3118.419434
110.000000	500.024994	3125.435547
110.000000	497.433197	297.531067
110.000000	494.839447	34.387070
110.000000	492.245697	9.289759
110.000000	489.649994	8.357145
110.000000	487.053314	13.922514
110.000000	484.455658	3.711054
110.000000	481.857025	10.200956
110.000000	479.257416	12.977382
121.000000	2681.806152	-389.517761
121.000000	2680.073730	-79.294685
121.000000	2678.340332	-27.813240
121.000000	2676.606934	-6.950946
121.000000	2674.872559	4.169149
121.000000	2673.138184	4.167730
121.000000	2671.402832	12.498936
121.000000	2669.666504	12.494680
121.000000	2667.930176	184.580719
121.000000	2666.192871	231.687790
121.000000	2664.455566	237.156326
121.000000	2662.717285	219.052185
121.000000	2660.978027	256.397675
121.000000	2659.238770	252.153793
121.000000	2657.498535	224.367981
121.000000	2655.758301	236.751999
121.000000	2654.017090	238.055161
121.000000	2652.274902	232.439545
121.000000	2650.532715	218.529129
121.000000	2648.789551	236.428497
121.000000	2647.045410	240.494080
121.000000	2645.301270	261.136932
121.000000	2643.556152	232.042252
121.000000	2641.811035	230.582062
121.000000	2640.064941	259.488495
121.000000	2638.318848	242.842163
121.000000	2636.570801	238.620972
121.000000	2634.823730	245.433350
121.000000	2633.074707	260.511169
121.000000	2631.325684	249.398636
121.000000	2629.575684	269.974335
121.000000	2627.825684	261.619934
121.000000	2626.074707	276.671295
121.000000	2624.323730	242.176178
121.000000	2622.571777	265.476898
121.000000	2620.818848	273.635956
121.000000	2619.065918	265.294312
121.000000	2617.312012	255.584274
121.000000	2615.557129	241.759933
121.000000	2613.802246	260.900970
121.000000	2612.046387	266.301849
121.000000	2610.290527	259.348999
121.000000	2608.533691	268.861816
121.000000	2606.775879	283.853088
121.000000	2605.018066	248.114410
121.000000	2603.259277	268.583679
121.000000	2601.499512	263.011566
121.000000	2599.739746	279.353271
121.000000	2597.979004	269.674438
121.000000	2596.218262	247.686340
121.000000	2594.456543	254.440521
121.000000	2592.693848	287.172241
121.000000	2590.931152	244.695465
121.000000	2589.167480	276.041229
121.000000	2587.403809	303.267059
121.000000	2585.638184	288.140503
121.000000	2583.873535	289.405823
121.000000	2582.106934	304.316681
121.000000	2580.340332	300.118683
121.000000	2578.572754	298.650909
121.000000	2576.805176	314.906097
121.000000	2575.036621	271.188629
121.000000	2573.268066	288.804199
121.000000	2571.498535	318.663757
121.000000	2569.728027	321.275757
121.000000	2567.956543	288.503387
121.000000	2566.185059	284.321930
121.000000	2564.413574	330.460358
121.000000	2562.640137	294.999817
121.000000	2560.866699	313.922821
121.000000	2559.093262	293.436066
121.000000	2557.317871	313.704346
121.000000	2555.543457	314.952637
121.000000	2553.767090	306.700439
121.000000	2551.990723	309.306793
121.000000	2550.213379	311.911224
121.000000	2548.436035	310.446808
121.000000	2546.657715	327.955994
121.000000	2544.878418	342.743439
121.000000	2543.099121	319.601654
121.000000	2541.318848	334.381561
121.000000	2539.537598	341.031250
121.000000	2537.756348	340.912109
121.000000	2535.974121	346.202362
121.000000	2534.191895	347.433197
121.000000	2532.408691	333.797607
121.000000	2530.624512	351.242981
121.000000	2528.839355	325.461304
121.000000	2527.054199	340.197235
121.000000	2525.269043	341.427612
121.000000	2523.481934	307.581909
121.000000	2521.694824	334.445557
121.000000	2519.907715	334.328308
121.000000	2518.119629	320.734833
121.000000	2516.330566	332.746704
121.000000	2514.540527	329.936584
121.000000	2512.750488	352.706299
121.000000	2510.959473	337.779388
121.000000	2509.168457	325.553375
121.000000	2507.376465	361.748322
121.000000	2505.583496	373.720032
121.000000	2503.789551	360.150208
121.000000	2501.995605	360.023560
121.000000	2500.201660	358.553986
121.000000	2498.405762	366.482391
121.000000	2496.609863	366.353363
121.000000	2494.813965	386.346588
121.000000	2493.016113	333.911163
121.000000	2491.219238	349.879944
121.000000	2489.420410	369.857574
121.000000	2487.621582	376.425110
121.000000	2485.821777	378.970581
121.000000	2484.020996	357.418549
121.000000	2482.220215	354.616058
121.000000	2480.418457	399.972717
121.000000	2478.616699	406.517609
121.000000	2476.813965	371.618317
121.000000	2475.010254	354.115326
121.000000	2473.205566	356.661774
121.000000	2471.400879	372.559723
121.000000	2469.596191	383.106873
121.000000	2467.789551	360.286621
121.000000	2465.982910	381.501862
121.000000	2464.175293	416.036499
121.000000	2462.367676	397.227478
121.000000	2460.559082	427.734375
121.000000	2458.749512	399.610107
121.000000	2456.939941	403.463135
121.000000	2455.129395	413.968781
121.000000	2453.317871	433.781189
121.000000	2451.506348	422.986115
121.000000	2449.693848	408.209564
121.000000	2447.880371	398.760254
121.000000	2446.066895	421.207001
121.000000	2444.252441	410.431305
121.000000	2442.437012	420.907745
121.000000	2440.621582	455.268219
121.000000	2438.805176	420.608490
121.000000	2436.988770	415.153381
121.000000	2435.170410	433.568237
121.000000	2433.352051	393.651154
121.000000	2431.533691	446.509125
121.000000	2429.714355	426.482880
121.000000	2427.894043	448.839111
121.000000	2426.072754	406.325958
121.000000	2424.251465	435.288544
121.000000	2422.429199	453.649658
121.000000	2420.605957	462.742676
121.000000	2418.782715	438.787872
121.000000	2416.958496	426.740662
121.000000	2415.134277	458.285248
121.000000	2413.308105	471.323944
121.000000	2411.482910	451.359100
121.000000	2409.655762	453.836395
121.000000	2407.828613	460.268280
121.000000	2406.000488	436.373413
121.000000	2404.171387	473.117889
121.000000	2402.342285	465.044189
121.000000	2400.512207	447.757599
121.000000	2398.681152	447.597290
121.000000	2396.850098	479.020782
121.000000	2395.018066	474.902618
121.000000	2393.186035	469.472260
121.000000	2391.352051	464.045685
121.000000	2389.518066	488.847290
121.000000	2387.684082	453.203857
121.000000	2385.848145	458.293915
121.000000	2384.012207	506.699036
121.000000	2382.176270	489.458252
121.000000	2380.338379	477.476776
121.000000	2378.500488	464.192474
121.000000	2376.662598	458.782471
121.000000	2374.822754	473.031250
121.000000	2372.982910	502.988098
121.000000	2371.143066	477.928711
121.000000	2369.301270	482.992462
121.000000	2367.459473	508.987701
121.000000	2365.616699	481.336914
121.000000	2363.773926	525.618896
121.000000	2361.930176	492.753632
121.000000	2360.085449	497.802399
121.000000	2358.240723	502.847382
121.000000	2356.394043	498.749237
121.000000	2354.548340	442.447693
121.000000	2352.700684	457.944336
121.000000	2350.853027	509.947662
121.000000	2349.004395	490.207458
121.000000	2347.154785	487.423950
121.000000	2345.305176	483.339508
121.000000	2343.454590	507.909210
121.000000	2341.604004	531.159180
121.000000	2339.751465	515.350525
121.000000	2337.898926	502.154999
121.000000	2336.046387	527.982361
121.000000	2334.191895	505.691742
121.000000	2332.337402	541.894958
121.000000	2330.481934	535.203613
121.000000	2328.626465	516.829895
121.000000	2326.770020	525.729370
121.000000	2324.912598	555.384338
121.000000	2323.054199	530.537109
121.000000	2321.195801	519.971313
121.000000	2319.336426	562.557861
121.000000	2317.477051	523.481445
121.000000	2315.616699	568.626160
121.000000	2313.755371	539.934082
121.000000	2311.893066	542.326721
121.000000	2310.030762	520.134094
121.000000	2308.167480	554.866821
121.000000	2306.303223	561.129883
121.000000	2304.437988	532.491882
121.000000	2302.572754	543.926208
121.000000	2300.707520	550.185974
121.000000	2298.840332	571.933655
121.000000	2296.973145	540.751709
121.000000	2295.104980	553.455933
121.000000	2293.235840	559.702637
121.000000	2291.366699	568.522949
121.000000	2289.496582	574.759338
121.000000	2287.625488	595.161560
121.000000	2285.754395	570.477234
121.000000	2283.882324	626.909973
121.000000	2282.009277	599.658142
121.000000	2280.136230	612.302856
121.000000	2278.261230	577.360657
121.000000	2276.387207	587.433228
121.000000	2274.511230	592.358521
121.000000	2272.635254	633.245300
121.000000	2270.758301	582.937805
121.000000	2268.880371	595.560181
121.000000	2267.002441	623.569885
121.000000	2265.123535	632.320068
121.000000	2263.243652	633.370972
121.000000	2261.362793	610.069397
121.000000	2259.481934	629.064026
121.000000	2257.600098	618.587952
121.000000	2255.718262	629.883728
121.000000	2253.834473	648.849792
121.000000	2251.950684	624.305115
121.000000	2250.065918	608.730225
121.000000	2248.181152	605.950317
121.000000	2246.295410	622.340942
121.000000	2244.408691	629.777344
121.000000	2242.520996	674.240295
121.000000	2240.633301	621.656311
121.000000	2238.744629	664.813232
121.000000	2236.854980	641.608948
121.000000	2234.965332	594.194763
121.000000	2233.074707	656.433228
121.000000	2231.183105	662.562805
121.000000	2229.290527	703.077393
121.000000	2227.397949	621.332642
121.000000	2225.504395	630.013428
121.000000	2223.610840	681.945374
121.000000	2221.715332	694.412659
121.000000	2219.819824	638.217651
121.000000	2217.923340	696.443237
121.000000	2216.026855	644.099792
121.000000	2214.128418	674.341187
121.000000	2212.229980	666.475891
121.000000	2210.331543	682.727356
121.000000	2208.431152	683.744202
121.000000	2206.530762	655.594360
121.000000	2204.629395	697.183594
121.000000	2202.728027	666.515015
121.000000	2200.824707	694.135742
121.000000	2198.921387	696.411865
121.000000	2197.018066	699.951904
121.000000	2195.112793	681.979614
121.000000	2193.207520	665.285217
121.000000	2191.301270	639.752686
121.000000	2189.395020	674.904419
121.000000	2187.486816	701.186218
121.000000	2185.578613	714.819092
121.000000	2183.669434	693.092712
121.000000	2181.760254	678.954285
121.000000	2179.850098	727.902588
121.000000	2177.938965	684.756958
121.000000	2176.026855	718.539368
121.000000	2174.114746	729.614319
121.000000	2172.201660	720.526306
121.000000	2170.287598	695.075317
121.000000	2168.372559	757.754028
121.000000	2166.457520	739.857300
121.000000	2164.541504	755.934143
121.000000	2162.624512	709.132568
121.000000	2160.706543	757.886902
121.000000	2158.788574	732.477600
121.000000	2156.869629	705.831116
121.000000	2154.950684	741.977295
121.000000	2153.029785	746.721558
121.000000	2151.108887	735.153259
121.000000	2149.187012	717.323120
121.000000	2147.265137	768.453735
121.000000	2145.341309	754.383484
121.000000	2143.417480	752.850159
121.000000	2141.492676	756.326538
121.000000	2139.567871	788.589966
121.000000	2137.642090	794.552673
121.000000	2135.714355	744.224792
121.000000	2133.787598	726.442871
121.000000	2131.858887	742.420410
121.000000	2129.930176	772.129272
121.000000	2128.000488	764.347778
121.000000	2126.069824	791.529053
121.000000	2124.139160	751.297668
121.000000	2122.207520	782.205750
121.000000	2120.274902	771.937256
121.000000	2118.341309	795.334534
121.000000	2116.407715	812.483521
121.000000	2114.473145	823.391113
121.000000	2112.537598	784.481934
121.000000	2110.601074	830.244324
121.000000	2108.664551	818.735413
121.000000	2106.727051	788.577759
121.000000	2104.788574	782.066040
121.000000	2102.849121	815.331299
121.000000	2100.909668	759.117371
121.000000	2098.969238	792.365967
121.000000	2097.027832	800.759705
121.000000	2095.086426	855.064819
121.000000	2093.143066	868.390686
121.000000	2091.199707	828.382324
121.000000	2089.256348	852.864380
121.000000	2087.311035	842.631348
121.000000	2085.365723	896.818115
121.000000	2083.419434	858.096497
121.000000	2081.472168	841.683533
121.000000	2079.523926	851.266113
121.000000	2077.575684	871.972839
121.000000	2075.626465	858.045288
121.000000	2073.676270	873.789917
121.000000	2071.726074	858.636292
121.000000	2069.773926	848.433777
121.000000	2067.821777	944.407410
121.000000	2065.869629	910.732849
121.000000	2063.915527	895.587280
121.000000	2061.961426	865.655334
121.000000	2060.006348	862.864319
121.000000	2058.050293	876.093811
121.000000	2056.093262	874.532288
121.000000	2054.136230	844.652466
121.000000	2052.178223	892.335876
121.000000	2050.219238	933.831421
121.000000	2048.260254	864.606201
121.000000	2046.299438	885.180420
121.000000	2044.338501	876.244080
121.000000	2042.376587	916.453796
121.000000	2040.414673	922.248291
121.000000	2038.451782	885.073425
121.000000	2036.486938	919.098206
121.000000	2034.523071	938.377441
121.000000	2032.557251	930.666138
121.000000	2030.591431	904.574707
121.000000	2028.623657	950.792419
121.000000	2026.655884	911.240051
121.000000	2024.688110	941.503662
121.000000	2022.718384	922.789856
121.000000	2020.748657	970.153381
121.000000	2018.777954	955.111206
121.000000	2016.806274	920.520691
121.000000	2014.834595	917.728333
121.000000	2012.861938	968.685913
121.000000	2010.888306	937.792053
121.000000	2008.913696	958.187439
121.000000	2006.938110	962.705139
121.000000	2004.962524	1028.203979
121.000000	2002.985962	979.044922
121.000000	2001.008423	1038.393677
121.000000	1999.029907	1017.288635
121.000000	1997.051392	985.238770
121.000000	1995.071899	979.995483
121.000000	1993.091431	1022.215942
121.000000	1991.109985	995.065796
121.000000	1989.128540	966.720032
121.000000	1987.145142	1004.034607
121.000000	1985.161743	1007.298462
121.000000	1983.178345	1037.281128
121.000000	1981.192993	1017.460510
121.000000	1979.207642	1025.569580
121.000000	1977.221313	1013.047363
121.000000	1975.234009	1067.236694
121.000000	1973.245728	1015.913818
121.000000	1971.257446	1000.985168
121.000000	1969.268188	1040.579956
121.000000	1967.277954	1025.652710
121.000000	1965.286743	1038.577271
121.000000	1963.294556	1056.331787
121.000000	1961.302368	1041.414917
121.000000	1959.309204	1073.663208
121.000000	1957.315063	1056.333374
121.000000	1955.319946	1071.636719
121.000000	1953.324829	1112.289795
121.000000	1951.328735	1084.099121
121.000000	1949.331665	1058.343262
121.000000	1947.333618	1098.954102
121.000000	1945.334595	1084.064453
121.000000	1943.335571	1076.418213
121.000000	1941.335571	1102.515747
121.000000	1939.334595	1097.276733
121.000000	1937.332642	1069.165161
121.000000	1935.330688	1084.402710
121.000000	1933.327759	1108.050171
121.000000	1931.323853	1094.397583
121.000000	1929.318970	1137.257324
121.000000	1927.313110	1085.148560
121.000000	1925.307251	1114.764771
121.000000	1923.300415	1108.334106
121.000000	1921.292603	1116.312256
121.000000	1919.283813	1138.682495
121.000000	1917.274048	1116.656860
121.000000	1915.264282	1147.402100
121.000000	1913.253540	1107.411987
121.000000	1911.241821	1168.087524
121.000000	1909.229126	1128.119629
121.000000	1907.216431	1175.571899
121.000000	1905.202759	1184.694336
121.000000	1903.188110	1185.436157
121.000000	1901.172485	1183.785522
121.000000	1899.155884	1204.846313
121.000000	1897.139282	1200.799316
121.000000	1895.120728	1190.783325
121.000000	1893.102173	1248.827515
121.000000	1891.083618	1217.317993
121.000000	1889.063110	1202.534424
121.000000	1887.042603	1225.922852
121.000000	1885.020142	1267.174194
121.000000	1882.997681	1217.830688
121.000000	1880.975220	1216.171143
121.000000	1878.950806	1231.182373
121.000000	1876.926392	1249.752563
121.000000	1874.900024	1283.775146
121.000000	1872.873657	1261.873169
121.000000	1870.847290	1242.365356
121.000000	1868.818970	1245.452148
121.000000	1866.790649	1263.979492
121.000000	1864.760376	1337.117065
121.000000	1862.730103	1278.437012
121.000000	1860.699829	1296.929443
121.000000	1858.667603	1299.987671
121.000000	1856.635376	1340.984497
121.000000	1854.601196	1280.021729
121.000000	1852.567017	1345.873657
121.000000	1850.532837	1341.801270
121.000000	1848.496704	1297.481445
121.000000	1846.460571	1307.630859
121.000000	1844.422485	1333.150024
121.000000	1842.384399	1305.438354
121.000000	1840.345337	1385.310303
121.000000	1838.306274	1319.789795
121.000000	1836.265259	1401.955933
121.000000	1834.224243	1377.801147
121.000000	1832.182251	1365.466553
121.000000	1830.139282	1427.463501
121.000000	1828.095337	1319.598022
121.000000	1826.051392	1360.345703
121.000000	1824.006470	1422.271729
121.000000	1821.959595	1372.249390
121.000000	1819.913696	1367.008179
121.000000	1817.865845	1394.726196
121.000000	1815.817017	1436.540771
121.000000	1813.768188	1417.166870
121.000000	1811.718384	1390.753906
121.000000	1809.667603	1426.644653
121.000000	1807.615845	1388.500854
121.000000	1805.563110	1407.924438
121.000000	1803.510376	1393.292603
121.000000	1801.455688	1425.605347
121.000000	1799.401001	1419.187622
121.000000	1797.346313	1454.981812
121.000000	1795.289673	1428.633301
121.000000	1793.232056	1428.078369
121.000000	1791.174438	1427.523560
121.000000	1789.115845	1458.575073
121.000000	1787.056274	1461.518677
121.000000	1784.995728	1465.629150
121.000000	1782.934204	1454.536011
121.000000	1780.872681	1455.139038
121.000000	1778.810181	1403.166260
121.000000	1776.745728	1454.006836
121.000000	1774.682251	1496.635498
121.000000	1772.616821	1478.548340
121.000000	1770.550415	1477.972534
121.000000	1768.484009	1531.035522
121.000000	1766.416626	1512.955078
121.000000	1764.348267	1498.383667
121.000000	1762.278931	1482.658569
121.000000	1760.208618	1507.693848
121.000000	1758.137329	1560.640259
121.000000	1756.066040	1501.864868
121.000000	1753.993774	1490.812988
121.000000	1751.920532	1499.530640
121.000000	1749.846313	1546.586304
121.000000	1747.771118	1511.136963
121.000000	1745.695923	1482.681396
121.000000	1743.619751	1485.584106
121.000000	1741.541626	1522.128906
121.000000	1739.463501	1549.367065
121.000000	1737.385376	1603.246460
121.000000	1735.305298	1519.186157
121.000000	1733.225220	1549.867554
121.000000	1731.143188	1529.577148
121.000000	1729.061157	1549.812866
121.000000	1726.978149	1608.212769
121.000000	1724.894165	1559.009033
121.000000	1722.810181	1597.705566
121.000000	1720.724243	1563.566772
121.000000	1718.638306	1612.627075
121.000000	1716.551392	1588.901001
121.000000	1714.463501	1613.672485
121.000000	1712.374634	1621.116821
121.000000	1710.284790	1617.021362
121.000000	1708.194946	1639.445801
121.000000	1706.103149	1671.071899
121.000000	1704.011353	1663.504395
121.000000	1701.918579	1608.728516
121.000000	1699.824829	1699.034790
121.000000	1697.730103	1647.739136
121.000000	1695.635376	1665.495605
121.000000	1693.538696	1684.387451
121.000000	1691.442017	1612.469238
121.000000	1689.344360	1714.083496
121.000000	1687.245728	1700.777710
121.000000	1685.146118	1684.038086
121.000000	1683.046509	1769.438232
121.000000	1680.944946	1725.154907
121.000000	1678.843384	1796.711914
121.000000	1676.740845	1714.629028
121.000000	1674.637329	1724.265747
121.000000	1672.532837	1728.168213
121.000000	1670.427368	1695.433960
121.000000	1668.321899	1749.694824
121.000000	1666.214478	1761.588623
121.000000	1664.107056	1746.030151
121.000000	1661.998657	1756.772217
121.000000	1659.889282	1744.654663
121.000000	1657.778931	1767.950928
121.000000	1655.667603	1777.528687
121.000000	1653.556274	1833.887207
121.000000	1651.442993	1811.489990
121.000000	1649.329712	1785.689209
121.000000	1647.215454	1811.200928
121.000000	1645.100220	1818.461914
121.000000	1642.984009	1801.799072
121.000000	1640.867798	1774.902588
121.000000	1638.749634	1834.517700
121.000000	1636.631470	1847.444214
121.000000	1634.512329	1821.697388
121.000000	1632.392212	1766.416382
121.000000	1630.271118	1811.167969
121.000000	1628.149048	1814.995239
121.000000	1626.026001	1788.164673
121.000000	1623.902954	1857.820923
121.000000	1621.777954	1824.187134
121.000000	1619.652954	1784.909668
121.000000	1617.526978	1805.740723
121.000000	1615.400024	1840.151978
121.000000	1613.272095	1816.770508
121.000000	1611.143188	1783.217285
121.000000	1609.014282	1835.703491
121.000000	1606.884399	1833.844971
121.000000	1604.752563	1861.389771
121.000000	1602.620728	1809.783691
121.000000	1600.487915	1891.553345
121.000000	1598.354126	1862.565552
121.000000	1596.219360	1867.472290
121.000000	1594.084595	1867.860229
121.000000	1591.947876	1846.812134
121.000000	1589.811157	1797.587280
121.000000	1587.673462	1840.837402
121.000000	1585.534790	1871.657715
121.000000	1583.395142	1926.107178
121.000000	1581.254517	1882.556763
121.000000	1579.112915	1885.185425
121.000000	1576.971313	1901.311890
121.000000	1574.827759	1869.067871
121.000000	1572.684204	1913.290527
121.000000	1570.539673	1936.127441
121.000000	1568.394165	1909.522827
121.000000	1566.247681	1952.552612
121.000000	1564.100220	1922.594604
121.000000	1561.951782	1896.025635
121.000000	1559.803345	1900.878418
121.000000	1557.652954	1941.599243
121.000000	1555.502563	1954.272949
121.000000	1553.351196	1962.455688
121.000000	1551.198853	1944.878784
121.000000	1549.045532	1964.250122
121.000000	1546.891235	1879.558472
121.000000	1544.735962	1932.489624
121.000000	1542.580688	1980.906494
121.000000	1540.423462	1986.821289
121.000000	1538.266235	2002.783813
121.000000	1536.108032	2015.383545
121.000000	1533.948853	2004.534424
121.000000	1531.788696	1970.264526
121.000000	1529.627563	1966.132324
121.000000	1527.465454	2028.889526
121.000000	1525.302368	1999.106689
121.000000	1523.139282	2039.521973
121.000000	1520.974243	2060.975830
121.000000	1518.809204	2047.909424
121.000000	1516.643188	2033.740356
121.000000	1514.476196	2037.375732
121.000000	1512.308228	2039.896118
121.000000	1510.139282	2054.637451
121.000000	1507.969360	2114.907959
121.000000	1505.799438	2071.869385
121.000000	1503.627563	2142.072754
121.000000	1501.455688	2130.120850
121.000000	1499.281860	2090.453369
121.000000	1497.108032	2125.089844
121.000000	1494.933228	2069.941650
121.000000	1492.757446	2097.911621
121.000000	1490.580688	2107.035889
121.000000	1488.403931	2121.686523
121.000000	1486.225220	2104.240967
121.000000	1484.045532	2053.632568
121.000000	1481.865845	2114.713867
121.000000	1479.685181	2129.335693
121.000000	1477.502563	2120.749512
121.000000	1475.319946	2051.443604
121.000000	1473.136353	2093.663330
121.000000	1470.951782	2085.100342
121.000000	1468.766235	2087.571533
121.000000	1466.580688	2135.236084
121.000000	1464.393188	2100.219727
121.000000	1462.205688	2123.607910
121.000000	1460.016235	2102.936279
121.000000	1457.826782	2150.516357
121.000000	1455.636353	2070.442383
121.000000	1453.444946	2139.989990
121.000000	1451.251587	2174.305176
121.000000	1449.059204	2121.786865
121.000000	1446.864868	2128.621826
121.000000	1444.669556	2127.765137
121.000000	1442.473267	2163.125488
121.000000	1440.276978	2163.351562
121.000000	1438.078735	2118.616943
121.000000	1435.880493	2121.052002
121.000000	1433.681274	2174.983154
121.000000	1431.480103	2142.343994
121.000000	1429.278931	2141.480713
121.000000	1427.076782	2146.089355
121.000000	1424.873657	2118.969482
121.000000	1422.670532	2203.408447
121.000000	1420.465454	2191.589111
121.000000	1418.259399	2160.111572
121.000000	1416.053345	2174.530518
121.000000	1413.845337	2208.588623
121.000000	1411.637329	2333.196533
121.000000	1409.428345	2324.618408
121.000000	1407.217407	2295.328857
121.000000	1405.006470	2315.111328
121.000000	1402.794556	2240.087646
121.000000	1400.581665	2235.915283
121.000000	1398.367798	2250.252930
121.000000	1396.153931	2196.020508
121.000000	1393.938110	2216.888184
121.000000	1391.721313	2226.865234
121.000000	1389.504517	2180.314941
121.000000	1387.285767	2239.187988
121.000000	1385.067017	2180.722900
121.000000	1382.847290	2150.529785
121.000000	1380.625610	2220.193359
121.000000	1378.403931	2171.567627
121.000000	1376.181274	2184.783447
121.000000	1373.957642	2161.138428
121.000000	1371.733032	2241.516602
121.000000	1369.507446	2227.612793
121.000000	1367.281860	2233.205078
121.000000	1365.054321	2171.704102
121.000000	1362.825806	2223.823242
121.000000	1360.597290	2226.165039
121.000000	1358.366821	2253.361572
121.000000	1356.136353	2288.097656
121.000000	1353.904907	2275.290527
121.000000	1351.672485	2219.315918
121.000000	1349.438110	2243.231934
121.000000	1347.203735	2274.677979
121.000000	1344.968384	2281.301025
121.000000	1342.732056	2362.278076
121.000000	1340.494751	2324.692139
121.000000	1338.257446	2238.679932
121.000000	1336.018188	2328.185059
121.000000	1333.777954	2350.908936
121.000000	1331.537720	2311.235352
121.000000	1329.295532	2446.827637
121.000000	1327.053345	2374.907471
121.000000	1324.809204	2362.125244
121.000000	1322.565063	2362.237793
121.000000	1320.318970	2405.281982
121.000000	1318.072876	2410.739990
121.000000	1315.825806	2349.702148
121.000000	1313.577759	2389.481201
121.000000	1311.328735	2407.795898
121.000000	1309.078735	2387.534668
121.000000	1306.827759	2421.894531
121.000000	1304.575806	2374.886719
121.000000	1302.322876	2410.292236
121.000000	1300.069946	2311.996094
121.000000	1297.815063	2419.016357
121.000000	1295.559204	2396.659424
121.000000	1293.303345	2405.294434
121.000000	1291.045532	2412.854004
121.000000	1288.787720	2432.145996
121.000000	1286.528931	2368.214111
121.000000	1284.268188	2429.094238
121.000000	1282.007446	2447.288086
121.000000	1279.745728	2423.914062
121.000000	1277.483032	2397.363037
121.000000	1275.218384	2430.450195
121.000000	1272.953735	2376.249268
121.000000	1270.688110	2350.812500
121.000000	1268.421509	2349.851318
121.000000	1266.153931	2383.964355
121.000000	1263.886353	2381.926758
121.000000	1261.616821	2359.712646
121.000000	1259.346313	2381.039551
121.000000	1257.074829	2371.576172
121.000000	1254.803345	2361.059326
121.000000	1252.529907	2322.984131
121.000000	1250.255493	2352.767334
121.000000	1247.981079	2389.940918
121.000000	1245.704712	2379.431396
121.000000	1243.428345	2351.993896
121.000000	1241.151001	2346.797607
121.000000	1238.871704	2337.374512
121.000000	1236.592407	2362.846191
121.000000	1234.312134	2281.562744
121.000000	1232.029907	2331.331055
121.000000	1229.747681	2292.362305
121.000000	1227.464478	2368.470703
121.000000	1225.180298	2419.195557
121.000000	1222.895142	2393.946533
121.000000	1220.609009	2351.851074
121.000000	1218.321899	2286.607422
121.000000	1216.033813	2319.373779
121.000000	1213.744751	2274.200439
121.000000	1211.454712	2396.401367
121.000000	1209.163696	2258.655762
121.000000	1206.871704	2298.738525
121.000000	1204.579712	2314.611816
121.000000	1202.285767	2311.558594
121.000000	1199.990845	2310.607910
121.000000	1197.695923	2338.002930
121.000000	1195.399048	2346.485840
121.000000	1193.101196	2306.707764
121.000000	1190.803345	2389.642090
121.000000	1188.503540	2344.637451
121.000000	1186.203735	2375.102539
121.000000	1183.901978	2338.517578
121.000000	1181.600220	2355.350342
121.000000	1179.296509	2364.843750
121.000000	1176.992798	2313.663086
121.000000	1174.687134	2366.031494
121.000000	1172.381470	2332.657959
121.000000	1170.074829	2404.822754
121.000000	1167.767212	2417.406006
121.000000	1165.457642	2341.254883
121.000000	1163.148071	2438.365967
121.000000	1160.837524	2313.249512
121.000000	1158.526001	2375.887939
121.000000	1156.212524	2428.053467
121.000000	1153.899048	2384.343018
121.000000	1151.584595	2350.039307
121.000000	1149.269165	2475.004395
121.000000	1146.952759	2419.882812
121.000000	1144.635376	2435.521973
121.000000	1142.317017	2433.475830
121.000000	1139.997681	2493.775146
121.000000	1137.677368	2440.811768
121.000000	1135.356079	2486.521973
121.000000	1133.033813	2506.249023
121.000000	1130.710571	2507.286865
121.000000	1128.386353	2440.923096
121.000000	1126.061157	2457.533203
121.000000	1123.734985	2517.643799
121.000000	1121.407837	2488.639160
121.000000	1119.079712	2508.312744
121.000000	1116.750610	2509.343506
121.000000	1114.420532	2538.300049
121.000000	1112.089478	2548.621338
121.000000	1109.758423	2507.258789
121.000000	1107.425415	2579.567383
121.000000	1105.091431	2593.987305
121.000000	1102.756470	2567.106445
121.000000	1100.420532	2540.247070
121.000000	1098.083618	2544.350098
121.000000	1095.746704	2591.747803
121.000000	1093.407837	2622.617676
121.000000	1091.067993	2583.416504
121.000000	1088.727173	2618.381348
121.000000	1086.385376	2620.381836
121.000000	1084.043579	2619.293457
121.000000	1081.699829	2587.354492
121.000000	1079.355103	2638.704102
121.000000	1077.009399	2659.185059
121.000000	1074.663696	2719.704590
121.000000	1072.316040	2938.277344
121.000000	1069.967407	3721.091309
121.000000	1067.617798	5332.098145
121.000000	1065.267212	7373.445312
121.000000	1062.916626	9174.280273
121.000000	1060.564087	9015.759766
121.000000	1058.210571	7771.832520
121.000000	1055.856079	5846.153320
121.000000	1053.500610	4176.862305
121.000000	1051.145142	3450.971191
121.000000	1048.787720	3193.937012
121.000000	1046.429321	3069.970947
121.000000	1044.069946	2926.698486
121.000000	1041.709595	2773.333252
121.000000	1039.349243	2729.308350
121.000000	1036.986938	2710.826172
121.000000	1034.623657	2700.517090
121.000000	1032.259399	2639.245605
121.000000	1029.894165	2598.404297
121.000000	1027.527954	2662.507812
121.000000	1025.160767	2610.489990
121.000000	1022.793579	2636.878418
121.000000	1020.424438	2620.518066
121.000000	1018.054321	2573.665283
121.000000	1015.683228	2591.902588
121.000000	1013.311157	2653.812256
121.000000	1010.938110	2575.519043
121.000000	1008.564087	2603.882324
121.000000	1006.189087	2630.191895
121.000000	1003.813110	2641.263916
121.000000	1001.436157	2590.479004
121.000000	999.058228	2614.732178
121.000000	996.679321	2682.524902
121.000000	994.299438	2647.986328
121.000000	991.917603	2654.975830
121.000000	989.535767	2673.088135
121.000000	987.152954	2628.481201
121.000000	984.769165	2630.413330
121.000000	982.384399	2714.193359
121.000000	979.997681	2693.865234
121.000000	977.610962	2656.389160
121.000000	975.223267	2686.562012
121.000000	972.834595	2676.356689
121.000000	970.443970	2664.142578
121.000000	968.053345	2724.510986
121.000000	965.661743	2727.398682
121.000000	963.268188	2668.849121
121.000000	960.874634	2640.548828
121.000000	958.479126	2697.804443
121.000000	956.083618	2680.578613
121.000000	953.686157	2743.800537
121.000000	951.288696	2674.308350
121.000000	948.889282	2714.373047
121.000000	946.488892	2742.353760
121.000000	944.088501	2729.156738
121.000000	941.686157	2690.887451
121.000000	939.282837	2732.880859
121.000000	936.879517	2735.742188
121.000000	934.474243	2745.614502
121.000000	932.067993	2751.471436
121.000000	929.660767	2789.361084
121.000000	927.252563	2732.143799
121.000000	924.843384	2766.007080
121.000000	922.433228	2798.841064
121.000000	920.022095	2778.672119
121.000000	917.609985	2790.490723
121.000000	915.196899	2781.326416
121.000000	912.782837	2785.146240
121.000000	910.367798	2763.018555
121.000000	907.951782	2822.697021
121.000000	905.533813	2829.483398
121.000000	903.115845	2879.116455
121.000000	900.696899	2845.029541
121.000000	898.276001	2830.885498
121.000000	895.855103	2822.724365
121.000000	893.432251	2740.946777
121.000000	891.009399	2855.150146
121.000000	888.584595	2808.218750
121.000000	886.159790	2776.230713
121.000000	883.733032	2792.936768
121.000000	881.305298	2783.815186
121.000000	878.876587	2759.814697
121.000000	876.447876	2794.359863
121.000000	874.017212	2736.661377
121.000000	871.585571	2780.105713
121.000000	869.152954	2752.181641
121.000000	866.719360	2720.319580
121.000000	864.284790	2746.885742
121.000000	861.848267	2796.186279
121.000000	859.411743	2777.201172
121.000000	856.974243	2770.094482
121.000000	854.535767	2791.651123
121.000000	852.095337	2747.995361
121.000000	849.654907	2733.009277
121.000000	847.212524	2722.969727
121.000000	844.770142	2720.830322
121.000000	842.325806	2740.386230
121.000000	839.880493	2746.125244
121.000000	837.435181	2749.888184
121.000000	834.987915	2672.889404
121.000000	832.539673	2668.803223
121.000000	830.090454	2708.016602
121.000000	827.640259	2767.851562
121.000000	825.189087	2754.879639
121.000000	822.736938	2724.228271
121.000000	820.283813	2695.566650
121.000000	817.829712	2686.567383
121.000000	815.373657	2697.205566
121.000000	812.917603	2731.380127
121.000000	810.459595	2704.722900
121.000000	808.001587	2756.508545
121.000000	805.541626	2778.854248
121.000000	803.081665	2776.694336
121.000000	800.619751	2739.291016
121.000000	798.156860	2772.377930
121.000000	795.692993	2770.221436
121.000000	793.228149	2738.732666
121.000000	790.762329	2777.639648
121.000000	788.295532	2689.510986
121.000000	785.827759	2736.216553
121.000000	783.359009	2723.339111
121.000000	780.888306	2706.569092
121.000000	778.417603	2757.106689
121.000000	775.945923	2772.505615
121.000000	773.472290	2821.996338
121.000000	770.997681	2791.573730
121.000000	768.523071	2778.701172
121.000000	766.046509	2741.509033
121.000000	763.568970	2791.898438
121.000000	761.090454	2796.542969
121.000000	758.610962	2861.443848
121.000000	756.130493	2896.170898
121.000000	753.649048	2893.964844
121.000000	751.165649	2917.968994
121.000000	748.682251	2907.021240
121.000000	746.197876	2928.088379
121.000000	743.711548	2921.021729
121.000000	741.224243	2871.322021
121.000000	738.736938	2849.754639
121.000000	736.247681	2895.981201
121.000000	733.757446	2857.967041
121.000000	731.266235	2906.083984
121.000000	728.774048	2879.700439
121.000000	726.280884	2861.071533
121.000000	723.785767	2912.021484
121.000000	721.290649	2907.879395
121.000000	718.794556	2848.715576
121.000000	716.296509	2907.322754
121.000000	713.797485	2956.233887
121.000000	711.298462	2889.410156
121.000000	708.797485	2912.265869
121.000000	706.295532	2868.635254
121.000000	703.792603	2941.547852
121.000000	701.288696	2913.339600
121.000000	698.783813	3010.219971
121.000000	696.276978	3040.664307
121.000000	693.770142	3164.319580
121.000000	691.261353	3249.436035
121.000000	688.752563	3327.755859
121.000000	686.241821	3247.611084
121.000000	683.730103	3231.825195
121.000000	681.217407	3144.115234
121.000000	678.703735	3079.489502
121.000000	676.189087	2958.376709
121.000000	673.673462	2929.327637
121.000000	671.155884	2944.348145
121.000000	668.638306	2941.170166
121.000000	666.118774	2946.604248
121.000000	663.599243	2912.825439
121.000000	661.077759	2928.780029
121.000000	658.555298	2895.036377
121.000000	656.031860	2900.477783
121.000000	653.507446	2917.369385
121.000000	650.982056	2922.795166
121.000000	648.454712	2936.799561
121.000000	645.927368	3017.529785
121.000000	643.398071	3022.903076
121.000000	640.868774	2997.788086
121.000000	638.337524	3013.637451
121.000000	635.805298	2906.694580
121.000000	633.272095	2836.945801
121.000000	630.737915	2810.048828
121.000000	628.202759	2814.542236
121.000000	625.665649	2833.282959
121.000000	623.128540	2830.163086
121.000000	620.589478	2801.413818
121.000000	618.049438	2828.673584
121.000000	615.509399	2886.260986
121.000000	612.967407	2830.976074
121.000000	610.424438	2856.290527
121.000000	607.879517	2815.273438
121.000000	605.334595	2830.155762
121.000000	602.787720	2835.560059
121.000000	600.240845	2841.904785
121.000000	597.692017	2868.101562
121.000000	595.142212	2847.013916
121.000000	592.591431	2816.495605
121.000000	590.039673	2850.222412
121.000000	587.486938	2864.095215
121.000000	584.933228	2909.093994
121.000000	582.377563	2913.496338
121.000000	579.820923	2920.722168
121.000000	577.264282	2908.151367
121.000000	574.705688	2949.282227
121.000000	572.146118	2914.111084
121.000000	569.585571	2943.908447
121.000000	567.023071	3011.309082
121.000000	564.460571	2988.378662
121.000000	561.896118	2967.346924
121.000000	559.331665	2992.369141
121.000000	556.765259	2995.769287
121.000000	554.197876	2978.514160
121.000000	551.629517	2934.062500
121.000000	549.059204	3050.966064
121.000000	546.488892	3002.769775
121.000000	543.916626	3008.028076
121.000000	541.344360	3059.178223
121.000000	538.770142	3009.166016
121.000000	536.194946	3018.155762
121.000000	533.618774	2965.396973
121.000000	531.041626	3008.058105
121.000000	528.462524	3030.119141
121.000000	525.883423	3112.885742
121.000000	523.302368	3100.328857
121.000000	520.720337	3081.247803
121.000000	518.137329	3052.852295
121.000000	515.553345	3037.537354
121.000000	512.968384	3038.082275
121.000000	510.381439	3082.421143
121.000000	507.794525	3042.894287
121.000000	505.205658	2987.573975
121.000000	502.615814	3042.110840
121.000000	500.024994	3029.625977
121.000000	497.433197	277.075806
121.000000	494.839447	36.245827
121.000000	492.245697	2.786928
121.000000	489.649994	3.714287
121.000000	487.053314	3.712670
121.000000	484.455658	9.277636
121.000000	481.857025	9.273597
121.000000	479.257416	-8.342603
